--
-- PostgreSQL database dump
--

-- Dumped from database version 15.13
-- Dumped by pg_dump version 15.13

SET statement_timeout = 0;
SET lock_timeout = 0;
SET idle_in_transaction_session_timeout = 0;
SET client_encoding = 'UTF8';
SET standard_conforming_strings = on;
SELECT pg_catalog.set_config('search_path', '', false);
SET check_function_bodies = false;
SET xmloption = content;
SET client_min_messages = warning;
SET row_security = off;

SET default_tablespace = '';

SET default_table_access_method = heap;

--
-- Name: accounts_customuser; Type: TABLE; Schema: public; Owner: solid
--

CREATE TABLE public.accounts_customuser (
    id bigint NOT NULL,
    password character varying(128) NOT NULL,
    last_login timestamp with time zone,
    is_superuser boolean NOT NULL,
    username character varying(150) NOT NULL,
    first_name character varying(150) NOT NULL,
    last_name character varying(150) NOT NULL,
    is_staff boolean NOT NULL,
    is_active boolean NOT NULL,
    date_joined timestamp with time zone NOT NULL,
    email character varying(254) NOT NULL
);


ALTER TABLE public.accounts_customuser OWNER TO solid;

--
-- Name: accounts_customuser_groups; Type: TABLE; Schema: public; Owner: solid
--

CREATE TABLE public.accounts_customuser_groups (
    id bigint NOT NULL,
    customuser_id bigint NOT NULL,
    group_id integer NOT NULL
);


ALTER TABLE public.accounts_customuser_groups OWNER TO solid;

--
-- Name: accounts_customuser_groups_id_seq; Type: SEQUENCE; Schema: public; Owner: solid
--

ALTER TABLE public.accounts_customuser_groups ALTER COLUMN id ADD GENERATED BY DEFAULT AS IDENTITY (
    SEQUENCE NAME public.accounts_customuser_groups_id_seq
    START WITH 1
    INCREMENT BY 1
    NO MINVALUE
    NO MAXVALUE
    CACHE 1
);


--
-- Name: accounts_customuser_id_seq; Type: SEQUENCE; Schema: public; Owner: solid
--

ALTER TABLE public.accounts_customuser ALTER COLUMN id ADD GENERATED BY DEFAULT AS IDENTITY (
    SEQUENCE NAME public.accounts_customuser_id_seq
    START WITH 1
    INCREMENT BY 1
    NO MINVALUE
    NO MAXVALUE
    CACHE 1
);


--
-- Name: accounts_customuser_user_permissions; Type: TABLE; Schema: public; Owner: solid
--

CREATE TABLE public.accounts_customuser_user_permissions (
    id bigint NOT NULL,
    customuser_id bigint NOT NULL,
    permission_id integer NOT NULL
);


ALTER TABLE public.accounts_customuser_user_permissions OWNER TO solid;

--
-- Name: accounts_customuser_user_permissions_id_seq; Type: SEQUENCE; Schema: public; Owner: solid
--

ALTER TABLE public.accounts_customuser_user_permissions ALTER COLUMN id ADD GENERATED BY DEFAULT AS IDENTITY (
    SEQUENCE NAME public.accounts_customuser_user_permissions_id_seq
    START WITH 1
    INCREMENT BY 1
    NO MINVALUE
    NO MAXVALUE
    CACHE 1
);


--
-- Name: accounts_userprofile; Type: TABLE; Schema: public; Owner: solid
--

CREATE TABLE public.accounts_userprofile (
    address character varying(255) NOT NULL,
    document character varying(20) NOT NULL,
    phone character varying(20) NOT NULL,
    user_id bigint NOT NULL
);


ALTER TABLE public.accounts_userprofile OWNER TO solid;

--
-- Name: auth_group; Type: TABLE; Schema: public; Owner: solid
--

CREATE TABLE public.auth_group (
    id integer NOT NULL,
    name character varying(150) NOT NULL
);


ALTER TABLE public.auth_group OWNER TO solid;

--
-- Name: auth_group_id_seq; Type: SEQUENCE; Schema: public; Owner: solid
--

ALTER TABLE public.auth_group ALTER COLUMN id ADD GENERATED BY DEFAULT AS IDENTITY (
    SEQUENCE NAME public.auth_group_id_seq
    START WITH 1
    INCREMENT BY 1
    NO MINVALUE
    NO MAXVALUE
    CACHE 1
);


--
-- Name: auth_group_permissions; Type: TABLE; Schema: public; Owner: solid
--

CREATE TABLE public.auth_group_permissions (
    id bigint NOT NULL,
    group_id integer NOT NULL,
    permission_id integer NOT NULL
);


ALTER TABLE public.auth_group_permissions OWNER TO solid;

--
-- Name: auth_group_permissions_id_seq; Type: SEQUENCE; Schema: public; Owner: solid
--

ALTER TABLE public.auth_group_permissions ALTER COLUMN id ADD GENERATED BY DEFAULT AS IDENTITY (
    SEQUENCE NAME public.auth_group_permissions_id_seq
    START WITH 1
    INCREMENT BY 1
    NO MINVALUE
    NO MAXVALUE
    CACHE 1
);


--
-- Name: auth_permission; Type: TABLE; Schema: public; Owner: solid
--

CREATE TABLE public.auth_permission (
    id integer NOT NULL,
    name character varying(255) NOT NULL,
    content_type_id integer NOT NULL,
    codename character varying(100) NOT NULL
);


ALTER TABLE public.auth_permission OWNER TO solid;

--
-- Name: auth_permission_id_seq; Type: SEQUENCE; Schema: public; Owner: solid
--

ALTER TABLE public.auth_permission ALTER COLUMN id ADD GENERATED BY DEFAULT AS IDENTITY (
    SEQUENCE NAME public.auth_permission_id_seq
    START WITH 1
    INCREMENT BY 1
    NO MINVALUE
    NO MAXVALUE
    CACHE 1
);


--
-- Name: authtoken_token; Type: TABLE; Schema: public; Owner: solid
--

CREATE TABLE public.authtoken_token (
    key character varying(40) NOT NULL,
    created timestamp with time zone NOT NULL,
    user_id bigint NOT NULL
);


ALTER TABLE public.authtoken_token OWNER TO solid;

--
-- Name: carts_cart; Type: TABLE; Schema: public; Owner: solid
--

CREATE TABLE public.carts_cart (
    id bigint NOT NULL,
    created_at timestamp with time zone NOT NULL,
    updated_at timestamp with time zone NOT NULL,
    user_id bigint NOT NULL,
    coupon_id bigint
);


ALTER TABLE public.carts_cart OWNER TO solid;

--
-- Name: carts_cart_id_seq; Type: SEQUENCE; Schema: public; Owner: solid
--

ALTER TABLE public.carts_cart ALTER COLUMN id ADD GENERATED BY DEFAULT AS IDENTITY (
    SEQUENCE NAME public.carts_cart_id_seq
    START WITH 1
    INCREMENT BY 1
    NO MINVALUE
    NO MAXVALUE
    CACHE 1
);


--
-- Name: carts_cartitem; Type: TABLE; Schema: public; Owner: solid
--

CREATE TABLE public.carts_cartitem (
    id bigint NOT NULL,
    quantity integer NOT NULL,
    cart_id bigint NOT NULL,
    product_id bigint NOT NULL,
    CONSTRAINT carts_cartitem_quantity_check CHECK ((quantity >= 0))
);


ALTER TABLE public.carts_cartitem OWNER TO solid;

--
-- Name: carts_cartitem_id_seq; Type: SEQUENCE; Schema: public; Owner: solid
--

ALTER TABLE public.carts_cartitem ALTER COLUMN id ADD GENERATED BY DEFAULT AS IDENTITY (
    SEQUENCE NAME public.carts_cartitem_id_seq
    START WITH 1
    INCREMENT BY 1
    NO MINVALUE
    NO MAXVALUE
    CACHE 1
);


--
-- Name: carts_coupon; Type: TABLE; Schema: public; Owner: solid
--

CREATE TABLE public.carts_coupon (
    id bigint NOT NULL,
    code character varying(50) NOT NULL,
    valid_from timestamp with time zone NOT NULL,
    valid_to timestamp with time zone NOT NULL,
    discount_type character varying(15) NOT NULL,
    discount_value numeric(10,2) NOT NULL,
    max_discount_amount numeric(10,2),
    min_purchase_amount numeric(12,2) NOT NULL,
    uses_limit integer NOT NULL,
    uses_count integer NOT NULL,
    is_active boolean NOT NULL,
    CONSTRAINT carts_coupon_uses_count_check CHECK ((uses_count >= 0)),
    CONSTRAINT carts_coupon_uses_limit_check CHECK ((uses_limit >= 0))
);


ALTER TABLE public.carts_coupon OWNER TO solid;

--
-- Name: carts_coupon_id_seq; Type: SEQUENCE; Schema: public; Owner: solid
--

ALTER TABLE public.carts_coupon ALTER COLUMN id ADD GENERATED BY DEFAULT AS IDENTITY (
    SEQUENCE NAME public.carts_coupon_id_seq
    START WITH 1
    INCREMENT BY 1
    NO MINVALUE
    NO MAXVALUE
    CACHE 1
);


--
-- Name: carts_quote; Type: TABLE; Schema: public; Owner: solid
--

CREATE TABLE public.carts_quote (
    id bigint NOT NULL,
    created_at timestamp with time zone NOT NULL,
    updated_at timestamp with time zone NOT NULL,
    status character varying(20) NOT NULL,
    total numeric(12,2) NOT NULL,
    cart_id bigint,
    user_id bigint,
    customer_document character varying(30) NOT NULL,
    customer_email character varying(254) NOT NULL,
    customer_name character varying(150) NOT NULL,
    customer_phone character varying(30) NOT NULL,
    coupon_discount numeric(12,2) NOT NULL,
    coupon_id bigint
);


ALTER TABLE public.carts_quote OWNER TO solid;

--
-- Name: carts_quote_id_seq; Type: SEQUENCE; Schema: public; Owner: solid
--

ALTER TABLE public.carts_quote ALTER COLUMN id ADD GENERATED BY DEFAULT AS IDENTITY (
    SEQUENCE NAME public.carts_quote_id_seq
    START WITH 1
    INCREMENT BY 1
    NO MINVALUE
    NO MAXVALUE
    CACHE 1
);


--
-- Name: carts_quoteitem; Type: TABLE; Schema: public; Owner: solid
--

CREATE TABLE public.carts_quoteitem (
    id bigint NOT NULL,
    quantity integer NOT NULL,
    price_at_quote numeric(10,2) NOT NULL,
    product_id bigint NOT NULL,
    quote_id bigint NOT NULL,
    cost_at_quote numeric(10,2) NOT NULL,
    CONSTRAINT carts_quoteitem_quantity_check CHECK ((quantity >= 0))
);


ALTER TABLE public.carts_quoteitem OWNER TO solid;

--
-- Name: carts_quoteitem_id_seq; Type: SEQUENCE; Schema: public; Owner: solid
--

ALTER TABLE public.carts_quoteitem ALTER COLUMN id ADD GENERATED BY DEFAULT AS IDENTITY (
    SEQUENCE NAME public.carts_quoteitem_id_seq
    START WITH 1
    INCREMENT BY 1
    NO MINVALUE
    NO MAXVALUE
    CACHE 1
);


--
-- Name: django_admin_log; Type: TABLE; Schema: public; Owner: solid
--

CREATE TABLE public.django_admin_log (
    id integer NOT NULL,
    action_time timestamp with time zone NOT NULL,
    object_id text,
    object_repr character varying(200) NOT NULL,
    action_flag smallint NOT NULL,
    change_message text NOT NULL,
    content_type_id integer,
    user_id bigint NOT NULL,
    CONSTRAINT django_admin_log_action_flag_check CHECK ((action_flag >= 0))
);


ALTER TABLE public.django_admin_log OWNER TO solid;

--
-- Name: django_admin_log_id_seq; Type: SEQUENCE; Schema: public; Owner: solid
--

ALTER TABLE public.django_admin_log ALTER COLUMN id ADD GENERATED BY DEFAULT AS IDENTITY (
    SEQUENCE NAME public.django_admin_log_id_seq
    START WITH 1
    INCREMENT BY 1
    NO MINVALUE
    NO MAXVALUE
    CACHE 1
);


--
-- Name: django_celery_results_chordcounter; Type: TABLE; Schema: public; Owner: solid
--

CREATE TABLE public.django_celery_results_chordcounter (
    id integer NOT NULL,
    group_id character varying(255) NOT NULL,
    sub_tasks text NOT NULL,
    count integer NOT NULL,
    CONSTRAINT django_celery_results_chordcounter_count_check CHECK ((count >= 0))
);


ALTER TABLE public.django_celery_results_chordcounter OWNER TO solid;

--
-- Name: django_celery_results_chordcounter_id_seq; Type: SEQUENCE; Schema: public; Owner: solid
--

ALTER TABLE public.django_celery_results_chordcounter ALTER COLUMN id ADD GENERATED BY DEFAULT AS IDENTITY (
    SEQUENCE NAME public.django_celery_results_chordcounter_id_seq
    START WITH 1
    INCREMENT BY 1
    NO MINVALUE
    NO MAXVALUE
    CACHE 1
);


--
-- Name: django_celery_results_groupresult; Type: TABLE; Schema: public; Owner: solid
--

CREATE TABLE public.django_celery_results_groupresult (
    id integer NOT NULL,
    group_id character varying(255) NOT NULL,
    date_created timestamp with time zone NOT NULL,
    date_done timestamp with time zone NOT NULL,
    content_type character varying(128) NOT NULL,
    content_encoding character varying(64) NOT NULL,
    result text
);


ALTER TABLE public.django_celery_results_groupresult OWNER TO solid;

--
-- Name: django_celery_results_groupresult_id_seq; Type: SEQUENCE; Schema: public; Owner: solid
--

ALTER TABLE public.django_celery_results_groupresult ALTER COLUMN id ADD GENERATED BY DEFAULT AS IDENTITY (
    SEQUENCE NAME public.django_celery_results_groupresult_id_seq
    START WITH 1
    INCREMENT BY 1
    NO MINVALUE
    NO MAXVALUE
    CACHE 1
);


--
-- Name: django_celery_results_taskresult; Type: TABLE; Schema: public; Owner: solid
--

CREATE TABLE public.django_celery_results_taskresult (
    id integer NOT NULL,
    task_id character varying(255) NOT NULL,
    status character varying(50) NOT NULL,
    content_type character varying(128) NOT NULL,
    content_encoding character varying(64) NOT NULL,
    result text,
    date_done timestamp with time zone NOT NULL,
    traceback text,
    meta text,
    task_args text,
    task_kwargs text,
    task_name character varying(255),
    worker character varying(100),
    date_created timestamp with time zone NOT NULL,
    periodic_task_name character varying(255),
    date_started timestamp with time zone
);


ALTER TABLE public.django_celery_results_taskresult OWNER TO solid;

--
-- Name: django_celery_results_taskresult_id_seq; Type: SEQUENCE; Schema: public; Owner: solid
--

ALTER TABLE public.django_celery_results_taskresult ALTER COLUMN id ADD GENERATED BY DEFAULT AS IDENTITY (
    SEQUENCE NAME public.django_celery_results_taskresult_id_seq
    START WITH 1
    INCREMENT BY 1
    NO MINVALUE
    NO MAXVALUE
    CACHE 1
);


--
-- Name: django_content_type; Type: TABLE; Schema: public; Owner: solid
--

CREATE TABLE public.django_content_type (
    id integer NOT NULL,
    app_label character varying(100) NOT NULL,
    model character varying(100) NOT NULL
);


ALTER TABLE public.django_content_type OWNER TO solid;

--
-- Name: django_content_type_id_seq; Type: SEQUENCE; Schema: public; Owner: solid
--

ALTER TABLE public.django_content_type ALTER COLUMN id ADD GENERATED BY DEFAULT AS IDENTITY (
    SEQUENCE NAME public.django_content_type_id_seq
    START WITH 1
    INCREMENT BY 1
    NO MINVALUE
    NO MAXVALUE
    CACHE 1
);


--
-- Name: django_migrations; Type: TABLE; Schema: public; Owner: solid
--

CREATE TABLE public.django_migrations (
    id bigint NOT NULL,
    app character varying(255) NOT NULL,
    name character varying(255) NOT NULL,
    applied timestamp with time zone NOT NULL
);


ALTER TABLE public.django_migrations OWNER TO solid;

--
-- Name: django_migrations_id_seq; Type: SEQUENCE; Schema: public; Owner: solid
--

ALTER TABLE public.django_migrations ALTER COLUMN id ADD GENERATED BY DEFAULT AS IDENTITY (
    SEQUENCE NAME public.django_migrations_id_seq
    START WITH 1
    INCREMENT BY 1
    NO MINVALUE
    NO MAXVALUE
    CACHE 1
);


--
-- Name: django_session; Type: TABLE; Schema: public; Owner: solid
--

CREATE TABLE public.django_session (
    session_key character varying(40) NOT NULL,
    session_data text NOT NULL,
    expire_date timestamp with time zone NOT NULL
);


ALTER TABLE public.django_session OWNER TO solid;

--
-- Name: inventory_stockentry; Type: TABLE; Schema: public; Owner: solid
--

CREATE TABLE public.inventory_stockentry (
    id bigint NOT NULL,
    quantity integer NOT NULL,
    purchase_price numeric(10,2) NOT NULL,
    date timestamp with time zone NOT NULL,
    notes text NOT NULL,
    product_id bigint NOT NULL,
    CONSTRAINT inventory_stockentry_quantity_check CHECK ((quantity >= 0))
);


ALTER TABLE public.inventory_stockentry OWNER TO solid;

--
-- Name: inventory_stockentry_id_seq; Type: SEQUENCE; Schema: public; Owner: solid
--

ALTER TABLE public.inventory_stockentry ALTER COLUMN id ADD GENERATED BY DEFAULT AS IDENTITY (
    SEQUENCE NAME public.inventory_stockentry_id_seq
    START WITH 1
    INCREMENT BY 1
    NO MINVALUE
    NO MAXVALUE
    CACHE 1
);


--
-- Name: marketing_banner; Type: TABLE; Schema: public; Owner: solid
--

CREATE TABLE public.marketing_banner (
    id bigint NOT NULL,
    name character varying(100) NOT NULL,
    image character varying(100) NOT NULL,
    alt_text character varying(255) NOT NULL,
    link_url character varying(200),
    placement character varying(50) NOT NULL,
    "order" integer NOT NULL,
    is_active boolean NOT NULL,
    start_date timestamp with time zone,
    end_date timestamp with time zone,
    created_at timestamp with time zone NOT NULL,
    updated_at timestamp with time zone NOT NULL,
    CONSTRAINT marketing_banner_order_check CHECK (("order" >= 0))
);


ALTER TABLE public.marketing_banner OWNER TO solid;

--
-- Name: marketing_banner_id_seq; Type: SEQUENCE; Schema: public; Owner: solid
--

ALTER TABLE public.marketing_banner ALTER COLUMN id ADD GENERATED BY DEFAULT AS IDENTITY (
    SEQUENCE NAME public.marketing_banner_id_seq
    START WITH 1
    INCREMENT BY 1
    NO MINVALUE
    NO MAXVALUE
    CACHE 1
);


--
-- Name: products_brand; Type: TABLE; Schema: public; Owner: solid
--

CREATE TABLE public.products_brand (
    id bigint NOT NULL,
    name character varying(100) NOT NULL
);


ALTER TABLE public.products_brand OWNER TO solid;

--
-- Name: products_brand_id_seq; Type: SEQUENCE; Schema: public; Owner: solid
--

ALTER TABLE public.products_brand ALTER COLUMN id ADD GENERATED BY DEFAULT AS IDENTITY (
    SEQUENCE NAME public.products_brand_id_seq
    START WITH 1
    INCREMENT BY 1
    NO MINVALUE
    NO MAXVALUE
    CACHE 1
);


--
-- Name: products_category; Type: TABLE; Schema: public; Owner: solid
--

CREATE TABLE public.products_category (
    id bigint NOT NULL,
    name character varying(100) NOT NULL,
    description text NOT NULL,
    image character varying(100),
    display_order integer NOT NULL,
    is_active boolean NOT NULL,
    CONSTRAINT products_category_display_order_check CHECK ((display_order >= 0))
);


ALTER TABLE public.products_category OWNER TO solid;

--
-- Name: products_category_id_seq; Type: SEQUENCE; Schema: public; Owner: solid
--

ALTER TABLE public.products_category ALTER COLUMN id ADD GENERATED BY DEFAULT AS IDENTITY (
    SEQUENCE NAME public.products_category_id_seq
    START WITH 1
    INCREMENT BY 1
    NO MINVALUE
    NO MAXVALUE
    CACHE 1
);


--
-- Name: products_product; Type: TABLE; Schema: public; Owner: solid
--

CREATE TABLE public.products_product (
    id bigint NOT NULL,
    name character varying(200) NOT NULL,
    description text,
    purchase_price numeric(10,2),
    sale_price numeric(10,2) NOT NULL,
    stock integer NOT NULL,
    discount numeric(5,2) NOT NULL,
    created_at timestamp with time zone NOT NULL,
    updated_at timestamp with time zone NOT NULL,
    category_id bigint NOT NULL,
    subcategory_id bigint NOT NULL,
    is_featured boolean NOT NULL,
    is_active boolean NOT NULL,
    is_service boolean NOT NULL,
    average_cost numeric(10,2) NOT NULL,
    brand_id bigint,
    supplier_id bigint,
    reference_cop_cost numeric(12,2),
    reference_usd_cost numeric(10,2),
    incoming_stock integer NOT NULL,
    is_combo boolean NOT NULL,
    CONSTRAINT products_product_stock_check CHECK ((stock >= 0))
);


ALTER TABLE public.products_product OWNER TO solid;

--
-- Name: products_product_id_seq; Type: SEQUENCE; Schema: public; Owner: solid
--

ALTER TABLE public.products_product ALTER COLUMN id ADD GENERATED BY DEFAULT AS IDENTITY (
    SEQUENCE NAME public.products_product_id_seq
    START WITH 1
    INCREMENT BY 1
    NO MINVALUE
    NO MAXVALUE
    CACHE 1
);


--
-- Name: products_product_tags; Type: TABLE; Schema: public; Owner: solid
--

CREATE TABLE public.products_product_tags (
    id bigint NOT NULL,
    product_id bigint NOT NULL,
    tag_id bigint NOT NULL
);


ALTER TABLE public.products_product_tags OWNER TO solid;

--
-- Name: products_product_tags_id_seq; Type: SEQUENCE; Schema: public; Owner: solid
--

ALTER TABLE public.products_product_tags ALTER COLUMN id ADD GENERATED BY DEFAULT AS IDENTITY (
    SEQUENCE NAME public.products_product_tags_id_seq
    START WITH 1
    INCREMENT BY 1
    NO MINVALUE
    NO MAXVALUE
    CACHE 1
);


--
-- Name: products_productimage; Type: TABLE; Schema: public; Owner: solid
--

CREATE TABLE public.products_productimage (
    id bigint NOT NULL,
    image character varying(100) NOT NULL,
    alt_text character varying(200) NOT NULL,
    product_id bigint NOT NULL
);


ALTER TABLE public.products_productimage OWNER TO solid;

--
-- Name: products_productimage_id_seq; Type: SEQUENCE; Schema: public; Owner: solid
--

ALTER TABLE public.products_productimage ALTER COLUMN id ADD GENERATED BY DEFAULT AS IDENTITY (
    SEQUENCE NAME public.products_productimage_id_seq
    START WITH 1
    INCREMENT BY 1
    NO MINVALUE
    NO MAXVALUE
    CACHE 1
);


--
-- Name: products_subcategory; Type: TABLE; Schema: public; Owner: solid
--

CREATE TABLE public.products_subcategory (
    id bigint NOT NULL,
    name character varying(100) NOT NULL,
    category_id bigint NOT NULL,
    description text NOT NULL,
    image character varying(100),
    is_active boolean NOT NULL
);


ALTER TABLE public.products_subcategory OWNER TO solid;

--
-- Name: products_subcategory_id_seq; Type: SEQUENCE; Schema: public; Owner: solid
--

ALTER TABLE public.products_subcategory ALTER COLUMN id ADD GENERATED BY DEFAULT AS IDENTITY (
    SEQUENCE NAME public.products_subcategory_id_seq
    START WITH 1
    INCREMENT BY 1
    NO MINVALUE
    NO MAXVALUE
    CACHE 1
);


--
-- Name: products_supplier; Type: TABLE; Schema: public; Owner: solid
--

CREATE TABLE public.products_supplier (
    id bigint NOT NULL,
    name character varying(100) NOT NULL
);


ALTER TABLE public.products_supplier OWNER TO solid;

--
-- Name: products_supplier_id_seq; Type: SEQUENCE; Schema: public; Owner: solid
--

ALTER TABLE public.products_supplier ALTER COLUMN id ADD GENERATED BY DEFAULT AS IDENTITY (
    SEQUENCE NAME public.products_supplier_id_seq
    START WITH 1
    INCREMENT BY 1
    NO MINVALUE
    NO MAXVALUE
    CACHE 1
);


--
-- Name: products_tag; Type: TABLE; Schema: public; Owner: solid
--

CREATE TABLE public.products_tag (
    id bigint NOT NULL,
    name character varying(50) NOT NULL
);


ALTER TABLE public.products_tag OWNER TO solid;

--
-- Name: products_tag_id_seq; Type: SEQUENCE; Schema: public; Owner: solid
--

ALTER TABLE public.products_tag ALTER COLUMN id ADD GENERATED BY DEFAULT AS IDENTITY (
    SEQUENCE NAME public.products_tag_id_seq
    START WITH 1
    INCREMENT BY 1
    NO MINVALUE
    NO MAXVALUE
    CACHE 1
);


--
-- Name: sales_discount; Type: TABLE; Schema: public; Owner: solid
--

CREATE TABLE public.sales_discount (
    id bigint NOT NULL,
    percentage numeric(5,2) NOT NULL,
    start_date timestamp with time zone NOT NULL,
    end_date timestamp with time zone NOT NULL,
    category_id bigint,
    product_id bigint,
    subcategory_id bigint
);


ALTER TABLE public.sales_discount OWNER TO solid;

--
-- Name: sales_discount_id_seq; Type: SEQUENCE; Schema: public; Owner: solid
--

ALTER TABLE public.sales_discount ALTER COLUMN id ADD GENERATED BY DEFAULT AS IDENTITY (
    SEQUENCE NAME public.sales_discount_id_seq
    START WITH 1
    INCREMENT BY 1
    NO MINVALUE
    NO MAXVALUE
    CACHE 1
);


--
-- Name: token_blacklist_blacklistedtoken; Type: TABLE; Schema: public; Owner: solid
--

CREATE TABLE public.token_blacklist_blacklistedtoken (
    id bigint NOT NULL,
    blacklisted_at timestamp with time zone NOT NULL,
    token_id bigint NOT NULL
);


ALTER TABLE public.token_blacklist_blacklistedtoken OWNER TO solid;

--
-- Name: token_blacklist_blacklistedtoken_id_seq; Type: SEQUENCE; Schema: public; Owner: solid
--

ALTER TABLE public.token_blacklist_blacklistedtoken ALTER COLUMN id ADD GENERATED BY DEFAULT AS IDENTITY (
    SEQUENCE NAME public.token_blacklist_blacklistedtoken_id_seq
    START WITH 1
    INCREMENT BY 1
    NO MINVALUE
    NO MAXVALUE
    CACHE 1
);


--
-- Name: token_blacklist_outstandingtoken; Type: TABLE; Schema: public; Owner: solid
--

CREATE TABLE public.token_blacklist_outstandingtoken (
    id bigint NOT NULL,
    token text NOT NULL,
    created_at timestamp with time zone,
    expires_at timestamp with time zone NOT NULL,
    user_id bigint,
    jti character varying(255) NOT NULL
);


ALTER TABLE public.token_blacklist_outstandingtoken OWNER TO solid;

--
-- Name: token_blacklist_outstandingtoken_id_seq; Type: SEQUENCE; Schema: public; Owner: solid
--

ALTER TABLE public.token_blacklist_outstandingtoken ALTER COLUMN id ADD GENERATED BY DEFAULT AS IDENTITY (
    SEQUENCE NAME public.token_blacklist_outstandingtoken_id_seq
    START WITH 1
    INCREMENT BY 1
    NO MINVALUE
    NO MAXVALUE
    CACHE 1
);


--
-- Data for Name: accounts_customuser; Type: TABLE DATA; Schema: public; Owner: solid
--

COPY public.accounts_customuser (id, password, last_login, is_superuser, username, first_name, last_name, is_staff, is_active, date_joined, email) FROM stdin;
10	pbkdf2_sha256$1000000$li50UY7b86RYfysqdPN50J$SfW6Z2+gQkLuEi2hrHtBLSfwmD6skErnuomiRIuP6bE=	\N	f	josemelendres395@gmail.com	Jose	gomez	f	t	2026-06-06 02:28:56.671561+00	josemelendres395@gmail.com
3	pbkdf2_sha256$1000000$C2wOYHKAlKPjIIyMw4wK8j$HkA41iSpIa0JhpZniN8TD6W77aCuw+jxM2MP66EVpeE=	\N	f	Fisiofax			f	t	2025-06-24 16:41:09.705648+00	fisiofax@gmail.com
8	pbkdf2_sha256$1000000$PHxiSmvowi5TyWU1UxyMAt$vJwQLg+nLapYlQjtDtkzO0kuBLqSG502+4sdWL0feqE=	\N	f	Brigette	Brigette	Largache	f	t	2025-11-26 21:49:43.382884+00	brigettelargache95@gmail.com
4	pbkdf2_sha256$1000000$Ie9MfmvTOY0i4nbEFvsxhS$FXQfRR6BHCxjnJwJcERmnC8XnTB4kRbqWPh77mZJKWI=	\N	f	emilio			f	t	2025-06-30 02:44:21.110064+00	dairof7@hotmail.com
1	pbkdf2_sha256$1000000$arcd7LO1nAbCYewGsxr54q$SZ1h5Jqygkq9jXvdjFAT4W+Ym5tQmF15nEVhfMuqABk=	2026-06-20 19:23:39.187506+00	t	solid			t	t	2025-06-21 19:04:23.458893+00	dairof7@gmail.com
5	pbkdf2_sha256$1000000$7lCMKagUb4Jg0F7oUS2Guz$0syeQ5Ta2Xh9IdSj/+A6a6lv8bDqDbCT3sMav6D77l8=	\N	f	haalja27			f	t	2025-07-01 22:21:01.495108+00	haalja27@gmail.com
6	pbkdf2_sha256$1000000$Q2lHI8YyApcHh9ppUFXzFq$nsbPVFuU9v+WcQFySUyI7gcv4fMoCcsqVmPHlgQrpkk=	\N	f	JuanSebas	Sebastián	Martínez	f	t	2025-09-09 04:47:44.109904+00	3sebastian012@gmail.com
9	pbkdf2_sha256$1000000$uxORpwzNCmQCNs8bUuysCX$+wrrXmyVvY4gexvLXvN4sYY2AljUZvjBZXW0Z2/QxZs=	\N	f	Alfredo	Alfredo	López	f	t	2026-03-27 16:06:39.695174+00	systemredescauca@gmail.com
7	pbkdf2_sha256$1000000$u1o7rJDpZ9Ey4RMkqnV8dp$AFGRaqyalvO9cZoKHqhsquSLPaIqf9+ZmRP0VI878jE=	\N	f	Jao	JHONNY ALEJANDRO	VASQUEZ ROMERO	f	t	2025-09-20 20:30:43.224844+00	jhonnyvasquezr@hotmail.com
2	pbkdf2_sha256$1000000$SOOF1Bb3XVJ2v8kXAwU80H$TM73VWukfpTIRfRsSUW2z0mpZWol12vLfLfwdgKtGSc=	2026-05-13 14:46:00.899942+00	f	dairof7			t	t	2025-06-21 22:14:33+00	dairo.trabajos@gmail.com
\.


--
-- Data for Name: accounts_customuser_groups; Type: TABLE DATA; Schema: public; Owner: solid
--

COPY public.accounts_customuser_groups (id, customuser_id, group_id) FROM stdin;
\.


--
-- Data for Name: accounts_customuser_user_permissions; Type: TABLE DATA; Schema: public; Owner: solid
--

COPY public.accounts_customuser_user_permissions (id, customuser_id, permission_id) FROM stdin;
\.


--
-- Data for Name: accounts_userprofile; Type: TABLE DATA; Schema: public; Owner: solid
--

COPY public.accounts_userprofile (address, document, phone, user_id) FROM stdin;
			2
Calle 8 # 11-13	1232134	3112492421	3
			5
calle 6 # 11-66	1062384738	3013367420	4
			6
jhonnyvasquezr@hotmail.com		3143736327	7
			8
Cra 11 # 9-78	10742305	+573206847089	9
Oficina de interrapidisimo Cáceres Antioquia  Calle bolívar 50#89	1032256457	3001751521	10
\.


--
-- Data for Name: auth_group; Type: TABLE DATA; Schema: public; Owner: solid
--

COPY public.auth_group (id, name) FROM stdin;
\.


--
-- Data for Name: auth_group_permissions; Type: TABLE DATA; Schema: public; Owner: solid
--

COPY public.auth_group_permissions (id, group_id, permission_id) FROM stdin;
\.


--
-- Data for Name: auth_permission; Type: TABLE DATA; Schema: public; Owner: solid
--

COPY public.auth_permission (id, name, content_type_id, codename) FROM stdin;
1	Can add log entry	1	add_logentry
2	Can change log entry	1	change_logentry
3	Can delete log entry	1	delete_logentry
4	Can view log entry	1	view_logentry
5	Can add permission	2	add_permission
6	Can change permission	2	change_permission
7	Can delete permission	2	delete_permission
8	Can view permission	2	view_permission
9	Can add group	3	add_group
10	Can change group	3	change_group
11	Can delete group	3	delete_group
12	Can view group	3	view_group
13	Can add content type	4	add_contenttype
14	Can change content type	4	change_contenttype
15	Can delete content type	4	delete_contenttype
16	Can view content type	4	view_contenttype
17	Can add session	5	add_session
18	Can change session	5	change_session
19	Can delete session	5	delete_session
20	Can view session	5	view_session
21	Can add Token	6	add_token
22	Can change Token	6	change_token
23	Can delete Token	6	delete_token
24	Can view Token	6	view_token
25	Can add Token	7	add_tokenproxy
26	Can change Token	7	change_tokenproxy
27	Can delete Token	7	delete_tokenproxy
28	Can view Token	7	view_tokenproxy
29	Can add user	8	add_customuser
30	Can change user	8	change_customuser
31	Can delete user	8	delete_customuser
32	Can view user	8	view_customuser
33	Can add user profile	9	add_userprofile
34	Can change user profile	9	change_userprofile
35	Can delete user profile	9	delete_userprofile
36	Can view user profile	9	view_userprofile
37	Can add Categoría	10	add_category
38	Can change Categoría	10	change_category
39	Can delete Categoría	10	delete_category
40	Can view Categoría	10	view_category
41	Can add tag	11	add_tag
42	Can change tag	11	change_tag
43	Can delete tag	11	delete_tag
44	Can view tag	11	view_tag
45	Can add product	12	add_product
46	Can change product	12	change_product
47	Can delete product	12	delete_product
48	Can view product	12	view_product
49	Can add product image	13	add_productimage
50	Can change product image	13	change_productimage
51	Can delete product image	13	delete_productimage
52	Can view product image	13	view_productimage
53	Can add Subcategoría	14	add_subcategory
54	Can change Subcategoría	14	change_subcategory
55	Can delete Subcategoría	14	delete_subcategory
56	Can view Subcategoría	14	view_subcategory
57	Can add stock entry	15	add_stockentry
58	Can change stock entry	15	change_stockentry
59	Can delete stock entry	15	delete_stockentry
60	Can view stock entry	15	view_stockentry
61	Can add cart	16	add_cart
62	Can change cart	16	change_cart
63	Can delete cart	16	delete_cart
64	Can view cart	16	view_cart
65	Can add cart item	17	add_cartitem
66	Can change cart item	17	change_cartitem
67	Can delete cart item	17	delete_cartitem
68	Can view cart item	17	view_cartitem
69	Can add quote	18	add_quote
70	Can change quote	18	change_quote
71	Can delete quote	18	delete_quote
72	Can view quote	18	view_quote
73	Can add quote item	19	add_quoteitem
74	Can change quote item	19	change_quoteitem
75	Can delete quote item	19	delete_quoteitem
76	Can view quote item	19	view_quoteitem
77	Can add discount	20	add_discount
78	Can change discount	20	change_discount
79	Can delete discount	20	delete_discount
80	Can view discount	20	view_discount
81	Can add Banner	21	add_banner
82	Can change Banner	21	change_banner
83	Can delete Banner	21	delete_banner
84	Can view Banner	21	view_banner
85	Can add blacklisted token	22	add_blacklistedtoken
86	Can change blacklisted token	22	change_blacklistedtoken
87	Can delete blacklisted token	22	delete_blacklistedtoken
88	Can view blacklisted token	22	view_blacklistedtoken
89	Can add outstanding token	23	add_outstandingtoken
90	Can change outstanding token	23	change_outstandingtoken
91	Can delete outstanding token	23	delete_outstandingtoken
92	Can view outstanding token	23	view_outstandingtoken
93	Can add task result	24	add_taskresult
94	Can change task result	24	change_taskresult
95	Can delete task result	24	delete_taskresult
96	Can view task result	24	view_taskresult
97	Can add chord counter	25	add_chordcounter
98	Can change chord counter	25	change_chordcounter
99	Can delete chord counter	25	delete_chordcounter
100	Can view chord counter	25	view_chordcounter
101	Can add group result	26	add_groupresult
102	Can change group result	26	change_groupresult
103	Can delete group result	26	delete_groupresult
104	Can view group result	26	view_groupresult
105	Can add Cupón	27	add_coupon
106	Can change Cupón	27	change_coupon
107	Can delete Cupón	27	delete_coupon
108	Can view Cupón	27	view_coupon
109	Can add Marca	28	add_brand
110	Can change Marca	28	change_brand
111	Can delete Marca	28	delete_brand
112	Can view Marca	28	view_brand
113	Can add Proveedor	29	add_supplier
114	Can change Proveedor	29	change_supplier
115	Can delete Proveedor	29	delete_supplier
116	Can view Proveedor	29	view_supplier
117	Can add Gestión de Precios y Stock	30	add_productpricing
118	Can change Gestión de Precios y Stock	30	change_productpricing
119	Can delete Gestión de Precios y Stock	30	delete_productpricing
120	Can view Gestión de Precios y Stock	30	view_productpricing
\.


--
-- Data for Name: authtoken_token; Type: TABLE DATA; Schema: public; Owner: solid
--

COPY public.authtoken_token (key, created, user_id) FROM stdin;
\.


--
-- Data for Name: carts_cart; Type: TABLE DATA; Schema: public; Owner: solid
--

COPY public.carts_cart (id, created_at, updated_at, user_id, coupon_id) FROM stdin;
2	2025-06-24 16:41:10.189543+00	2025-06-24 16:41:10.189558+00	3	\N
5	2025-09-09 04:47:44.86413+00	2025-09-09 04:47:44.864146+00	6	\N
6	2025-09-20 20:30:43.774284+00	2025-09-20 20:30:43.774298+00	7	\N
10	2026-06-06 02:28:57.112022+00	2026-06-06 02:31:19.890866+00	10	\N
3	2025-06-30 02:44:21.603574+00	2025-10-01 03:24:38.04389+00	4	\N
1	2025-06-21 22:14:34.236957+00	2026-06-25 23:43:08.077498+00	2	\N
8	2026-03-21 21:34:32.528194+00	2026-03-26 02:12:18.616518+00	1	\N
7	2025-11-26 21:49:43.812163+00	2025-11-26 21:49:43.812178+00	8	\N
4	2025-07-01 22:21:02.134116+00	2025-12-23 01:37:29.33296+00	5	\N
9	2026-03-27 16:06:40.09424+00	2026-03-27 16:06:40.094254+00	9	\N
\.


--
-- Data for Name: carts_cartitem; Type: TABLE DATA; Schema: public; Owner: solid
--

COPY public.carts_cartitem (id, quantity, cart_id, product_id) FROM stdin;
201	1	7	5
\.


--
-- Data for Name: carts_coupon; Type: TABLE DATA; Schema: public; Owner: solid
--

COPY public.carts_coupon (id, code, valid_from, valid_to, discount_type, discount_value, max_discount_amount, min_purchase_amount, uses_limit, uses_count, is_active) FROM stdin;
1	EVER	2025-09-22 16:15:51+00	2025-12-22 16:15:59+00	fixed	20000.00	\N	50000.00	1	1	t
2	CARO	2025-09-25 00:18:10+00	2025-09-30 00:18:13+00	percentage	10.00	30000.00	80000.00	1	0	t
3	IMPOOR	2025-09-29 13:54:58+00	2025-10-29 13:55:00+00	fixed	20000.00	\N	130000.00	1	1	t
6	GUZTAVO	2025-12-02 00:48:39+00	2026-12-02 00:48:40+00	fixed	30000.00	\N	0.00	1	1	t
5	SOLID15	2025-11-22 22:13:16+00	2026-12-22 22:13:18+00	fixed	15000.00	\N	0.00	100	11	t
9	SOLID25	2025-12-31 15:24:57+00	2026-12-31 15:24:58+00	fixed	25000.00	\N	0.00	9	6	t
4	EVER10	2025-10-15 15:42:56+00	2026-11-15 15:42:59+00	fixed	10000.00	\N	0.00	6	6	t
8	SOLID40	2025-12-24 19:46:07+00	2026-12-24 19:46:08+00	fixed	40000.00	\N	0.00	10	4	t
12	SOLID20	2026-05-29 15:49:49+00	2027-05-29 15:49:51+00	fixed	20000.00	\N	0.00	100	1	t
11	SOLID35	2026-05-14 17:20:54+00	2026-12-14 17:20:56+00	fixed	35000.00	\N	0.00	100	2	t
7	SOLID10	2025-12-16 16:19:17+00	2026-12-16 16:19:18+00	fixed	10000.00	\N	0.00	50	25	t
10	SOLID5	2026-04-15 17:02:47+00	2027-04-15 17:02:49+00	fixed	5000.00	\N	0.00	100	18	t
\.


--
-- Data for Name: carts_quote; Type: TABLE DATA; Schema: public; Owner: solid
--

COPY public.carts_quote (id, created_at, updated_at, status, total, cart_id, user_id, customer_document, customer_email, customer_name, customer_phone, coupon_discount, coupon_id) FROM stdin;
19	2025-07-28 15:59:38.961714+00	2025-07-28 16:00:44.477152+00	paid	37000.00	1	\N	10499832	dairo.trabajos@gmail.com	dairo facundo	3013367420	0.00	\N
20	2025-07-28 17:03:39.277615+00	2025-07-28 17:07:16.729385+00	paid	37000.00	3	4	1062384738	dairof7@hotmail.com	emilio	3013367420	0.00	\N
5	2025-07-01 22:22:28.266536+00	2025-07-02 01:12:57.118185+00	shipped	165000.00	4	5					0.00	\N
2	2025-06-24 16:41:35.979989+00	2025-07-02 01:13:20.116773+00	cancelled	1069500.00	2	3					0.00	\N
4	2025-06-29 21:11:33.424682+00	2025-07-02 01:13:22.948994+00	cancelled	25000.00	1	2					0.00	\N
3	2025-06-24 16:48:47.46223+00	2025-07-02 01:13:23.917695+00	cancelled	370000.00	1	2					0.00	\N
1	2025-06-21 22:17:48.225818+00	2025-07-02 01:13:25.125817+00	cancelled	200000.00	1	2					0.00	\N
34	2025-09-07 22:47:31.033647+00	2025-09-07 22:47:32.743592+00	paid	165000.00	1	\N			Ibeth Ordóñez	3136146958	0.00	\N
21	2025-07-28 17:56:16.358985+00	2025-07-28 17:56:47.411472+00	paid	37000.00	1	\N	2342323	dairof7@gmail.com	emilio	3137116833	0.00	\N
6	2025-07-02 04:09:00.221642+00	2025-07-02 04:09:05.952858+00	shipped	76000.00	1	5		haalja27@gmail.com	haalja27		0.00	\N
7	2025-07-02 21:25:04.157297+00	2025-07-02 21:25:09.934817+00	shipped	79000.00	1	\N			Edgar Paton	300 2964819	0.00	\N
22	2025-08-06 18:18:54.942054+00	2025-08-06 18:27:44.907492+00	paid	51000.00	1	\N			Diana	3133894661	0.00	\N
8	2025-07-02 21:32:05.774633+00	2025-07-02 21:32:16.755144+00	shipped	147000.00	1	\N			Alexa - santa anita	310 3616308	0.00	\N
44	2025-09-23 22:45:15.475741+00	2025-09-23 22:45:17.941986+00	paid	170000.00	1	\N			andres cortez	3235152586	0.00	\N
23	2025-08-15 15:39:09.12293+00	2025-08-15 15:39:11.698595+00	paid	298000.00	1	\N			stefani	3172767267	0.00	\N
9	2025-07-02 21:33:50.786614+00	2025-07-02 21:33:54.357891+00	shipped	80000.00	1	\N			comprador FB-Wp	3234452610	0.00	\N
35	2025-09-08 22:47:54.461839+00	2025-09-08 22:47:56.109976+00	paid	288000.00	1	\N			Camilo - Facebook		0.00	\N
10	2025-07-02 21:40:40.370331+00	2025-07-02 21:40:43.075627+00	shipped	130000.00	1	\N			Ever Hernandez	318 8882107	0.00	\N
24	2025-08-15 15:40:08.587457+00	2025-08-15 15:40:10.74191+00	paid	195000.00	1	\N			ansizar duque	3207250275	0.00	\N
11	2025-07-08 18:23:15.656025+00	2025-07-08 18:23:20.777991+00	shipped	170000.00	1	\N			Ansizar	3207250275	0.00	\N
25	2025-08-15 16:50:44.85024+00	2025-08-15 16:50:48.602272+00	paid	50000.00	1	\N			flabius	3215205482	0.00	\N
12	2025-07-08 18:24:42.024905+00	2025-07-08 18:24:48.339734+00	shipped	25000.00	1	\N	1007492621		Juan Camilo Cortes	3206941090	0.00	\N
13	2025-07-19 00:04:43.364512+00	2025-07-19 00:04:47.464299+00	shipped	242000.00	1	\N			francisco	3025280317	0.00	\N
26	2025-08-16 15:41:57.954589+00	2025-08-16 15:41:59.790141+00	paid	165000.00	1	\N			Claider - facebook		0.00	\N
14	2025-07-19 00:05:23.864799+00	2025-07-19 00:05:26.073949+00	shipped	90000.00	1	\N			stiven		0.00	\N
27	2025-08-21 15:29:42.904552+00	2025-08-21 15:29:46.308041+00	paid	152000.00	1	\N			Diana ramos	3133894661	0.00	\N
15	2025-07-22 22:42:12.860379+00	2025-07-22 22:42:18.413747+00	shipped	370000.00	1	\N			Dios	3226811383	0.00	\N
45	2025-09-25 14:32:55.407868+00	2025-09-25 14:32:57.291956+00	paid	130000.00	1	\N			jhonatan - Facebook		0.00	\N
16	2025-07-22 22:44:42.702376+00	2025-07-22 22:45:00.688428+00	shipped	1069000.00	1	\N			diego	3145260350	0.00	\N
28	2025-08-23 16:04:19.704636+00	2025-08-23 16:04:28.345674+00	paid	211000.00	1	\N			flabius	3215205482	0.00	\N
17	2025-07-24 19:34:49.260814+00	2025-07-24 19:34:52.284965+00	shipped	37000.00	1	\N			Fabian Viveros	3116090766	0.00	\N
37	2025-09-14 17:16:59.191699+00	2025-09-14 17:17:06.837167+00	paid	127000.00	1	\N			militar palmira	3137116833	0.00	\N
18	2025-07-28 15:14:14.139948+00	2025-07-28 15:16:33.552159+00	paid	37000.00	1	\N	10499832	dairo.trabajos@gmail.com	dairo facundo	32345456	0.00	\N
29	2025-08-26 19:08:06.87982+00	2025-08-26 19:08:11.017943+00	paid	50000.00	1	\N			emilio		0.00	\N
36	2025-09-09 04:48:38.544658+00	2025-09-14 17:48:52.934624+00	cancelled	25000.00	5	6		3sebastian012@gmail.com	Sebastián Martínez		0.00	\N
30	2025-08-28 16:58:34.979248+00	2025-08-28 16:58:37.121344+00	paid	571000.00	1	\N			Andres Bolanos	3114619899	0.00	\N
31	2025-08-28 18:50:49.812164+00	2025-08-28 18:50:52.246242+00	paid	211000.00	1	\N			flabius	3215205482	0.00	\N
32	2025-09-07 22:40:03.291887+00	2025-09-07 22:40:07.853452+00	paid	1200000.00	1	\N	34617078	ing.ibeth.ordonez@gmail.com	Ibeth Ordóñez	3136146958	0.00	\N
33	2025-09-07 22:45:19.474377+00	2025-09-07 22:46:41.725813+00	paid	76000.00	1	\N			Jose Velazco	3148968910	0.00	\N
46	2025-10-01 03:24:38.02564+00	2025-10-01 03:38:28.863003+00	cancelled	262000.00	3	4	1062384738	dairof7@hotmail.com	emilio	3013367420	0.00	\N
39	2025-09-16 15:07:36.218948+00	2025-09-16 15:07:40.243646+00	paid	30000.00	1	\N			Diego Velazco	3136848709	0.00	\N
38	2025-09-16 00:53:20.027994+00	2025-09-16 16:35:58.37745+00	paid	280000.00	1	\N			chilangos	311 7221772	0.00	\N
40	2025-09-18 13:50:26.191137+00	2025-09-18 13:50:35.172864+00	paid	190000.00	1	\N			Jose Velazco	314 8968910	0.00	\N
47	2025-10-01 15:46:53.23258+00	2025-10-01 15:46:57.08991+00	paid	480000.00	1	\N			Gustavo Bolanos	3105272962	0.00	\N
41	2025-09-19 00:20:05.610554+00	2025-09-19 00:20:08.272914+00	paid	1150000.00	1	\N	1062301896	atenas.2010@hotmail.es	Ingrid Vanesa Penagos	3128881282	0.00	\N
42	2025-09-19 21:49:50.31823+00	2025-09-19 21:49:51.920737+00	paid	150000.00	1	\N			Alejandra Suarez		0.00	\N
43	2025-09-22 16:17:28.827122+00	2025-09-22 16:17:31.015423+00	paid	190000.00	1	\N			Ever Hernandez		20000.00	1
48	2025-10-03 18:53:54.834723+00	2025-10-03 18:53:56.795113+00	paid	80000.00	1	\N			Aramis	3013859363	0.00	\N
49	2025-10-03 20:38:23.684978+00	2025-10-03 20:38:28.173458+00	paid	110000.00	1	\N		aimer.marin@gmail.com	Aimer Marin	311 3310147	20000.00	3
50	2025-10-04 21:02:13.959981+00	2025-10-04 21:02:16.686862+00	paid	65000.00	1	\N		dairo.trabajos@gmail.com	Wilson	313 5964849	0.00	\N
51	2025-10-09 15:59:44.607162+00	2025-10-09 15:59:49.891879+00	paid	140000.00	1	\N			Local		0.00	\N
52	2025-10-10 00:00:37.841162+00	2025-10-10 00:00:45.212484+00	paid	538000.00	1	\N			Jose Velasco		0.00	\N
53	2025-10-10 22:13:52.390696+00	2025-10-10 22:13:54.235301+00	paid	140000.00	1	\N			Doneys		0.00	\N
54	2025-10-11 17:05:15.036975+00	2025-10-11 17:05:18.899599+00	paid	80000.00	1	\N	10302818	jhonchalarcam@gmail.com	Lorenz	3218159875	0.00	\N
55	2025-10-14 14:20:13.808054+00	2025-10-14 14:20:15.598775+00	paid	211000.00	1	\N			Jeny Franco		0.00	\N
56	2025-10-14 23:52:34.443001+00	2025-10-14 23:52:36.285423+00	paid	62000.00	1	\N			Lorenz		0.00	\N
57	2025-10-15 15:43:31.194482+00	2025-10-15 15:43:34.809674+00	paid	95000.00	1	\N					10000.00	4
58	2025-10-20 14:37:32.962294+00	2025-10-20 14:37:34.258705+00	paid	130000.00	1	\N			Local		0.00	\N
59	2025-10-22 23:31:40.071838+00	2025-10-22 23:31:42.225191+00	paid	211000.00	1	\N			Carlos Onn		0.00	\N
60	2025-10-24 16:34:07.060483+00	2025-10-24 16:34:09.24458+00	paid	252000.00	1	\N			Predicador		0.00	\N
61	2025-10-24 16:34:48.885471+00	2025-10-24 16:34:50.590417+00	paid	442000.00	1	\N			Vicente		0.00	\N
62	2025-10-24 16:52:29.735182+00	2025-10-24 16:52:31.833884+00	paid	145000.00	1	\N			Brenda USA		0.00	\N
63	2025-10-24 17:07:56.377948+00	2025-10-24 17:07:58.349715+00	paid	220000.00	1	\N			Ever Hernandez		0.00	\N
64	2025-10-24 23:18:00.140538+00	2025-10-24 23:18:01.462767+00	paid	130000.00	1	\N			Vecina reposteria		0.00	\N
65	2025-10-25 17:05:36.876473+00	2025-10-25 17:05:39.262075+00	paid	140000.00	1	\N			Cliente Proyector		0.00	\N
66	2025-10-25 21:50:22.109174+00	2025-10-25 21:50:23.509494+00	paid	252000.00	1	\N			Jessica Apto		0.00	\N
67	2025-10-27 14:24:50.695951+00	2025-10-27 14:24:53.997548+00	paid	75000.00	1	\N		carocvs0912@gmail.com	Carolina Perdomo	3182642369	0.00	\N
68	2025-10-29 21:41:53.725392+00	2025-10-29 21:41:58.359596+00	paid	105000.00	1	\N			Soldado		0.00	\N
69	2025-10-29 21:44:59.369569+00	2025-10-29 21:45:01.74822+00	paid	50000.00	1	\N					0.00	\N
70	2025-10-29 22:37:45.461407+00	2025-10-29 22:37:47.36243+00	paid	280000.00	1	\N					0.00	\N
71	2025-10-31 15:33:10.715193+00	2025-10-31 15:33:13.217813+00	paid	81000.00	1	\N			Jhon		0.00	\N
72	2025-10-31 15:33:30.683409+00	2025-10-31 15:33:32.600176+00	paid	81000.00	1	\N			Interrapidisimo		0.00	\N
73	2025-10-31 15:36:47.805209+00	2025-10-31 15:36:49.088284+00	paid	105000.00	1	\N					0.00	\N
74	2025-11-01 22:40:51.27111+00	2025-11-01 22:40:53.462132+00	paid	155000.00	1	\N					10000.00	4
75	2025-11-02 18:32:04.384671+00	2025-11-02 18:32:07.655205+00	paid	200000.00	1	\N			Ibeth Ordóñez		0.00	\N
76	2025-11-04 15:48:26.970967+00	2025-11-04 15:48:28.795792+00	paid	95000.00	1	\N			Ever Hernandez - Aimer		10000.00	4
77	2025-11-06 03:40:12.463851+00	2025-11-06 03:40:14.076779+00	paid	468000.00	1	\N			Jose Velazco		0.00	\N
78	2025-11-06 03:40:33.880038+00	2025-11-06 03:40:39.860209+00	paid	234000.00	1	\N			Carolina Escobar		0.00	\N
79	2025-11-06 03:41:32.5681+00	2025-11-06 03:41:33.732187+00	paid	15000.00	1	\N					0.00	\N
80	2025-11-06 03:41:49.301314+00	2025-11-06 03:41:51.372265+00	paid	15000.00	1	\N			Eiden		0.00	\N
81	2025-11-06 15:40:03.920494+00	2025-11-06 15:40:06.37894+00	paid	140000.00	1	\N			Doneys		0.00	\N
82	2025-11-06 17:06:50.885637+00	2025-11-06 17:07:08.077797+00	paid	368000.00	1	\N		herreramiguel1425@gmail.com	Miguel Herrera	3017216034	0.00	\N
83	2025-11-07 23:10:13.574553+00	2025-11-07 23:16:31.607766+00	cancelled	1687000.00	1	\N					0.00	\N
88	2025-11-12 22:32:44.609463+00	2025-11-12 22:32:56.318038+00	paid	344000.00	1	\N			local		0.00	\N
89	2025-11-12 22:33:09.760338+00	2025-11-12 22:33:11.394875+00	paid	42000.00	1	\N			local		0.00	\N
90	2025-11-13 20:28:13.365353+00	2025-11-13 20:28:16.105159+00	paid	90200.00	1	\N			local		0.00	\N
91	2025-11-13 20:28:49.596543+00	2025-11-13 20:28:51.494842+00	paid	90200.00	1	\N			local		0.00	\N
93	2025-11-15 15:58:03.657971+00	2025-11-15 15:58:05.363802+00	paid	122900.00	1	\N					0.00	\N
92	2025-11-15 15:53:29.006904+00	2025-11-15 15:58:06.376427+00	paid	25000.00	1	\N					0.00	\N
94	2025-11-15 15:59:27.274866+00	2025-11-15 15:59:28.877409+00	paid	90000.00	1	\N					0.00	\N
95	2025-11-15 16:14:01.502124+00	2025-11-15 16:14:03.363597+00	paid	79900.00	1	\N					0.00	\N
96	2025-11-18 01:22:27.093953+00	2025-11-18 01:22:29.158228+00	paid	175000.00	1	\N					0.00	\N
106	2025-11-22 22:13:40.229424+00	2025-11-22 22:13:42.436814+00	paid	410500.00	1	\N					15000.00	5
97	2025-11-18 16:16:26.020764+00	2025-11-18 20:03:42.993592+00	cancelled	130000.00	1	\N					0.00	\N
98	2025-11-19 19:43:20.298398+00	2025-11-19 19:43:22.201875+00	paid	399000.00	1	\N			jhon		0.00	\N
99	2025-11-19 22:29:10.385787+00	2025-11-19 22:29:11.938351+00	paid	80000.00	1	\N					0.00	\N
100	2025-11-19 22:55:06.074471+00	2025-11-19 22:58:30.733944+00	paid	80000.00	1	\N			vecina casa tio		0.00	\N
101	2025-11-19 22:58:40.57024+00	2025-11-19 22:58:42.075385+00	paid	140000.00	1	\N					0.00	\N
102	2025-11-19 23:32:52.459382+00	2025-11-19 23:32:54.861359+00	paid	390000.00	1	\N			amigo metalero		0.00	\N
103	2025-11-21 16:01:55.514219+00	2025-11-21 16:01:57.320136+00	paid	250000.00	1	\N			local		0.00	\N
104	2025-11-22 16:16:29.454402+00	2025-11-22 16:16:34.051967+00	paid	124900.00	1	\N			arcos		0.00	\N
105	2025-11-22 19:45:16.317377+00	2025-11-22 19:45:18.33414+00	paid	503200.00	1	\N			Ever Hernandez		0.00	\N
107	2025-11-22 22:13:54.94034+00	2025-11-22 22:13:56.575694+00	paid	82800.00	1	\N					0.00	\N
108	2025-11-25 18:50:28.796695+00	2025-11-25 18:50:30.088591+00	paid	50600.00	1	\N					0.00	\N
109	2025-12-01 15:37:02.473465+00	2025-12-01 15:37:04.703586+00	paid	70500.00	1	\N					0.00	\N
111	2025-12-02 00:47:36.842511+00	2025-12-02 00:47:38.686427+00	paid	50000.00	1	\N					0.00	\N
110	2025-12-02 00:47:15.405309+00	2025-12-02 00:47:39.580491+00	paid	195000.00	1	\N					0.00	\N
112	2025-12-02 00:49:10.746479+00	2025-12-02 00:49:14.129642+00	paid	280000.00	1	\N					30000.00	6
113	2025-12-04 14:21:34.007981+00	2025-12-04 14:21:53.847126+00	paid	235400.00	1	\N		dairof7@gmail.com	Digna Mercedez Bastidas	3128350806	0.00	\N
114	2025-12-04 14:26:43.204139+00	2025-12-04 14:26:44.443196+00	paid	126100.00	1	\N					0.00	\N
115	2025-12-06 20:58:57.305769+00	2025-12-06 20:58:59.603442+00	paid	150000.00	1	\N					25000.00	4
116	2025-12-08 19:17:26.544392+00	2025-12-08 19:17:31.983673+00	paid	175000.00	1	\N			Rivera		0.00	\N
117	2025-12-08 19:17:58.333537+00	2025-12-09 16:51:21.659288+00	paid	81000.00	1	\N					0.00	\N
118	2025-12-09 16:51:13.584406+00	2025-12-09 16:51:22.709089+00	paid	152000.00	1	\N			lorenz		0.00	\N
119	2025-12-10 14:57:11.279757+00	2025-12-10 14:57:13.422815+00	paid	145000.00	1	\N					0.00	\N
120	2025-12-10 21:03:50.316503+00	2025-12-10 21:03:53.525587+00	paid	197000.00	1	\N			Juan Manuel Paz	3137992424	0.00	\N
122	2025-12-10 22:51:24.021373+00	2025-12-10 22:51:24.021421+00	pending	1109000.00	1	\N		dairof7@gmail.com	Frank Nander		0.00	\N
123	2025-12-10 23:04:48.612574+00	2025-12-10 23:04:48.612587+00	pending	1426000.00	1	\N		dairof7@gmail.com	Frank Nander		0.00	\N
121	2025-12-10 22:35:25.06605+00	2025-12-10 23:53:18.677955+00	cancelled	1432000.00	1	\N		dairof7@gmail.com	Frank Nander	3013367420	0.00	\N
124	2025-12-11 16:52:29.707472+00	2025-12-11 16:52:31.619689+00	paid	108000.00	1	\N					0.00	\N
125	2025-12-11 23:29:05.455655+00	2025-12-11 23:29:09.405461+00	paid	275000.00	1	\N			Pili		15000.00	5
126	2025-12-14 20:41:41.684706+00	2025-12-14 20:41:44.436744+00	paid	175000.00	1	\N			Arce		0.00	\N
85	2025-11-07 23:19:21.910007+00	2025-12-15 23:07:33.624734+00	cancelled	1770000.00	1	\N		Dairof7@gmail.com			0.00	\N
127	2025-12-14 20:43:52.921909+00	2025-12-14 20:44:18.823864+00	paid	315000.00	1	\N			Ever		35000.00	4
128	2025-12-15 20:36:27.551717+00	2025-12-15 20:36:28.994296+00	paid	120000.00	1	\N					0.00	\N
86	2025-11-08 22:49:52.734775+00	2025-12-15 23:07:31.225457+00	cancelled	1820000.00	1	\N		Dairof7@gmail.com	Jaime Mendez		0.00	\N
84	2025-11-07 23:16:26.252919+00	2025-12-15 23:07:34.722443+00	cancelled	1204000.00	1	\N		Dairof7@gmail.com			0.00	\N
87	2025-11-08 23:28:27.429903+00	2025-12-15 23:07:51.604826+00	cancelled	1790000.00	1	\N		Dairof7@gmail.com	Jaime Mendez		0.00	\N
129	2025-12-15 23:20:19.062881+00	2025-12-15 23:20:20.507081+00	paid	145000.00	1	\N					0.00	\N
130	2025-12-15 23:21:37.524611+00	2025-12-15 23:21:39.319958+00	paid	135000.00	1	\N			Ever		10000.00	4
131	2025-12-16 00:02:41.606135+00	2025-12-16 00:02:42.709228+00	paid	50000.00	1	\N					0.00	\N
132	2025-12-16 15:23:57.073116+00	2025-12-16 15:23:58.737872+00	paid	175000.00	1	\N			Carlos Rivera		0.00	\N
133	2025-12-16 16:19:50.13991+00	2025-12-16 16:19:51.594851+00	paid	165000.00	1	\N					10000.00	7
134	2025-12-16 21:28:54.812374+00	2025-12-16 21:28:56.846222+00	paid	175000.00	1	\N			Yeni franco		0.00	\N
135	2025-12-17 13:29:29.341651+00	2025-12-17 13:29:31.10276+00	paid	50000.00	1	\N					0.00	\N
136	2025-12-17 23:55:15.006888+00	2025-12-17 23:55:17.233237+00	paid	81000.00	1	\N					0.00	\N
137	2025-12-18 15:04:22.226229+00	2025-12-18 15:04:25.544591+00	paid	145000.00	1	\N					0.00	\N
138	2025-12-18 16:24:27.145834+00	2025-12-18 16:24:29.724568+00	paid	81000.00	1	\N			Cristian Viafara		0.00	\N
139	2025-12-18 20:25:34.988066+00	2025-12-18 20:25:37.651773+00	paid	200000.00	1	\N					0.00	\N
140	2025-12-18 20:25:58.990893+00	2025-12-18 20:26:01.446562+00	paid	70500.00	1	\N					0.00	\N
141	2025-12-18 23:22:10.211835+00	2025-12-18 23:22:12.726843+00	paid	360000.00	1	\N			comedor - cliente		10000.00	7
142	2025-12-19 15:58:06.22208+00	2025-12-19 15:58:07.312136+00	paid	253800.00	1	\N			Victor Mosquera		0.00	\N
143	2025-12-19 19:14:52.705373+00	2025-12-19 19:14:53.977981+00	paid	40000.00	1	\N			r36 cliente		0.00	\N
144	2025-12-20 14:19:17.82317+00	2025-12-20 14:19:24.129351+00	paid	81000.00	1	\N			freezer		0.00	\N
145	2025-12-20 15:55:52.476153+00	2025-12-20 15:56:09.761962+00	paid	80000.00	1	\N					0.00	\N
146	2025-12-20 19:28:12.935617+00	2025-12-20 19:28:14.472658+00	paid	415000.00	1	\N			Julian Benitez		0.00	\N
147	2025-12-20 20:54:57.331571+00	2025-12-20 20:54:58.815924+00	paid	80000.00	1	\N					10000.00	7
148	2025-12-20 21:03:17.305926+00	2025-12-20 21:03:19.323764+00	paid	145000.00	1	\N			domi gordo		0.00	\N
149	2025-12-21 00:58:29.152235+00	2025-12-21 00:58:31.001624+00	paid	122200.00	1	\N			Luisa Grijalba		0.00	\N
150	2025-12-22 18:30:22.774363+00	2025-12-22 18:51:10.717765+00	cancelled	540000.00	1	\N		dairof7@gmail.com	Efren SantaCruz	3226600862	0.00	\N
177	2026-01-08 23:00:53.458668+00	2026-01-09 23:32:15.753194+00	paid	340000.00	1	\N			Michael steven segura monsalve 	3117250244	10000.00	7
154	2025-12-23 19:40:55.474288+00	2025-12-23 19:43:46.567062+00	cancelled	394000.00	1	\N			Hayder Jaramillo		0.00	\N
152	2025-12-23 01:37:29.321788+00	2025-12-23 19:43:51.834304+00	cancelled	120000.00	4	5		haalja27@gmail.com	haalja27		0.00	\N
155	2025-12-23 19:46:57.874073+00	2025-12-23 19:47:00.642831+00	paid	395000.00	1	5		haalja27@gmail.com	haalja27		0.00	\N
156	2025-12-23 23:44:36.964324+00	2025-12-23 23:44:39.896352+00	paid	342000.00	1	\N		dairof7@gmail.com	Yimmy 		0.00	\N
153	2025-12-23 18:48:15.760301+00	2025-12-23 23:46:27.778484+00	cancelled	171000.00	1	\N					0.00	\N
157	2025-12-24 18:58:45.795493+00	2025-12-24 18:58:46.917908+00	paid	90000.00	1	\N					0.00	\N
158	2025-12-24 19:46:47.386137+00	2025-12-24 19:46:49.110752+00	paid	315000.00	1	\N					40000.00	8
159	2025-12-24 21:33:52.364155+00	2025-12-24 21:33:54.072246+00	paid	152000.00	1	\N					0.00	\N
160	2025-12-24 23:05:52.240576+00	2025-12-24 23:05:58.490242+00	paid	160000.00	1	\N					15000.00	5
161	2025-12-24 23:06:50.081917+00	2025-12-24 23:06:51.634217+00	paid	50000.00	1	\N					0.00	\N
162	2025-12-26 14:30:02.9005+00	2025-12-26 14:30:20.455365+00	paid	50000.00	1	\N					0.00	\N
163	2025-12-26 18:34:45.13755+00	2025-12-26 18:34:46.636765+00	paid	90000.00	1	\N					0.00	\N
164	2025-12-27 04:34:59.350987+00	2025-12-27 04:35:01.140116+00	paid	145000.00	1	\N			pili		0.00	\N
165	2025-12-30 21:01:52.99549+00	2025-12-30 21:01:56.071275+00	paid	190000.00	1	\N					10000.00	7
166	2025-12-31 15:25:21.734241+00	2025-12-31 15:25:23.441527+00	paid	101100.00	1	\N					25000.00	9
167	2026-01-02 21:00:23.958882+00	2026-01-02 21:00:25.037659+00	paid	256500.00	1	\N					0.00	\N
168	2026-01-02 21:00:41.484527+00	2026-01-02 21:00:42.675706+00	paid	45000.00	1	\N					0.00	\N
169	2026-01-02 21:00:55.301474+00	2026-01-02 21:00:56.358245+00	paid	200000.00	1	\N					0.00	\N
170	2026-01-03 22:09:47.093195+00	2026-01-03 22:09:48.497854+00	paid	350000.00	1	\N			Cliente onn		0.00	\N
171	2026-01-03 22:10:21.218921+00	2026-01-03 22:10:22.18689+00	paid	81000.00	1	\N			cliente control game sir		0.00	\N
172	2026-01-03 22:10:35.156529+00	2026-01-03 22:10:36.131816+00	paid	10000.00	1	\N					0.00	\N
173	2026-01-03 22:11:28.328894+00	2026-01-03 22:11:30.194288+00	paid	470000.00	1	\N					10000.00	7
174	2026-01-08 22:16:44.724511+00	2026-01-08 22:16:46.664261+00	paid	370000.00	1	\N		Gabrielajivi04@gmail.com	Gabriela vivas		0.00	\N
175	2026-01-08 22:17:30.524594+00	2026-01-08 22:17:31.588273+00	paid	67500.00	1	\N					0.00	\N
176	2026-01-08 22:17:40.501481+00	2026-01-08 22:17:41.734006+00	paid	370000.00	1	\N					0.00	\N
178	2026-01-09 21:37:26.687215+00	2026-01-09 21:37:28.267976+00	paid	175000.00	1	\N					0.00	\N
179	2026-01-10 16:44:28.641465+00	2026-01-10 16:44:32.113944+00	paid	540000.00	1	\N					40000.00	8
180	2026-01-10 16:44:47.571941+00	2026-01-10 16:44:48.734313+00	paid	50000.00	1	\N					0.00	\N
182	2026-01-15 14:24:56.467935+00	2026-01-15 14:24:57.888454+00	paid	40000.00	1	\N					0.00	\N
183	2026-01-16 01:03:40.757047+00	2026-01-16 01:03:42.304207+00	paid	175000.00	1	\N			Jeny Franco		0.00	\N
181	2026-01-15 00:26:26.259304+00	2026-01-16 01:03:58.699792+00	cancelled	288000.00	1	\N					0.00	\N
185	2026-01-18 14:55:14.678472+00	2026-01-18 14:55:17.937574+00	paid	126100.00	1	\N			Cristian Viafara		0.00	\N
184	2026-01-16 01:04:14.137754+00	2026-01-18 14:55:30.910113+00	paid	370000.00	1	\N					10000.00	7
186	2026-01-18 17:03:43.648004+00	2026-01-18 17:03:45.022122+00	paid	171000.00	1	\N					0.00	\N
187	2026-01-19 16:08:13.076331+00	2026-01-19 16:08:14.725068+00	paid	195000.00	1	\N					0.00	\N
188	2026-01-20 20:15:16.165791+00	2026-01-20 20:15:18.591386+00	paid	25000.00	1	\N	10495583	ed.hfps@gmail.com	HFPS	3188882107	0.00	\N
189	2026-01-22 14:50:50.600733+00	2026-01-22 14:50:53.000281+00	paid	55000.00	1	\N					0.00	\N
190	2026-01-22 15:12:11.976793+00	2026-01-22 15:12:13.616431+00	paid	25000.00	1	\N					10000.00	7
191	2026-01-22 19:26:50.207173+00	2026-01-22 19:26:51.362091+00	paid	27000.00	1	\N					0.00	\N
192	2026-01-22 20:03:41.224747+00	2026-01-22 20:03:47.858709+00	paid	120000.00	1	\N	34605454	paoi0776@yahoo.com	Paula Andrea Orozco	3218521154	0.00	\N
193	2026-01-22 20:50:54.222545+00	2026-01-22 20:50:55.475311+00	paid	175000.00	1	\N					0.00	\N
194	2026-01-22 20:51:09.14792+00	2026-01-22 20:51:10.146532+00	paid	210000.00	1	\N			Ibeth		0.00	\N
195	2026-01-23 20:18:37.627296+00	2026-01-23 20:18:39.557805+00	paid	141100.00	1	\N			Chayan		10000.00	7
196	2026-01-24 19:24:00.230135+00	2026-01-24 19:24:01.567299+00	paid	45000.00	1	\N					0.00	\N
198	2026-01-25 19:10:57.823366+00	2026-01-25 19:10:59.173646+00	paid	85000.00	1	\N					0.00	\N
197	2026-01-25 19:07:09.532396+00	2026-01-25 19:10:59.935822+00	paid	135000.00	1	\N					10000.00	7
199	2026-01-27 16:19:42.083002+00	2026-01-27 16:19:43.609357+00	paid	145000.00	1	\N			Jouse		0.00	\N
200	2026-01-27 16:20:14.702861+00	2026-01-27 16:20:16.739191+00	paid	45000.00	1	\N					0.00	\N
201	2026-01-28 16:06:34.992204+00	2026-01-28 16:06:36.248264+00	paid	290000.00	1	\N			Daniel Escobar	3226084755	0.00	\N
207	2026-02-02 15:21:08.61699+00	2026-02-02 15:21:09.630771+00	paid	81000.00	1	\N					0.00	\N
203	2026-01-28 18:36:59.097024+00	2026-01-28 22:02:11.998576+00	cancelled	490000.00	1	\N		luztrochez@gmail.com	Luz Dary Perez	3236065201	0.00	\N
204	2026-01-29 16:45:23.020413+00	2026-01-29 16:45:24.787609+00	paid	145000.00	1	\N			saperocos		0.00	\N
151	2025-12-22 18:52:12.726843+00	2026-01-29 19:50:03.056956+00	cancelled	420000.00	1	\N		dairof7@gmail.com	Efren SantaCruz	3226600862	0.00	\N
205	2026-01-29 20:19:03.288881+00	2026-01-29 20:19:08.691183+00	paid	375000.00	1	\N	1101174752	angelluz8722@gmail.com	Jose Luis Barrera Quintero	3159200917	0.00	\N
202	2026-01-28 16:48:52.274259+00	2026-01-30 21:43:31.523637+00	cancelled	350000.00	1	\N					0.00	\N
206	2026-02-02 14:38:26.885169+00	2026-02-02 15:20:53.992666+00	cancelled	742000.00	1	\N		hectorfabiochoco@gmail.com	Hector choco		0.00	\N
208	2026-02-03 16:27:45.934867+00	2026-02-03 16:27:47.401235+00	paid	109200.00	1	\N					0.00	\N
209	2026-02-04 02:05:57.159592+00	2026-02-04 02:05:58.64891+00	paid	150000.00	1	\N			pimpa		0.00	\N
210	2026-02-04 16:09:12.513442+00	2026-02-04 16:12:12.003883+00	paid	130000.00	1	\N					15000.00	5
211	2026-02-04 16:13:54.240795+00	2026-02-04 16:13:55.518208+00	paid	135000.00	1	\N			Ever Hernandez		15000.00	5
212	2026-02-04 16:14:09.089846+00	2026-02-04 16:14:10.500411+00	paid	135000.00	1	\N			Ever Hernandez		15000.00	5
213	2026-02-04 21:17:40.947192+00	2026-02-04 21:17:42.517321+00	paid	180000.00	1	\N			papa eduardo		0.00	\N
214	2026-02-07 15:32:31.027922+00	2026-02-07 15:32:32.687947+00	paid	150000.00	1	\N			Ever Hernandez		0.00	\N
215	2026-02-07 15:32:41.932905+00	2026-02-07 15:32:42.817288+00	paid	32000.00	1	\N					0.00	\N
216	2026-02-07 15:33:01.628515+00	2026-02-07 15:33:03.102465+00	paid	242200.00	1	\N					10000.00	7
217	2026-02-07 15:33:12.537594+00	2026-02-07 15:33:13.842854+00	paid	25000.00	1	\N					0.00	\N
218	2026-02-07 18:21:25.014968+00	2026-02-07 18:21:26.151866+00	paid	85500.00	1	\N					0.00	\N
219	2026-02-07 21:46:49.515129+00	2026-02-07 21:46:50.65639+00	paid	150000.00	1	\N					0.00	\N
220	2026-02-07 22:53:15.440688+00	2026-02-07 22:53:19.085075+00	paid	375000.00	1	\N	1101174752	angelluz8722@gmail.com	Jose Luis Barrera Quintero	3159200917	0.00	\N
221	2026-02-08 15:33:38.101746+00	2026-02-08 15:33:39.40417+00	paid	121000.00	1	\N					0.00	\N
222	2026-02-12 22:33:12.190847+00	2026-02-12 22:33:13.871178+00	paid	175000.00	1	\N					25000.00	9
223	2026-02-12 22:33:27.758117+00	2026-02-12 22:33:30.088636+00	paid	140000.00	1	\N					10000.00	7
224	2026-02-14 19:34:42.642268+00	2026-02-14 19:34:43.819511+00	paid	40000.00	1	\N					0.00	\N
226	2026-02-15 14:38:36.228661+00	2026-02-15 14:38:38.090468+00	paid	33200.00	1	\N					0.00	\N
225	2026-02-15 14:38:26.867051+00	2026-02-15 14:38:38.947258+00	paid	180000.00	1	\N					0.00	\N
227	2026-02-15 14:41:04.079205+00	2026-02-15 14:41:05.245619+00	paid	40000.00	1	\N					0.00	\N
228	2026-02-16 14:26:17.86523+00	2026-02-16 14:26:19.599975+00	paid	30000.00	1	\N					0.00	\N
229	2026-02-17 15:58:31.590337+00	2026-02-17 15:58:32.920336+00	paid	180000.00	1	\N			poke		0.00	\N
230	2026-02-17 15:59:32.07112+00	2026-02-17 15:59:33.505517+00	paid	103700.00	1	\N					0.00	\N
231	2026-02-21 17:00:59.851636+00	2026-02-21 17:01:01.306343+00	paid	231000.00	1	\N			Aleja		0.00	\N
232	2026-02-21 17:04:13.902706+00	2026-02-21 17:04:14.991656+00	paid	20000.00	1	\N					0.00	\N
233	2026-02-23 14:08:09.221597+00	2026-02-23 14:08:45.013721+00	paid	50000.00	1	\N					0.00	\N
234	2026-02-23 14:10:10.591073+00	2026-02-23 14:10:12.148028+00	paid	252200.00	1	\N					0.00	\N
235	2026-02-23 14:12:33.19096+00	2026-02-23 14:12:34.996603+00	paid	78000.00	1	\N					0.00	\N
236	2026-02-23 19:45:41.586334+00	2026-02-23 19:45:43.143236+00	paid	90000.00	1	\N					0.00	\N
237	2026-02-25 14:42:37.634856+00	2026-02-25 14:42:39.199391+00	paid	90000.00	1	\N			daisy		0.00	\N
239	2026-02-28 18:23:34.329251+00	2026-02-28 18:23:36.304422+00	paid	245000.00	1	\N					15000.00	5
238	2026-02-27 19:17:04.536016+00	2026-02-28 18:24:38.140535+00	cancelled	2015000.00	1	\N	891500084-7	ed.hfps@gmail.com	Hospital Francisco de Paula Santander		0.00	\N
240	2026-02-28 18:46:23.024622+00	2026-02-28 19:35:50.777438+00	paid	150000.00	1	\N					0.00	\N
241	2026-02-28 19:36:10.363543+00	2026-02-28 19:36:12.305155+00	paid	237200.00	1	\N					15000.00	5
242	2026-03-02 15:01:43.642741+00	2026-03-02 15:01:45.600717+00	paid	380000.00	1	\N			Rocha		0.00	\N
243	2026-03-03 17:21:51.286388+00	2026-03-03 17:21:52.382136+00	paid	57000.00	1	\N					0.00	\N
244	2026-03-05 15:08:36.291271+00	2026-03-05 15:08:37.193842+00	paid	50000.00	1	\N			Ever Hernandez		0.00	\N
245	2026-03-05 15:09:14.220004+00	2026-03-05 15:09:15.403994+00	paid	24000.00	1	\N					0.00	\N
246	2026-03-05 16:07:36.781756+00	2026-03-05 16:07:38.133964+00	paid	33200.00	1	\N					0.00	\N
247	2026-03-05 19:37:04.210924+00	2026-03-05 19:37:06.043121+00	paid	180000.00	1	\N					10000.00	7
248	2026-03-07 15:56:07.703716+00	2026-03-07 15:56:09.326929+00	paid	150000.00	1	\N					0.00	\N
249	2026-03-07 15:56:21.108895+00	2026-03-07 15:56:24.083608+00	paid	300200.00	1	\N					10000.00	7
250	2026-03-07 16:48:54.797661+00	2026-03-07 16:48:55.79002+00	paid	250000.00	1	\N					0.00	\N
251	2026-03-07 20:47:42.165342+00	2026-03-07 20:47:43.631842+00	paid	195000.00	1	\N					0.00	\N
252	2026-03-07 20:47:51.559322+00	2026-03-07 20:47:52.758485+00	paid	180000.00	1	\N					0.00	\N
253	2026-03-07 22:14:42.026251+00	2026-03-07 22:14:43.007665+00	paid	80000.00	1	\N					0.00	\N
254	2026-03-07 22:16:11.139925+00	2026-03-07 22:16:12.682983+00	paid	12000.00	1	\N					0.00	\N
255	2026-03-09 15:34:48.876994+00	2026-03-09 15:34:48.877005+00	pending	90000.00	1	\N			Macario Ortiz	3217442438	0.00	\N
257	2026-03-12 19:50:56.572153+00	2026-03-12 19:50:57.855631+00	paid	390000.00	1	\N			Julian		0.00	\N
258	2026-03-13 16:09:20.111167+00	2026-03-13 16:09:22.313417+00	paid	90000.00	1	\N			ventarron		0.00	\N
259	2026-03-13 21:20:44.316085+00	2026-03-14 16:17:50.987776+00	paid	65800.00	1	\N			rubencho		0.00	\N
260	2026-03-14 16:18:16.521218+00	2026-03-14 16:18:17.684382+00	paid	210000.00	1	\N			Lorenz		0.00	\N
261	2026-03-14 16:19:30.619488+00	2026-03-14 16:19:32.105915+00	paid	25000.00	1	\N			Claudia Bernate		0.00	\N
256	2026-03-09 20:44:05.504433+00	2026-03-14 21:51:31.995958+00	paid	540000.00	1	\N		Ingridramos450@gmail.com	Ingrid Ramos	3107148229	0.00	\N
263	2026-03-15 15:29:17.460488+00	2026-03-15 15:29:18.902451+00	paid	35000.00	1	\N					0.00	\N
262	2026-03-15 15:29:10.634363+00	2026-03-15 15:29:20.506188+00	paid	55000.00	1	\N					0.00	\N
266	2026-03-17 14:58:02.060422+00	2026-03-17 14:58:02.060432+00	pending	15308500.00	1	\N		ed.hfps@gmail.com	Hospital Francisco de Paula Santander		0.00	\N
265	2026-03-15 17:23:23.368708+00	2026-03-17 16:02:48.365722+00	cancelled	75000.00	1	\N					0.00	\N
267	2026-03-17 16:03:10.003817+00	2026-03-17 16:03:12.575973+00	paid	90000.00	1	\N					0.00	\N
264	2026-03-15 15:37:01.681913+00	2026-03-17 16:03:26.807346+00	paid	180000.00	1	\N			Gustavo		40000.00	8
268	2026-03-17 20:59:07.179035+00	2026-03-17 20:59:08.435827+00	paid	180000.00	1	\N					0.00	\N
269	2026-03-17 23:03:24.510087+00	2026-03-17 23:03:25.793769+00	paid	80000.00	1	\N					0.00	\N
270	2026-03-18 02:12:36.989017+00	2026-03-18 02:12:45.040667+00	paid	185000.00	1	\N					0.00	\N
271	2026-03-19 22:07:23.853532+00	2026-03-19 22:07:25.412812+00	paid	50000.00	1	\N					0.00	\N
272	2026-03-19 22:07:34.493489+00	2026-03-19 22:07:36.52122+00	paid	155000.00	1	\N					0.00	\N
273	2026-03-23 01:08:03.424094+00	2026-03-23 01:08:12.257615+00	paid	253800.00	1	\N			Zaira		0.00	\N
274	2026-03-23 14:51:39.764951+00	2026-03-23 14:51:41.551601+00	paid	77800.00	1	\N					0.00	\N
275	2026-03-24 22:28:10.626088+00	2026-03-24 22:28:11.651902+00	paid	65000.00	1	\N					0.00	\N
276	2026-03-24 22:29:23.249699+00	2026-03-24 22:29:24.49468+00	paid	15000.00	1	\N					0.00	\N
278	2026-03-26 02:07:55.237411+00	2026-03-26 02:08:02.096936+00	paid	50000.00	8	\N					0.00	\N
279	2026-03-26 02:12:18.598404+00	2026-03-26 02:12:23.958511+00	paid	40000.00	8	\N					0.00	\N
277	2026-03-26 02:07:25.921209+00	2026-03-26 18:37:30.296089+00	paid	285200.00	8	\N					25000.00	9
280	2026-03-26 21:36:56.514951+00	2026-03-26 21:39:07.950848+00	cancelled	45000.00	1	\N			Camara niza		25000.00	9
281	2026-03-26 21:40:18.163907+00	2026-03-26 21:40:43.139408+00	paid	40000.00	1	\N			Camara niza		10000.00	7
282	2026-03-26 23:36:40.92072+00	2026-03-26 23:36:43.442905+00	paid	152000.00	1	\N					0.00	\N
283	2026-03-27 20:57:02.039973+00	2026-03-27 20:57:03.763834+00	paid	390000.00	1	\N					0.00	\N
285	2026-03-28 20:02:17.37859+00	2026-03-28 20:02:18.847723+00	paid	330000.00	1	\N		carolyulliethcp@gmail.com	Carol Yullieth Carabali Pérez	3018858727	0.00	\N
284	2026-03-28 19:51:50.814166+00	2026-03-28 19:59:59.505824+00	cancelled	330000.00	1	\N					0.00	\N
286	2026-03-28 20:04:16.200786+00	2026-03-28 20:04:17.768381+00	paid	50000.00	1	\N			Ibeth		0.00	\N
287	2026-03-28 20:15:25.644594+00	2026-03-28 20:15:28.631245+00	paid	200000.00	1	\N			William		0.00	\N
289	2026-03-30 17:09:25.870776+00	2026-03-30 17:09:27.50727+00	paid	55000.00	1	\N					0.00	\N
290	2026-03-31 19:04:05.51241+00	2026-03-31 22:35:04.911741+00	cancelled	260500.00	1	\N		dairof7@gmail.com			0.00	\N
288	2026-03-30 15:30:11.25825+00	2026-04-09 15:06:18.909534+00	cancelled	1065000.00	1	\N		ed.hfps@gmail.com	Ever Hernandez		0.00	\N
291	2026-03-31 21:37:14.271962+00	2026-03-31 21:37:15.528302+00	paid	91500.00	1	\N					0.00	\N
326	2026-04-19 16:51:53.167889+00	2026-04-19 16:51:55.733565+00	paid	1648000.00	1	\N		molano.13@hotmail.com	Erika Molano	3023482581	0.00	\N
293	2026-03-31 22:34:44.75073+00	2026-03-31 22:35:16.056953+00	paid	175000.00	1	\N					0.00	\N
292	2026-03-31 21:38:55.311265+00	2026-04-02 17:05:59.305361+00	cancelled	174000.00	1	\N					0.00	\N
294	2026-04-02 17:04:51.435155+00	2026-04-02 17:06:09.624747+00	paid	60500.00	1	\N			arley		25000.00	9
295	2026-04-04 14:27:28.434029+00	2026-04-04 14:27:31.718372+00	paid	35000.00	1	\N					0.00	\N
296	2026-04-06 15:05:32.488679+00	2026-04-06 15:05:34.645594+00	paid	150000.00	1	\N					0.00	\N
297	2026-04-06 20:35:53.590273+00	2026-04-06 20:35:54.570895+00	paid	90000.00	1	\N					0.00	\N
298	2026-04-06 20:36:09.163168+00	2026-04-06 20:36:10.429367+00	paid	15000.00	1	\N					0.00	\N
299	2026-04-07 16:13:51.683472+00	2026-04-07 16:13:53.19931+00	paid	90000.00	1	\N					0.00	\N
300	2026-04-07 23:53:26.285525+00	2026-04-07 23:53:27.667124+00	paid	120000.00	1	\N					0.00	\N
302	2026-04-09 21:37:08.034692+00	2026-04-09 21:37:12.11282+00	paid	50000.00	1	\N					0.00	\N
303	2026-04-10 19:44:45.62048+00	2026-04-10 19:44:46.743907+00	paid	155000.00	1	\N			calla		0.00	\N
301	2026-04-08 19:49:20.716879+00	2026-04-10 20:01:16.64051+00	paid	160000.00	1	\N		alfarto62@hotmail.com	Alfonso Arteaga	3006489300	0.00	\N
304	2026-04-10 20:26:04.85048+00	2026-04-10 20:26:06.313752+00	paid	25000.00	1	\N					0.00	\N
305	2026-04-11 22:00:21.732676+00	2026-04-11 22:00:21.732687+00	pending	5947000.00	1	\N		matew1124@gmail.com	Matew	3046303335	0.00	\N
306	2026-04-11 22:09:50.551742+00	2026-04-11 22:09:51.866519+00	paid	60000.00	1	\N					0.00	\N
307	2026-04-12 00:50:32.034783+00	2026-04-12 01:39:49.20647+00	paid	217200.00	1	\N					25000.00	9
308	2026-04-12 14:30:54.859621+00	2026-04-12 14:30:56.132663+00	paid	25000.00	1	\N					0.00	\N
309	2026-04-12 16:34:29.961728+00	2026-04-12 16:34:33.899547+00	paid	140000.00	1	\N					15000.00	5
310	2026-04-13 21:44:55.243015+00	2026-04-13 21:44:57.298414+00	paid	100000.00	1	\N					15000.00	5
311	2026-04-14 15:11:51.207709+00	2026-04-14 15:11:52.992777+00	paid	875000.00	1	\N			Ricardo		0.00	\N
312	2026-04-14 15:46:50.926971+00	2026-04-14 15:46:52.419185+00	paid	25000.00	1	\N					0.00	\N
313	2026-04-14 15:54:41.391051+00	2026-04-14 15:55:53.014+00	paid	960000.00	1	\N			Liliana		0.00	\N
314	2026-04-15 16:51:54.453738+00	2026-04-15 16:51:55.762599+00	paid	185000.00	1	\N			Guillermo cifuentes		0.00	\N
315	2026-04-15 17:03:15.777764+00	2026-04-15 17:03:17.696398+00	paid	35000.00	1	\N					5000.00	10
316	2026-04-15 17:04:31.421161+00	2026-04-15 17:04:32.733116+00	paid	20000.00	1	\N					0.00	\N
317	2026-04-15 18:47:24.535672+00	2026-04-15 18:47:36.684735+00	paid	150000.00	1	\N					5000.00	10
318	2026-04-16 00:37:37.507444+00	2026-04-16 00:37:39.059871+00	paid	151500.00	1	\N					10000.00	7
319	2026-04-16 13:51:29.07131+00	2026-04-16 13:51:30.956145+00	paid	290000.00	1	\N					0.00	\N
320	2026-04-16 21:27:52.481917+00	2026-04-16 21:27:54.238374+00	paid	25000.00	1	\N			Ever Hernandez		0.00	\N
321	2026-04-16 23:24:37.569981+00	2026-04-16 23:24:38.72386+00	paid	65800.00	1	\N					0.00	\N
322	2026-04-17 16:28:09.007568+00	2026-04-17 16:28:10.630278+00	paid	120000.00	1	\N					0.00	\N
323	2026-04-17 23:29:40.326782+00	2026-04-17 23:29:43.60237+00	paid	25000.00	1	\N					0.00	\N
324	2026-04-18 20:24:15.679753+00	2026-04-18 20:25:20.776811+00	cancelled	1785200.00	1	\N		seguridad.mendespizza@gmail.com	Jaime Mendez	3215956581	0.00	\N
325	2026-04-18 20:28:36.176978+00	2026-04-18 20:28:37.645196+00	paid	1785200.00	1	\N		seguridad.mendespizza@gmail.com	Jaime Mendez	3215956581	0.00	\N
328	2026-04-22 00:36:45.724287+00	2026-04-22 00:36:48.911189+00	paid	175000.00	1	\N			Hugo fernando castillo		0.00	\N
327	2026-04-22 00:36:02.545567+00	2026-04-22 00:36:49.668226+00	paid	76500.00	1	\N			Balanta		0.00	\N
330	2026-04-22 18:04:33.077131+00	2026-04-22 18:04:43.601896+00	paid	50000.00	1	\N			Aleja		5000.00	10
329	2026-04-22 18:04:16.235839+00	2026-04-22 18:04:44.557626+00	paid	50000.00	1	\N			Alfonso Arteaga		5000.00	10
331	2026-04-23 22:04:25.059771+00	2026-04-23 22:04:29.268458+00	paid	85000.00	1	\N		Jhonatanastudillo606@gmail.com	Jhonatan astudillo		5000.00	10
332	2026-04-23 23:14:35.109789+00	2026-04-23 23:14:36.486538+00	paid	300500.00	1	\N			Hugo Fernando Castillo Zapata		15000.00	5
333	2026-04-25 16:00:13.228863+00	2026-04-25 16:00:14.460079+00	paid	155000.00	1	\N					0.00	\N
334	2026-04-25 23:10:53.285225+00	2026-04-25 23:10:55.380433+00	paid	120000.00	1	\N					0.00	\N
335	2026-04-25 23:11:11.552638+00	2026-04-25 23:11:13.005282+00	paid	95000.00	1	\N			Ibeth		0.00	\N
336	2026-04-25 23:20:05.762334+00	2026-04-25 23:20:09.063726+00	paid	100600.00	1	\N					5000.00	10
337	2026-04-28 00:08:36.441316+00	2026-04-28 00:08:37.536571+00	paid	155000.00	1	\N					0.00	\N
338	2026-04-29 20:24:58.842146+00	2026-04-29 20:25:01.974365+00	paid	350000.00	1	\N					0.00	\N
340	2026-04-29 23:23:28.193094+00	2026-04-29 23:23:33.512831+00	paid	228800.00	1	\N					0.00	\N
341	2026-04-30 16:49:18.07101+00	2026-04-30 16:49:21.760552+00	paid	40000.00	1	\N					5000.00	10
342	2026-05-01 18:46:17.483426+00	2026-05-01 18:46:20.849396+00	paid	185000.00	1	\N			Carlos Onn		0.00	\N
343	2026-05-01 21:25:08.251157+00	2026-05-01 21:25:10.149397+00	paid	500000.00	1	\N					25000.00	9
351	2026-05-05 20:47:28.414938+00	2026-05-05 20:47:33.257476+00	paid	397900.00	1	\N					0.00	\N
344	2026-05-03 16:23:34.112895+00	2026-05-03 16:49:27.575745+00	cancelled	55000.00	1	\N					0.00	\N
345	2026-05-03 16:49:38.225616+00	2026-05-03 16:49:39.480271+00	paid	65000.00	1	\N					0.00	\N
346	2026-05-04 15:37:52.605276+00	2026-05-04 15:37:53.649481+00	paid	130000.00	1	\N					0.00	\N
347	2026-05-04 15:56:18.929472+00	2026-05-04 15:56:20.435132+00	paid	39000.00	1	\N					0.00	\N
348	2026-05-04 19:26:02.659604+00	2026-05-04 19:26:05.66452+00	paid	50000.00	1	\N					0.00	\N
349	2026-05-05 16:06:37.461155+00	2026-05-05 16:06:38.789709+00	paid	75000.00	1	\N					0.00	\N
350	2026-05-05 20:16:43.55228+00	2026-05-05 20:47:43.633078+00	paid	139500.00	1	\N					5000.00	10
352	2026-05-06 00:32:32.750057+00	2026-05-06 00:32:35.604453+00	paid	80800.00	1	\N					0.00	\N
339	2026-04-29 23:20:45.551317+00	2026-05-06 22:03:55.873931+00	cancelled	220000.00	1	\N			Jhonny Alejandro		0.00	\N
353	2026-05-06 22:04:34.484462+00	2026-05-06 22:04:36.185299+00	paid	250000.00	1	\N			Jhonny Alejandro		0.00	\N
355	2026-05-07 15:51:45.092354+00	2026-05-07 15:51:47.290225+00	paid	160000.00	1	\N					5000.00	10
354	2026-05-07 15:24:28.136289+00	2026-05-07 15:51:49.500778+00	paid	35000.00	1	\N			Ever Hernandez		0.00	\N
356	2026-05-07 16:13:30.246353+00	2026-05-07 16:13:31.893948+00	paid	185000.00	1	\N					5000.00	10
357	2026-05-07 22:12:13.13536+00	2026-05-07 22:12:14.646761+00	paid	165000.00	1	\N					0.00	\N
358	2026-05-08 23:08:46.88633+00	2026-05-08 23:08:47.996372+00	paid	235000.00	1	\N					10000.00	7
359	2026-05-08 23:51:11.971979+00	2026-05-08 23:51:13.259317+00	paid	180000.00	1	\N					0.00	\N
360	2026-05-10 15:57:05.610205+00	2026-05-10 15:57:06.888902+00	paid	50000.00	1	\N					0.00	\N
361	2026-05-10 15:58:50.126838+00	2026-05-10 15:58:52.195638+00	paid	390000.00	1	\N			Daniel Feria		0.00	\N
362	2026-05-10 15:59:10.137391+00	2026-05-10 15:59:12.542617+00	paid	120000.00	1	\N					5000.00	10
363	2026-05-11 20:10:37.700247+00	2026-05-11 20:10:40.311582+00	paid	20000.00	1	\N					0.00	\N
364	2026-05-11 20:10:48.227122+00	2026-05-11 20:10:49.536662+00	paid	25000.00	1	\N					0.00	\N
365	2026-05-12 19:59:28.22503+00	2026-05-12 19:59:31.194412+00	paid	50000.00	1	\N					0.00	\N
367	2026-05-14 17:24:03.043366+00	2026-05-14 17:24:10.671765+00	paid	760000.00	1	\N		dairof7@gmail.com	Kevin Stiven		35000.00	11
368	2026-05-14 23:21:37.979001+00	2026-05-14 23:21:39.710153+00	paid	30000.00	1	\N					0.00	\N
369	2026-05-14 23:21:55.295032+00	2026-05-14 23:21:59.186953+00	paid	20000.00	1	\N					10000.00	7
370	2026-05-16 17:10:33.926212+00	2026-05-16 17:10:35.016178+00	paid	55000.00	1	\N					0.00	\N
371	2026-05-16 17:10:59.455863+00	2026-05-16 17:11:00.535248+00	paid	15000.00	1	\N					0.00	\N
372	2026-05-17 17:08:11.85342+00	2026-05-17 17:08:14.860654+00	paid	90000.00	1	\N			Jorge Cristancho		0.00	\N
373	2026-05-20 19:41:34.098779+00	2026-05-20 19:41:35.315361+00	paid	40000.00	1	\N					0.00	\N
374	2026-05-22 21:31:42.939235+00	2026-05-22 21:31:45.359255+00	paid	657500.00	1	\N					40000.00	8
375	2026-05-23 23:44:07.085276+00	2026-05-23 23:44:08.600034+00	paid	65000.00	1	\N					0.00	\N
376	2026-05-23 23:44:16.03573+00	2026-05-23 23:44:17.210762+00	paid	210000.00	1	\N					0.00	\N
377	2026-05-24 15:22:58.319508+00	2026-05-24 15:22:59.452791+00	paid	35000.00	1	\N					0.00	\N
378	2026-05-24 15:23:33.955415+00	2026-05-24 15:23:33.955426+00	pending	161500.00	1	\N			Don pedro		0.00	\N
379	2026-05-26 15:33:37.312981+00	2026-05-26 15:33:39.930027+00	paid	40000.00	1	\N					10000.00	7
380	2026-05-26 23:55:12.248563+00	2026-05-26 23:55:13.70558+00	paid	465000.00	1	\N			Julian		0.00	\N
381	2026-05-28 15:20:22.713067+00	2026-05-28 15:20:24.03192+00	paid	184000.00	1	\N					0.00	\N
366	2026-05-13 16:28:03.192544+00	2026-05-28 20:43:15.38233+00	cancelled	640000.00	1	\N		dairof7@gmail.com	Julian Benitez		0.00	\N
383	2026-05-28 21:54:26.630844+00	2026-05-28 21:54:50.935973+00	paid	380000.00	1	\N	10497378	Savi-001@hotmail.com	Wilson victoria 	3186894185	10000.00	7
382	2026-05-28 20:43:01.179899+00	2026-05-28 21:55:58.30145+00	paid	370000.00	1	\N			Lorenzo		10000.00	7
384	2026-05-29 15:50:39.625926+00	2026-05-29 15:50:40.957906+00	paid	350000.00	1	\N					20000.00	12
385	2026-05-29 19:04:01.736523+00	2026-05-29 19:04:02.940934+00	paid	190000.00	1	\N					0.00	\N
387	2026-05-29 19:06:47.95761+00	2026-05-29 19:06:49.072317+00	paid	15000.00	1	\N					0.00	\N
386	2026-05-29 19:04:19.31297+00	2026-05-29 19:06:52.422027+00	cancelled	15000.00	1	\N					0.00	\N
388	2026-05-29 21:59:40.080911+00	2026-05-29 21:59:41.521427+00	paid	15000.00	1	\N					0.00	\N
389	2026-05-30 19:30:00.592029+00	2026-05-30 19:30:01.718021+00	paid	228800.00	1	\N					0.00	\N
390	2026-05-30 20:12:24.701995+00	2026-05-30 20:12:26.269377+00	paid	30000.00	1	\N					0.00	\N
391	2026-06-01 20:42:59.843303+00	2026-06-01 20:43:22.730832+00	paid	210000.00	1	\N			Lorenzo		0.00	\N
392	2026-06-01 23:15:39.041444+00	2026-06-01 23:15:41.748832+00	paid	160000.00	1	\N					0.00	\N
393	2026-06-06 02:31:19.880542+00	2026-06-06 02:31:19.880553+00	pending	253800.00	10	10	1032256457	josemelendres395@gmail.com	Jose gomez	3001751521	0.00	\N
394	2026-06-06 18:37:15.96467+00	2026-06-06 18:37:17.727781+00	paid	101300.00	1	\N			ever		0.00	\N
395	2026-06-06 18:37:31.597312+00	2026-06-06 18:37:33.250515+00	paid	25000.00	1	\N					5000.00	10
396	2026-06-06 20:31:14.562466+00	2026-06-06 20:31:18.276094+00	paid	254100.00	1	\N					0.00	\N
397	2026-06-08 16:29:47.443051+00	2026-06-08 16:29:49.3194+00	paid	165000.00	1	\N			Luisa Zuniga		0.00	\N
398	2026-06-08 16:30:37.100693+00	2026-06-08 16:30:38.71522+00	paid	240000.00	1	\N					0.00	\N
399	2026-06-09 16:41:22.579358+00	2026-06-09 16:41:26.739766+00	paid	1600000.00	1	\N	11112465248	andres.victoria@cun.edu.co	Andres Stiven Victoria Devia		0.00	\N
418	2026-06-17 15:30:44.700917+00	2026-06-17 15:30:46.460477+00	paid	60000.00	1	\N					0.00	\N
401	2026-06-09 22:25:53.957775+00	2026-06-09 22:25:55.560573+00	paid	50000.00	1	\N					0.00	\N
402	2026-06-10 00:40:49.386418+00	2026-06-10 00:40:51.699091+00	paid	130000.00	1	\N			Julian		10000.00	7
403	2026-06-10 22:09:12.622775+00	2026-06-10 22:09:14.807315+00	paid	320000.00	1	\N					0.00	\N
400	2026-06-09 16:52:00.003097+00	2026-06-10 22:43:45.565934+00	cancelled	180000.00	1	\N					0.00	\N
404	2026-06-10 22:44:01.255472+00	2026-06-10 22:44:02.633353+00	paid	252200.00	1	\N					0.00	\N
405	2026-06-11 01:45:18.008743+00	2026-06-11 01:45:21.206289+00	paid	380000.00	1	\N	10499168	dairof7@gmail.com	Luis Eduardo Chocue	3234854606	0.00	\N
406	2026-06-11 02:06:05.003846+00	2026-06-11 02:06:07.564538+00	paid	30000.00	1	\N					0.00	\N
407	2026-06-11 19:22:51.00899+00	2026-06-11 19:22:52.80372+00	paid	190000.00	1	\N					0.00	\N
408	2026-06-11 23:26:47.145014+00	2026-06-11 23:26:48.314725+00	paid	165000.00	1	\N					0.00	\N
409	2026-06-12 14:51:31.971125+00	2026-06-12 15:00:29.42509+00	paid	50000.00	1	\N			Luisa juliana nazarit		5000.00	10
410	2026-06-12 15:22:28.718151+00	2026-06-12 15:22:31.340856+00	paid	39000.00	1	\N			Mera		0.00	\N
411	2026-06-12 19:41:30.077434+00	2026-06-12 19:41:34.643295+00	paid	109000.00	1	\N			Jhon cardona		10000.00	7
412	2026-06-12 21:43:25.125371+00	2026-06-13 15:27:23.732115+00	paid	50000.00	1	\N					5000.00	10
413	2026-06-14 17:23:42.685675+00	2026-06-14 17:23:45.102234+00	paid	20000.00	1	\N					5000.00	10
414	2026-06-14 17:24:00.250804+00	2026-06-14 17:24:01.671246+00	paid	70000.00	1	\N					5000.00	10
425	2026-06-18 23:06:47.579534+00	2026-06-18 23:06:50.200533+00	paid	165000.00	1	\N	34592626	beatrizviafara019@gmail.com	Beatriz viafara		0.00	\N
416	2026-06-16 17:37:09.570626+00	2026-06-16 17:37:11.727699+00	paid	330000.00	1	\N			Gerardo Meneses		0.00	\N
417	2026-06-16 20:20:52.289511+00	2026-06-16 20:20:55.149359+00	paid	165000.00	1	\N			Ever		0.00	\N
415	2026-06-15 14:27:30.903528+00	2026-06-17 17:50:02.488651+00	cancelled	300000.00	1	\N	10499050	saga8305@hotmail.com	Fabian Velazco		0.00	\N
419	2026-06-17 17:50:24.708334+00	2026-06-17 17:50:26.565705+00	paid	390000.00	1	\N			Fabian Velazco		10000.00	7
420	2026-06-17 17:53:14.910457+00	2026-06-17 17:53:16.717808+00	paid	105000.00	1	\N			ANSIZAR		35000.00	11
421	2026-06-17 23:03:17.660101+00	2026-06-17 23:03:19.275415+00	paid	640000.00	1	\N			Carlos Latorre		0.00	\N
422	2026-06-17 23:03:28.316419+00	2026-06-17 23:03:29.578213+00	paid	45000.00	1	\N					0.00	\N
423	2026-06-17 23:03:57.529445+00	2026-06-17 23:03:58.640489+00	paid	106500.00	1	\N					0.00	\N
424	2026-06-17 23:20:50.039573+00	2026-06-17 23:20:51.633549+00	paid	80000.00	1	\N					10000.00	7
426	2026-06-18 23:23:05.105612+00	2026-06-18 23:23:07.804442+00	paid	161000.00	1	\N					0.00	\N
427	2026-06-19 15:52:02.682194+00	2026-06-19 15:52:03.925318+00	paid	126100.00	1	\N					0.00	\N
428	2026-06-19 16:17:33.665704+00	2026-06-19 16:17:35.243557+00	paid	223800.00	1	\N					5000.00	10
429	2026-06-20 19:25:43.801722+00	2026-06-20 19:25:46.705487+00	paid	30000.00	1	\N					0.00	\N
430	2026-06-20 23:05:01.107121+00	2026-06-20 23:05:04.081885+00	paid	240000.00	1	\N					0.00	\N
431	2026-06-20 23:05:19.12395+00	2026-06-20 23:05:21.570558+00	paid	190000.00	1	\N					0.00	\N
432	2026-06-21 00:00:28.472963+00	2026-06-21 00:00:31.229432+00	paid	390000.00	1	\N			Bacca		0.00	\N
433	2026-06-22 14:33:44.522802+00	2026-06-22 14:33:46.042895+00	paid	390000.00	1	\N					0.00	\N
434	2026-06-22 20:49:02.690125+00	2026-06-22 20:49:05.214903+00	paid	520000.00	1	\N	10740883	cristian.viafara@gmail.com	Christian Viafara		0.00	\N
435	2026-06-22 21:22:44.322559+00	2026-06-22 21:22:47.548481+00	paid	165000.00	1	\N		cadavidmarta@hotmail.com	Javier cadavid		0.00	\N
437	2026-06-22 23:34:02.32001+00	2026-06-22 23:34:06.020476+00	paid	42000.00	1	\N					0.00	\N
436	2026-06-22 23:33:35.817115+00	2026-06-22 23:34:06.883157+00	paid	35000.00	1	\N					5000.00	10
439	2026-06-25 23:43:08.067199+00	2026-06-25 23:43:09.977087+00	paid	25000.00	1	\N					0.00	\N
438	2026-06-25 23:42:46.896384+00	2026-06-25 23:43:10.89352+00	paid	76500.00	1	\N					0.00	\N
\.


--
-- Data for Name: carts_quoteitem; Type: TABLE DATA; Schema: public; Owner: solid
--

COPY public.carts_quoteitem (id, quantity, price_at_quote, product_id, quote_id, cost_at_quote) FROM stdin;
584	1	50000.00	66	401	30000.00
590	1	190000.00	25	407	130000.00
597	1	25000.00	222	413	12500.00
603	1	400000.00	114	419	220000.00
605	1	190000.00	25	421	130000.00
606	1	60000.00	291	421	30000.00
607	2	195000.00	7	421	126000.00
614	1	126100.00	9	427	78000.00
621	1	390000.00	253	433	163000.00
628	1	25000.00	329	439	11000.00
90	2	25000.00	118	69	0.00
585	1	140000.00	306	402	80000.00
591	1	165000.00	98	408	112000.00
598	1	75000.00	301	414	45000.00
604	1	140000.00	295	420	60000.00
608	1	45000.00	247	422	21000.00
615	1	228800.00	51	428	147000.00
622	1	400000.00	114	434	220000.00
623	1	120000.00	5	434	72000.00
149	1	25000.00	118	92	0.00
586	1	320000.00	258	403	191000.00
592	1	55000.00	117	409	30000.00
599	1	300000.00	114	415	220000.00
609	1	76500.00	112	423	50000.00
610	1	30000.00	182	423	12000.00
616	1	30000.00	118	429	0.00
624	1	165000.00	98	435	112000.00
276	1	50000.00	120	180	0.00
292	1	25000.00	118	195	0.00
587	1	252200.00	87	404	148000.00
593	1	39000.00	193	410	18000.00
600	2	165000.00	98	416	112000.00
611	3	30000.00	118	424	0.00
617	1	60000.00	291	430	30000.00
618	1	180000.00	221	430	93000.00
625	1	40000.00	264	436	20000.00
377	1	25000.00	118	261	0.00
409	1	50000.00	120	278	0.00
413	1	50000.00	120	281	0.00
441	1	90000.00	121	299	0.00
454	1	25000.00	118	308	0.00
456	1	25000.00	118	310	0.00
457	1	90000.00	121	310	0.00
458	1	25000.00	118	311	0.00
466	1	20000.00	270	316	0.00
473	1	25000.00	118	323	0.00
588	1	380000.00	191	405	220000.00
594	1	119000.00	52	411	82000.00
484	1	120000.00	279	326	0.00
601	1	165000.00	98	417	112000.00
612	1	165000.00	98	425	112000.00
619	1	190000.00	25	431	130000.00
626	1	42000.00	254	437	22500.00
506	3	15000.00	284	341	0.00
530	2	25000.00	118	360	0.00
533	1	20000.00	270	363	0.00
534	1	25000.00	118	364	0.00
544	1	30000.00	118	369	0.00
547	1	90000.00	121	372	0.00
551	1	30000.00	270	375	0.00
555	1	50000.00	120	379	0.00
569	1	30000.00	118	390	0.00
576	1	30000.00	118	395	0.00
1	1	80000.00	2	1	42000.00
2	1	120000.00	6	1	144000.00
3	1	1069500.00	37	2	817000.00
4	1	370000.00	40	3	216000.00
5	1	25000.00	49	4	11000.00
6	1	165000.00	24	5	99000.00
7	1	76000.00	47	6	52000.00
8	1	79000.00	18	7	55000.00
9	1	110000.00	5	8	72000.00
10	1	37000.00	27	8	24000.00
11	1	80000.00	2	9	42000.00
12	1	130000.00	9	10	78000.00
13	1	170000.00	8	11	116000.00
14	1	25000.00	49	12	11000.00
15	1	90000.00	33	13	46000.00
16	1	127000.00	9	13	78000.00
17	1	25000.00	49	13	11000.00
18	1	90000.00	33	14	46000.00
19	1	370000.00	39	15	240500.00
20	1	1069000.00	37	16	817000.00
21	1	37000.00	27	17	24000.00
22	1	37000.00	27	18	24000.00
23	1	37000.00	27	19	24000.00
24	1	37000.00	27	20	24000.00
25	1	37000.00	27	21	24000.00
26	1	51000.00	4	22	30000.00
27	1	128000.00	41	23	105000.00
28	1	170000.00	25	23	130000.00
29	1	195000.00	7	24	126000.00
30	1	50000.00	69	25	30000.00
31	1	165000.00	24	26	99000.00
32	2	76000.00	61	27	32000.00
33	1	211000.00	51	28	147000.00
34	1	50000.00	71	29	30000.00
35	1	360000.00	43	30	208000.00
36	1	211000.00	51	30	147000.00
37	1	211000.00	51	31	147000.00
38	1	75000.00	77	32	42000.00
39	1	75000.00	3	32	62000.00
40	2	285000.00	44	32	214000.00
41	2	165000.00	59	32	115000.00
42	2	75000.00	48	32	52000.00
43	1	76000.00	47	33	52000.00
44	1	165000.00	24	34	99000.00
45	1	288000.00	42	35	146000.00
46	1	25000.00	50	36	12000.00
47	1	127000.00	9	37	78000.00
48	2	110000.00	5	38	72000.00
49	2	30000.00	88	38	16400.00
50	1	30000.00	88	39	16400.00
51	1	190000.00	86	40	100000.00
52	2	165000.00	59	41	115000.00
53	1	70000.00	47	41	52000.00
54	2	75000.00	61	41	32000.00
55	1	50000.00	4	41	30000.00
56	2	275000.00	42	41	146000.00
57	1	150000.00	72	42	90000.00
58	2	105000.00	26	43	63000.00
59	1	170000.00	25	44	130000.00
60	1	130000.00	9	45	78000.00
61	1	215000.00	35	46	110000.00
62	1	47000.00	68	46	30000.00
63	1	110000.00	5	47	72000.00
64	1	370000.00	64	47	177000.00
65	1	80000.00	77	48	42000.00
66	1	130000.00	9	49	78000.00
67	1	65000.00	93	50	46000.00
68	1	140000.00	98	51	112000.00
69	2	269000.00	87	52	148000.00
70	1	140000.00	98	53	112000.00
71	1	80000.00	18	54	55000.00
72	1	211000.00	65	55	129000.00
73	1	47000.00	70	56	30000.00
74	1	15000.00	109	56	4700.00
75	1	105000.00	26	57	63000.00
76	1	130000.00	9	58	78000.00
77	1	211000.00	65	59	129000.00
78	1	252000.00	115	60	140000.00
79	1	247000.00	12	61	186000.00
80	1	195000.00	7	61	126000.00
81	1	110000.00	5	62	72000.00
82	1	35000.00	88	62	16400.00
83	2	110000.00	5	63	72000.00
84	1	130000.00	9	64	78000.00
85	1	140000.00	1	65	52000.00
86	1	252000.00	115	66	140000.00
87	1	75000.00	61	67	32000.00
88	1	90000.00	112	68	50000.00
89	1	15000.00	110	68	4700.00
91	1	280000.00	83	70	114000.00
92	1	81000.00	33	71	46000.00
93	1	81000.00	33	72	46000.00
94	1	90000.00	112	73	50000.00
95	1	15000.00	123	73	5000.00
96	1	165000.00	24	74	99000.00
97	1	165000.00	24	75	99000.00
98	1	35000.00	88	75	16400.00
99	1	105000.00	26	76	63000.00
100	2	234000.00	115	77	140000.00
101	1	234000.00	115	78	140000.00
102	1	15000.00	110	79	4700.00
103	1	15000.00	110	80	4700.00
104	1	140000.00	98	81	112000.00
105	4	80000.00	99	82	47000.00
106	4	12000.00	129	82	6500.00
107	10	9000.00	133	83	500.00
108	7	4000.00	132	83	2500.00
109	2	75000.00	100	83	49000.00
110	5	70000.00	99	83	47000.00
111	7	22000.00	131	83	15000.00
112	1	90000.00	135	83	70000.00
113	7	80000.00	130	83	60000.00
114	1	265000.00	101	83	188000.00
115	1	80000.00	130	84	60000.00
116	4	90000.00	135	84	70000.00
117	1	75000.00	100	84	49000.00
118	3	70000.00	99	84	47000.00
119	10	6000.00	136	84	4200.00
120	6	9000.00	133	84	500.00
121	1	265000.00	101	84	188000.00
122	4	25000.00	131	84	15000.00
123	1	265000.00	101	85	188000.00
124	10	9000.00	133	85	500.00
125	2	75000.00	100	85	49000.00
126	5	70000.00	99	85	47000.00
127	15	6000.00	136	85	4200.00
128	7	80000.00	130	85	60000.00
129	1	90000.00	135	85	70000.00
130	7	25000.00	131	85	15000.00
131	1	685000.00	137	86	490000.00
132	1	265000.00	101	86	188000.00
133	2	75000.00	100	86	49000.00
134	5	70000.00	99	86	47000.00
135	15	7000.00	136	86	4200.00
136	10	9000.00	133	86	500.00
137	7	25000.00	131	86	15000.00
138	2	65000.00	100	87	49000.00
139	5	65000.00	99	87	47000.00
140	1	250000.00	101	87	188000.00
141	7	25000.00	131	87	15000.00
142	10	9000.00	133	87	500.00
143	1	730000.00	137	87	490000.00
144	15	6000.00	136	87	4200.00
145	1	344000.00	31	88	228000.00
146	1	42000.00	27	89	24000.00
147	1	90200.00	2	90	42000.00
148	1	90200.00	2	91	42000.00
150	1	79900.00	94	93	27000.00
151	1	43000.00	151	93	26300.00
152	1	90000.00	60	94	44000.00
153	1	79900.00	94	95	27000.00
154	1	175000.00	59	96	115000.00
155	1	130000.00	9	97	78000.00
156	1	399000.00	63	98	220000.00
157	1	80000.00	95	99	55000.00
158	1	80000.00	125	100	39000.00
159	1	140000.00	98	101	112000.00
160	1	390000.00	114	102	220000.00
161	1	250000.00	82	103	160000.00
162	1	79900.00	94	104	27000.00
163	1	45000.00	27	104	24000.00
164	2	25000.00	131	105	15000.00
165	8	9000.00	133	105	500.00
166	1	170000.00	8	105	116000.00
167	2	105600.00	26	105	63000.00
168	1	370500.00	64	106	177000.00
169	1	55000.00	117	106	30000.00
170	1	82800.00	147	107	50000.00
171	1	50600.00	122	108	30000.00
172	1	70500.00	80	109	40000.00
173	1	195000.00	7	110	126000.00
174	1	50000.00	67	111	33000.00
175	2	120000.00	5	112	72000.00
176	2	35000.00	88	112	16400.00
177	1	195000.00	7	113	126000.00
178	1	35000.00	88	113	16400.00
179	6	900.00	156	113	500.00
180	1	126100.00	9	114	78000.00
181	1	175000.00	24	115	99000.00
182	1	175000.00	59	116	115000.00
183	1	81000.00	33	117	46000.00
184	1	152000.00	72	118	90000.00
185	1	145000.00	98	119	112000.00
186	1	197000.00	157	120	150000.00
187	1	250000.00	143	121	174000.00
188	1	65000.00	146	121	44000.00
189	3	67000.00	145	121	45000.00
190	4	25000.00	131	121	15000.00
191	2	10000.00	134	121	500.00
192	1	300000.00	158	121	233000.00
193	4	9000.00	133	121	500.00
194	1	460000.00	159	121	310000.00
195	1	360000.00	161	122	240000.00
196	3	120000.00	5	122	72000.00
197	20	900.00	156	122	500.00
199	1	175000.00	8	122	116000.00
200	4	40000.00	88	122	16400.00
201	1	250000.00	143	123	174000.00
202	3	65000.00	146	123	44000.00
203	1	67000.00	145	123	45000.00
204	4	25000.00	131	123	15000.00
205	1	300000.00	158	123	233000.00
206	1	460000.00	159	123	310000.00
207	20	900.00	134	123	500.00
208	40	900.00	133	123	500.00
209	2	54000.00	16	124	27500.00
210	2	145000.00	98	125	112000.00
211	1	175000.00	59	126	115000.00
212	1	175000.00	25	127	130000.00
213	1	175000.00	24	127	99000.00
214	1	120000.00	5	128	72000.00
215	1	145000.00	98	129	112000.00
216	1	145000.00	98	130	112000.00
217	1	50000.00	70	131	30000.00
218	1	175000.00	25	132	130000.00
219	1	175000.00	59	133	115000.00
220	1	175000.00	25	134	130000.00
221	1	50000.00	69	135	30000.00
222	1	81000.00	147	136	50000.00
223	1	145000.00	98	137	112000.00
224	1	81000.00	147	138	50000.00
225	1	200000.00	150	139	140000.00
226	1	70500.00	125	140	39000.00
227	1	370000.00	164	141	230000.00
228	1	253800.00	155	142	170000.00
229	1	40000.00	88	143	16400.00
230	1	81000.00	33	144	46000.00
231	1	80000.00	77	145	42000.00
232	1	270000.00	165	146	173000.00
233	1	145000.00	166	146	100000.00
234	1	90000.00	33	147	46000.00
235	1	145000.00	98	148	112000.00
236	1	122200.00	22	149	63000.00
237	1	45000.00	27	150	24000.00
238	1	120000.00	29	150	50000.00
239	1	300000.00	162	150	203000.00
240	1	75000.00	28	150	35000.00
241	1	300000.00	162	151	203000.00
242	1	120000.00	29	151	50000.00
243	1	120000.00	5	152	72000.00
244	1	171000.00	35	153	110000.00
245	1	120000.00	5	154	72000.00
246	1	99000.00	15	154	55000.00
247	1	175000.00	59	154	115000.00
248	1	175000.00	59	155	115000.00
249	1	120000.00	5	155	72000.00
250	1	100000.00	15	155	55000.00
251	2	171000.00	35	156	110000.00
252	1	90000.00	60	157	44000.00
253	1	355000.00	31	158	228000.00
254	1	152000.00	72	159	90000.00
255	1	175000.00	24	160	99000.00
256	1	50000.00	69	161	30000.00
257	1	50000.00	69	162	30000.00
258	1	90000.00	33	163	46000.00
259	1	145000.00	98	164	112000.00
260	1	200000.00	150	165	140000.00
261	1	126100.00	9	166	78000.00
262	1	256500.00	12	167	186000.00
263	1	45000.00	27	168	24000.00
264	1	200000.00	150	169	140000.00
265	2	175000.00	25	170	130000.00
266	1	81000.00	147	171	50000.00
267	1	10000.00	54	172	60000.00
268	2	45000.00	27	173	24000.00
269	2	195000.00	163	173	107000.00
270	1	370000.00	64	174	177000.00
271	1	67500.00	154	175	36000.00
272	1	370000.00	64	176	177000.00
273	1	350000.00	30	177	210000.00
274	1	175000.00	59	178	115000.00
275	4	145000.00	98	179	112000.00
277	1	288000.00	39	181	240500.00
278	1	40000.00	169	182	25000.00
279	1	175000.00	25	183	130000.00
280	1	380000.00	40	184	216000.00
281	1	126100.00	9	185	78000.00
282	1	171000.00	35	186	110000.00
283	1	195000.00	163	187	107000.00
284	1	25000.00	110	188	4700.00
285	1	55000.00	117	189	30000.00
286	1	35000.00	176	190	13500.00
287	1	27000.00	53	191	19000.00
288	1	120000.00	91	192	63000.00
289	1	175000.00	59	193	115000.00
290	1	210000.00	175	194	130000.00
291	1	126100.00	9	195	78000.00
293	1	45000.00	171	196	29000.00
294	1	145000.00	98	197	112000.00
295	1	85000.00	184	198	48000.00
296	1	145000.00	98	199	112000.00
297	1	45000.00	171	200	29000.00
298	1	290000.00	39	201	240500.00
299	1	350000.00	38	202	240000.00
300	1	120000.00	5	203	72000.00
301	1	175000.00	8	203	116000.00
302	1	195000.00	163	203	107000.00
303	1	145000.00	98	204	112000.00
304	1	65000.00	185	205	40000.00
305	1	310000.00	10	205	207000.00
306	1	340000.00	10	206	207000.00
307	1	207000.00	11	206	150000.00
308	1	195000.00	163	206	107000.00
309	1	81000.00	94	207	27000.00
310	1	109200.00	153	208	80000.00
311	1	150000.00	98	209	112000.00
312	1	55000.00	170	210	35000.00
313	1	90000.00	60	210	44000.00
314	1	150000.00	98	211	112000.00
315	1	150000.00	98	212	112000.00
316	1	180000.00	25	213	130000.00
317	1	150000.00	98	214	112000.00
318	1	32000.00	172	215	19500.00
319	1	252200.00	87	216	148000.00
320	1	25000.00	126	217	14000.00
321	1	85500.00	96	218	40000.00
322	1	150000.00	98	219	112000.00
323	1	310000.00	10	220	207000.00
324	1	65000.00	185	220	40000.00
325	1	81000.00	94	221	27000.00
326	1	40000.00	169	221	25000.00
327	1	120000.00	5	222	72000.00
328	1	40000.00	169	222	25000.00
329	1	40000.00	88	222	16400.00
330	1	150000.00	98	223	112000.00
331	1	40000.00	190	224	20000.00
332	1	180000.00	25	225	130000.00
333	1	33200.00	183	226	17600.00
334	1	40000.00	190	227	20000.00
335	1	30000.00	182	228	12000.00
336	1	180000.00	25	229	130000.00
337	1	70500.00	125	230	39000.00
338	1	33200.00	183	230	17600.00
339	1	150000.00	98	231	112000.00
340	1	81000.00	94	231	27000.00
341	1	20000.00	21	232	12600.00
342	1	50000.00	69	233	30000.00
343	1	252200.00	87	234	148000.00
344	2	39000.00	193	235	18000.00
345	2	45000.00	151	236	26300.00
346	1	90000.00	147	237	50000.00
347	1	35000.00	202	238	12200.00
348	4	25000.00	201	238	13000.00
349	3	20000.00	200	238	9900.00
350	3	300000.00	26	238	63000.00
351	2	460000.00	199	238	319000.00
352	1	150000.00	98	239	112000.00
353	1	110000.00	26	239	63000.00
354	1	150000.00	98	240	112000.00
355	1	252200.00	87	241	148000.00
356	1	380000.00	191	242	220000.00
357	1	32000.00	172	243	19500.00
358	1	25000.00	126	243	14000.00
359	2	25000.00	126	244	14000.00
360	2	12000.00	109	245	4700.00
361	1	33200.00	183	246	17600.00
362	1	190000.00	26	247	63000.00
363	1	150000.00	98	248	112000.00
364	1	310200.00	38	249	240000.00
365	1	250000.00	6	250	144000.00
366	1	195000.00	163	251	107000.00
367	1	180000.00	25	252	130000.00
368	1	80000.00	95	253	55000.00
369	1	12000.00	109	254	4700.00
371	2	140000.00	207	256	97000.00
372	1	260000.00	165	256	173000.00
373	1	390000.00	208	257	250000.00
374	1	90000.00	168	258	55000.00
375	1	65800.00	125	259	39000.00
376	1	210000.00	203	260	140000.00
378	1	55000.00	169	262	25000.00
379	1	35000.00	176	263	13500.00
380	1	120000.00	5	264	72000.00
381	1	45000.00	88	264	16400.00
382	1	55000.00	169	264	25000.00
383	1	75000.00	154	265	36000.00
384	1	73000.00	219	266	30000.00
385	1	98000.00	218	266	40000.00
386	1	122000.00	217	266	50000.00
387	1	41000.00	216	266	17000.00
388	1	673000.00	212	266	275000.00
390	10	270000.00	209	266	120000.00
391	2	294000.00	213	266	120000.00
392	4	539000.00	214	266	220000.00
393	5	73500.00	172	266	19500.00
394	5	600000.00	210	266	245000.00
395	5	760000.00	211	266	310000.00
396	2	110000.00	220	266	45000.00
397	1	90000.00	60	267	44000.00
398	1	180000.00	221	268	93000.00
399	1	80000.00	95	269	55000.00
400	1	185000.00	25	270	130000.00
401	1	50000.00	69	271	30000.00
402	1	155000.00	98	272	112000.00
403	1	253800.00	155	273	170000.00
404	1	65800.00	125	274	39000.00
405	1	12000.00	109	274	4700.00
406	1	65000.00	122	275	30000.00
407	1	15000.00	109	276	4700.00
408	1	310200.00	38	277	240000.00
410	1	25000.00	222	279	12500.00
411	1	15000.00	179	279	7000.00
412	1	70000.00	119	280	50000.00
414	1	152000.00	35	282	110000.00
415	2	195000.00	7	283	126000.00
416	1	330000.00	205	284	203500.00
417	1	330000.00	205	285	203500.00
418	2	25000.00	21	286	12600.00
419	1	200000.00	225	287	60000.00
420	1	175000.00	8	288	116000.00
424	1	300000.00	162	288	203000.00
425	1	55000.00	170	289	35000.00
426	1	55000.00	169	290	25000.00
427	1	120000.00	5	290	72000.00
428	1	85500.00	94	290	27000.00
429	1	76500.00	112	291	50000.00
430	1	15000.00	109	291	4700.00
431	2	4000.00	132	292	2500.00
432	14	6500.00	138	292	4600.00
433	10	7500.00	136	292	4200.00
434	1	120000.00	5	293	72000.00
435	1	55000.00	169	293	25000.00
436	1	85500.00	94	294	27000.00
437	1	35000.00	183	295	17600.00
438	1	150000.00	229	296	60000.00
439	1	90000.00	60	297	44000.00
440	1	15000.00	181	298	7000.00
442	1	120000.00	5	300	72000.00
443	1	160000.00	230	301	99700.00
444	1	50000.00	69	302	30000.00
445	1	155000.00	98	303	112000.00
446	1	25000.00	259	304	10000.00
447	15	185000.00	262	305	120000.00
448	3	140000.00	261	305	93000.00
449	10	175000.00	8	305	116000.00
450	5	195000.00	7	305	126000.00
451	30	900.00	134	305	500.00
452	1	60000.00	232	306	30000.00
453	1	242200.00	178	307	115000.00
455	1	155000.00	98	309	112000.00
459	1	850000.00	265	311	670000.00
460	2	12500.00	266	312	4000.00
461	1	360000.00	268	313	275000.00
462	2	300000.00	267	313	208500.00
463	1	185000.00	25	314	130000.00
464	1	25000.00	259	315	10000.00
465	1	15000.00	269	315	7400.00
467	1	155000.00	98	317	112000.00
468	1	161500.00	35	318	110000.00
469	1	290000.00	258	319	191000.00
470	1	25000.00	126	320	14000.00
471	1	65800.00	125	321	39000.00
472	1	120000.00	243	322	65000.00
474	1	150000.00	276	324	100000.00
475	1	64800.00	274	324	54000.00
476	1	1000000.00	273	324	630000.00
477	1	505400.00	272	324	358000.00
478	1	65000.00	275	324	50000.00
479	1	150000.00	276	325	100000.00
480	1	65000.00	275	325	50000.00
481	1	64800.00	274	325	54000.00
482	1	1000000.00	273	325	630000.00
483	1	505400.00	272	325	358000.00
485	1	372000.00	278	326	205000.00
486	1	229000.00	277	326	148000.00
487	3	150000.00	207	326	97000.00
488	1	477000.00	280	326	367000.00
489	1	76500.00	112	327	50000.00
490	1	120000.00	5	328	72000.00
491	1	55000.00	169	328	25000.00
492	1	55000.00	169	329	25000.00
493	1	55000.00	169	330	25000.00
494	1	90000.00	263	331	54000.00
495	1	120000.00	5	332	72000.00
496	1	85500.00	94	332	27000.00
497	2	55000.00	169	332	25000.00
498	1	155000.00	98	333	112000.00
499	1	120000.00	5	334	72000.00
500	1	95000.00	147	335	50000.00
501	1	105600.00	91	336	63000.00
502	1	155000.00	98	337	112000.00
503	1	350000.00	253	338	163000.00
504	1	220000.00	282	339	128000.00
505	1	228800.00	51	340	147000.00
507	1	185000.00	25	342	130000.00
508	1	155000.00	98	343	112000.00
509	1	370000.00	64	343	177000.00
510	1	55000.00	169	344	25000.00
511	1	65000.00	151	345	26300.00
512	1	130000.00	29	346	50000.00
513	1	39000.00	193	347	18000.00
514	1	50000.00	250	348	25000.00
515	1	75000.00	235	349	40000.00
516	1	144500.00	148	350	108000.00
517	1	252200.00	87	351	148000.00
518	1	145700.00	238	351	56000.00
519	1	65800.00	125	352	39000.00
520	1	15000.00	181	352	7000.00
521	1	250000.00	62	353	133000.00
522	1	35000.00	183	354	17600.00
523	1	165000.00	98	355	112000.00
524	1	190000.00	25	356	130000.00
525	1	165000.00	98	357	112000.00
526	1	180000.00	221	358	93000.00
527	1	65000.00	169	358	25000.00
528	1	165000.00	98	359	112000.00
529	1	15000.00	109	359	4700.00
531	1	390000.00	114	361	220000.00
532	1	125000.00	241	362	78000.00
535	1	50000.00	69	365	30000.00
536	1	200000.00	292	366	120000.00
537	1	370000.00	208	366	250000.00
538	1	70000.00	119	366	50000.00
539	1	420000.00	63	367	220000.00
540	1	90000.00	127	367	58000.00
541	1	210000.00	65	367	129000.00
542	1	75000.00	93	367	46000.00
543	1	30000.00	57	368	20000.00
545	1	55000.00	293	370	28700.00
546	1	15000.00	179	371	7000.00
548	1	40000.00	190	373	20000.00
549	1	697500.00	85	374	486000.00
550	1	35000.00	176	375	13500.00
552	1	210000.00	65	376	129000.00
553	1	35000.00	248	377	16000.00
554	1	161500.00	128	378	100000.00
556	1	370000.00	208	380	250000.00
557	1	95000.00	290	380	55000.00
558	1	120000.00	5	381	72000.00
559	1	60000.00	291	381	30000.00
560	1	4000.00	132	381	2500.00
561	1	380000.00	191	382	220000.00
562	1	390000.00	114	383	220000.00
563	1	370000.00	64	384	177000.00
564	1	190000.00	25	385	130000.00
565	1	15000.00	109	386	4700.00
566	1	15000.00	109	387	4700.00
567	1	15000.00	269	388	7400.00
568	1	228800.00	51	389	147000.00
570	1	210000.00	175	391	130000.00
571	1	160000.00	230	392	99700.00
572	1	253800.00	155	393	170000.00
573	1	65000.00	146	394	44000.00
574	1	30000.00	131	394	15000.00
575	7	900.00	133	394	500.00
577	1	89100.00	97	396	40000.00
578	1	165000.00	98	396	112000.00
579	1	165000.00	98	397	112000.00
580	1	60000.00	291	398	30000.00
581	1	180000.00	221	398	93000.00
582	1	1600000.00	307	399	1130000.00
583	1	180000.00	89	400	71000.00
589	1	30000.00	118	406	0.00
595	1	30000.00	118	412	0.00
596	1	25000.00	259	412	10000.00
602	2	30000.00	118	418	0.00
613	1	161000.00	24	426	99000.00
620	1	390000.00	191	432	190000.00
627	1	76500.00	112	438	50000.00
\.


--
-- Data for Name: django_admin_log; Type: TABLE DATA; Schema: public; Owner: solid
--

COPY public.django_admin_log (id, action_time, object_id, object_repr, action_flag, change_message, content_type_id, user_id) FROM stdin;
1	2025-06-21 19:11:10.669285+00	1	solid_telefono (Home - Carrusel Principal)	1	[{"added": {}}]	21	1
2	2025-06-21 19:14:58.398091+00	1	Audio	1	[{"added": {}}]	10	1
3	2025-06-21 19:17:36.926711+00	1	Parlantes	1	[{"added": {}}]	14	1
4	2025-06-21 19:36:29.890965+00	1	Parlante Oraolo	1	[{"added": {}}, {"added": {"name": "product image", "object": "Image for Parlante Oraolo"}}]	12	1
5	2025-06-21 20:49:38.269357+00	1	Audio	2	[{"changed": {"fields": ["Imagen de Categor\\u00eda"]}}]	10	1
6	2025-06-21 20:49:52.185771+00	2	Drones	1	[{"added": {}}]	10	1
7	2025-06-21 20:50:28.315069+00	3	Domotica	1	[{"added": {}}]	10	1
8	2025-06-21 20:51:07.290664+00	4	Smartwatch	1	[{"added": {}}]	10	1
9	2025-06-21 20:51:33.668609+00	5	Almacenamiento	1	[{"added": {}}]	10	1
10	2025-06-21 20:52:08.030679+00	6	Proyectores	1	[{"added": {}}]	10	1
11	2025-06-21 20:52:58.958135+00	7	Cámaras	1	[{"added": {}}]	10	1
12	2025-06-21 20:53:08.415779+00	3	Domótica	2	[{"changed": {"fields": ["Name"]}}]	10	1
13	2025-06-21 20:55:31.933605+00	8	TvBox	1	[{"added": {}}]	10	1
14	2025-06-21 20:56:23.617359+00	9	Videojuegos	1	[{"added": {}}]	10	1
15	2025-06-21 21:00:00.597565+00	2	Audifonos	1	[{"added": {}}]	14	1
16	2025-06-21 21:00:27.528226+00	1	Audifonos	1	[{"added": {}}]	11	1
17	2025-06-21 21:00:38.940516+00	2	Bluetooth	1	[{"added": {}}]	11	1
18	2025-06-21 21:03:22.543613+00	2	Audifonos Headset Gamer inalambricos Bluetooth - 2.4Ghz	1	[{"added": {}}, {"added": {"name": "product image", "object": "Image for Audifonos Headset Gamer inalambricos Bluetooth - 2.4Ghz"}}]	12	1
19	2025-06-21 21:06:20.426796+00	1	Parlante Bluetooth resistente al agua	2	[{"changed": {"fields": ["Name", "Description"]}}]	12	1
20	2025-06-21 21:07:45.402153+00	3	Audifonos inalambricos Redmi Buds 6 Active	1	[{"added": {}}, {"added": {"name": "product image", "object": "Image for Audifonos inalambricos Redmi Buds 6 Active"}}]	12	1
21	2025-06-21 21:08:04.152946+00	3	Audifonos inalambricos Redmi Buds 6 Active	2	[{"changed": {"fields": ["Stock"]}}]	12	1
22	2025-06-21 21:08:32.790455+00	1	Parlante Bluetooth resistente al agua	2	[{"changed": {"fields": ["Purchase price"]}}]	12	1
23	2025-06-21 21:09:52.241159+00	3	parlante	1	[{"added": {}}]	11	1
24	2025-06-21 21:10:40.089308+00	4	Parlante portatil - inalámbrico Lenovo	1	[{"added": {}}, {"added": {"name": "product image", "object": "Image for Parlante portatil - inal\\u00e1mbrico Lenovo"}}]	12	1
25	2025-06-21 21:12:23.393824+00	3	Cámaras de seguridad	1	[{"added": {}}]	14	1
26	2025-06-21 21:12:38.883664+00	4	interior	1	[{"added": {}}]	11	1
27	2025-06-21 21:12:55.807755+00	5	wifi	1	[{"added": {}}]	11	1
28	2025-06-21 21:13:07.648217+00	6	1080p	1	[{"added": {}}]	11	1
29	2025-06-21 21:13:14.430434+00	7	2K	1	[{"added": {}}]	11	1
30	2025-06-21 21:13:21.973506+00	8	4K	1	[{"added": {}}]	11	1
31	2025-06-21 21:14:20.581651+00	5	Cámaras de seguridad wifi TP-Link Tapo C200	1	[{"added": {}}, {"added": {"name": "product image", "object": "Image for C\\u00e1maras de seguridad wifi TP-Link Tapo C200"}}]	12	1
32	2025-06-21 21:15:43.470638+00	6	Cámaras de seguridad wifi TP-Link Tapo C210	1	[{"added": {}}]	12	1
33	2025-06-21 21:16:47.698099+00	6	Cámaras de seguridad wifi TP-Link Tapo C210	2	[{"added": {"name": "product image", "object": "Image for C\\u00e1maras de seguridad wifi TP-Link Tapo C210"}}]	12	1
34	2025-06-21 21:17:10.938674+00	6	Cámaras de seguridad wifi TP-Link Tapo C210	2	[{"changed": {"fields": ["Stock"]}}]	12	1
35	2025-06-21 21:17:23.775634+00	5	Cámaras de seguridad wifi TP-Link Tapo C200	2	[{"changed": {"fields": ["Tags"]}}]	12	1
36	2025-06-21 21:18:53.116921+00	9	audio	1	[{"added": {}}]	11	1
37	2025-06-21 21:19:20.623259+00	7	Camara wifi de uso exterior 2k Tapo C500	1	[{"added": {}}]	12	1
38	2025-06-21 21:20:21.212301+00	10	Exterior	1	[{"added": {}}]	11	1
39	2025-06-21 21:21:07.49064+00	8	Camara wifi de uso exterior 2k Tapo C310	1	[{"added": {}}, {"added": {"name": "product image", "object": "Image for Camara wifi de uso exterior 2k Tapo C310"}}]	12	1
40	2025-06-21 21:25:15.515648+00	8	Camara wifi de uso exterior 2k Tapo C310	2	[{"changed": {"name": "product image", "object": "Image for Camara wifi de uso exterior 2k Tapo C310", "fields": ["Image"]}}]	12	1
41	2025-06-21 21:25:24.601644+00	7	Camara wifi de uso exterior 2k Tapo C500	2	[{"added": {"name": "product image", "object": "Image for Camara wifi de uso exterior 2k Tapo C500"}}]	12	1
42	2025-06-21 21:25:36.301408+00	6	Cámaras de seguridad wifi TP-Link Tapo C210	2	[{"changed": {"name": "product image", "object": "Image for C\\u00e1maras de seguridad wifi TP-Link Tapo C210", "fields": ["Image"]}}]	12	1
43	2025-06-21 21:25:47.371457+00	5	Cámaras de seguridad wifi TP-Link Tapo C200	2	[{"changed": {"name": "product image", "object": "Image for C\\u00e1maras de seguridad wifi TP-Link Tapo C200", "fields": ["Image"]}}]	12	1
44	2025-06-21 21:26:13.300603+00	4	Parlante portatil - inalámbrico Lenovo	2	[{"changed": {"name": "product image", "object": "Image for Parlante portatil - inal\\u00e1mbrico Lenovo", "fields": ["Image"]}}]	12	1
45	2025-06-21 21:26:26.837616+00	3	Audifonos inalambricos Redmi Buds 6 Active	2	[{"changed": {"name": "product image", "object": "Image for Audifonos inalambricos Redmi Buds 6 Active", "fields": ["Image"]}}]	12	1
46	2025-06-21 21:26:37.076597+00	2	Audifonos Headset Gamer inalambricos Bluetooth - 2.4Ghz	2	[{"changed": {"name": "product image", "object": "Image for Audifonos Headset Gamer inalambricos Bluetooth - 2.4Ghz", "fields": ["Image"]}}]	12	1
47	2025-06-21 21:26:48.166361+00	1	Parlante Bluetooth resistente al agua	2	[{"changed": {"name": "product image", "object": "Image for Parlante Bluetooth resistente al agua", "fields": ["Image"]}}]	12	1
48	2025-06-21 21:31:16.148159+00	4	Controles	1	[{"added": {}}]	14	1
49	2025-06-21 21:32:01.170723+00	9	Control de Videojuegos Gamesir Nova Lite	1	[{"added": {}}, {"added": {"name": "product image", "object": "Image for Control de Videojuegos Gamesir Nova Lite"}}]	12	1
50	2025-06-21 21:33:35.899338+00	2	Banner general tienda telefono (Home - Carrusel Principal)	1	[{"added": {}}]	21	1
51	2025-06-21 21:34:29.314701+00	9	Control de Videojuegos Gamesir Nova Lite	2	[{"changed": {"fields": ["Producto Destacado"]}}]	12	1
52	2025-06-21 21:34:29.31665+00	6	Cámaras de seguridad wifi TP-Link Tapo C210	2	[{"changed": {"fields": ["Producto Destacado"]}}]	12	1
53	2025-06-21 21:34:29.317936+00	2	Audifonos Headset Gamer inalambricos Bluetooth - 2.4Ghz	2	[{"changed": {"fields": ["Producto Destacado"]}}]	12	1
54	2025-06-21 21:36:03.424271+00	11	Batería	1	[{"added": {}}]	11	1
55	2025-06-21 21:37:08.622288+00	10	Cámara exteriores Tapo C425	1	[{"added": {}}, {"added": {"name": "product image", "object": "Image for C\\u00e1mara exteriores Tapo C425"}}]	12	1
244	2025-07-22 23:04:45.95301+00	59	Alexa - Echo Pop	2	[{"changed": {"fields": ["Producto Destacado"]}}]	12	1
56	2025-06-21 21:38:40.797607+00	11	Cámara exteriores Tapo C402	1	[{"added": {}}, {"added": {"name": "product image", "object": "Image for C\\u00e1mara exteriores Tapo C402"}}]	12	1
57	2025-06-21 22:21:21.531913+00	1	Discount: 10%	1	[{"added": {}}]	20	1
58	2025-06-22 16:21:23.359394+00	11	Cámara exteriores Tapo C402	2	[{"changed": {"fields": ["Producto Destacado"]}}]	12	1
59	2025-06-22 16:21:23.361333+00	10	Cámara exteriores Tapo C425	2	[{"changed": {"fields": ["Producto Destacado"]}}]	12	1
60	2025-06-22 16:21:23.362638+00	4	Parlante portatil - inalámbrico Lenovo	2	[{"changed": {"fields": ["Producto Destacado"]}}]	12	1
61	2025-06-22 17:18:08.703178+00	11	Cámara exteriores Tapo C402	2	[{"changed": {"name": "product image", "object": "Image for C\\u00e1mara exteriores Tapo C402", "fields": ["Image"]}}]	12	1
62	2025-06-22 17:18:35.108666+00	10	Cámara exteriores Tapo C425	2	[{"changed": {"name": "product image", "object": "Image for C\\u00e1mara exteriores Tapo C425", "fields": ["Image"]}}]	12	1
63	2025-06-22 17:18:45.570385+00	8	Camara wifi de uso exterior 2k Tapo C310	2	[{"changed": {"name": "product image", "object": "Image for Camara wifi de uso exterior 2k Tapo C310", "fields": ["Image"]}}]	12	1
64	2025-06-22 17:18:57.625786+00	7	Camara wifi de uso exterior 2k Tapo C500	2	[{"changed": {"name": "product image", "object": "Image for Camara wifi de uso exterior 2k Tapo C500", "fields": ["Image"]}}]	12	1
65	2025-06-22 17:19:27.808671+00	6	Cámaras de seguridad wifi TP-Link Tapo C210	2	[{"changed": {"name": "product image", "object": "Image for C\\u00e1maras de seguridad wifi TP-Link Tapo C210", "fields": ["Image"]}}]	12	1
66	2025-06-22 17:19:35.800393+00	5	Cámaras de seguridad wifi TP-Link Tapo C200	2	[{"changed": {"name": "product image", "object": "Image for C\\u00e1maras de seguridad wifi TP-Link Tapo C200", "fields": ["Image"]}}]	12	1
67	2025-06-22 17:23:18.290067+00	12	Cámara wifi exteriores Tapo C402 con Panel solar	1	[{"added": {}}, {"added": {"name": "product image", "object": "Image for C\\u00e1mara wifi exteriores Tapo C402 con Panel solar"}}]	12	1
68	2025-06-22 17:23:52.308267+00	11	Cámara wifi exteriores Tapo C402	2	[{"changed": {"fields": ["Name"]}}]	12	1
69	2025-06-22 17:23:59.345815+00	10	Cámara wifi exteriores Tapo C425	2	[{"changed": {"fields": ["Name"]}}]	12	1
70	2025-06-22 17:26:07.513915+00	12	Domotica	1	[{"added": {}}]	11	1
71	2025-06-22 17:27:44.627727+00	5	Iluminacion	1	[{"added": {}}]	14	1
72	2025-06-22 17:28:10.399423+00	13	Interruptor de Luz Smart Wifi Tapo S505	1	[{"added": {}}, {"added": {"name": "product image", "object": "Image for Interruptor de Luz Smart Wifi Tapo S505"}}]	12	1
73	2025-06-22 17:31:16.752192+00	13	Interruptor de Luz Smart Wifi Tapo S505	2	[{"changed": {"fields": ["Description"]}}]	12	1
74	2025-06-22 17:31:16.81517+00	14	Interruptor de Luz Smart Wifi Tapo S505 x 2 unidades	1	[{"added": {}}, {"added": {"name": "product image", "object": "Image for Interruptor de Luz Smart Wifi Tapo S505 x 2 unidades"}}]	12	1
75	2025-06-22 17:31:32.173715+00	12	Cámara wifi exteriores Tapo C402 con Panel solar	2	[{"changed": {"fields": ["Stock"]}}]	12	1
76	2025-06-22 17:35:33.889862+00	6	Domotica otros	1	[{"added": {}}]	14	1
77	2025-06-22 17:36:29.071895+00	15	Tp-Link P115 Enchufe Inteligente y Monitor de energia	1	[{"added": {}}, {"added": {"name": "product image", "object": "Image for Tp-Link P115 Enchufe Inteligente y Monitor de energia"}}]	12	1
78	2025-06-22 18:23:35.095011+00	16	Tp-Link P115 Enchufe Inteligente y Monitor de energia x 1 unidad	1	[{"added": {}}, {"added": {"name": "product image", "object": "Image for Tp-Link P115 Enchufe Inteligente y Monitor de energia x 1 unidad"}}]	12	1
79	2025-06-22 18:24:03.128032+00	15	Tp-Link P115 Enchufe Inteligente y Monitor de energia x 2 unidades	2	[{"changed": {"fields": ["Name"]}}]	12	1
80	2025-06-22 18:25:45.72152+00	16	Tapo P115 Enchufe Inteligente y Monitor de energía x 1 unid	2	[{"changed": {"fields": ["Name"]}}]	12	1
81	2025-06-22 18:26:02.360308+00	15	Tapo P115 Enchufe Inteligente y Monitor de energía x 2 unid	2	[{"changed": {"fields": ["Name"]}}]	12	1
82	2025-06-22 18:33:37.714032+00	15	Tp-Link P115 Enchufe Inteligente y Monitor de energia x 2 unidades	2	[{"changed": {"fields": ["Name"]}}, {"changed": {"name": "product image", "object": "Image for Tp-Link P115 Enchufe Inteligente y Monitor de energia x 2 unidades", "fields": ["Image"]}}]	12	1
83	2025-06-22 18:34:11.004817+00	16	Tapo P115 Enchufe Inteligente y Monitor de energía x 1 unid	2	[{"changed": {"name": "product image", "object": "Image for Tapo P115 Enchufe Inteligente y Monitor de energ\\u00eda x 1 unid", "fields": ["Image"]}}]	12	1
84	2025-06-22 18:34:22.05533+00	15	Tp-Link P115 Enchufe Inteligente y Monitor de energia x 2 unidades	2	[{"added": {"name": "product image", "object": "Image for Tp-Link P115 Enchufe Inteligente y Monitor de energia x 2 unidades"}}]	12	1
85	2025-06-22 18:34:45.009878+00	14	Interruptor de Luz Smart Wifi Tapo S505 x 2 unidades	2	[{"added": {"name": "product image", "object": "Image for Interruptor de Luz Smart Wifi Tapo S505 x 2 unidades"}}]	12	1
86	2025-06-22 18:34:58.488475+00	13	Interruptor de Luz Smart Wifi Tapo S505	2	[{"changed": {"name": "product image", "object": "Image for Interruptor de Luz Smart Wifi Tapo S505", "fields": ["Image"]}}]	12	1
87	2025-06-22 18:35:23.384939+00	14	Interruptor de Luz Smart Wifi Tapo S505 x 2 unidades	2	[{"changed": {"name": "product image", "object": "Image for Interruptor de Luz Smart Wifi Tapo S505 x 2 unidades", "fields": ["Image"]}}]	12	1
88	2025-06-22 18:36:30.812798+00	14	Interruptor de Luz Smart Wifi Tapo S505 x 2 unidades	2	[{"deleted": {"name": "product image", "object": "Image for Interruptor de Luz Smart Wifi Tapo S505 x 2 unidades"}}]	12	1
89	2025-06-22 18:37:27.346303+00	15	Tp-Link P115 Enchufe Inteligente y Monitor de energia x 2 unidades	2	[{"deleted": {"name": "product image", "object": "Image for Tp-Link P115 Enchufe Inteligente y Monitor de energia x 2 unidades"}}]	12	1
90	2025-06-22 18:40:26.148342+00	17	Tapo P125 Enchufe Inteligente - version apple x 2 unid	1	[{"added": {}}, {"added": {"name": "product image", "object": "Image for Tapo P125 Enchufe Inteligente - version apple x 2 unid"}}]	12	1
91	2025-06-22 18:41:35.392777+00	3	Audifonos inalambricos Redmi Buds 6 Active	2	[{"changed": {"fields": ["Tags"]}}]	12	1
92	2025-06-22 18:42:13.175565+00	13	Resistente al agua	1	[{"added": {}}]	11	1
93	2025-06-22 18:42:25.150164+00	4	Parlante portatil - inalámbrico Lenovo	2	[{"changed": {"fields": ["Tags"]}}]	12	1
94	2025-06-22 18:42:41.280148+00	2	Audifonos Headset Gamer inalambricos Bluetooth - 2.4Ghz	2	[{"changed": {"fields": ["Tags"]}}]	12	1
95	2025-06-22 18:43:06.641097+00	1	Parlante Bluetooth resistente al agua	2	[{"changed": {"fields": ["Tags"]}}]	12	1
96	2025-06-22 18:45:23.842178+00	18	Audifonos inalambricos Tozo	1	[{"added": {}}, {"added": {"name": "product image", "object": "Image for Audifonos inalambricos Tozo"}}]	12	1
97	2025-06-22 18:47:37.741398+00	19	Combo de 4 Camaras Xiaomi Yi Wifi 2K	1	[{"added": {}}, {"added": {"name": "product image", "object": "Image for Combo de 4 Camaras Xiaomi Yi Wifi 2K"}}]	12	1
98	2025-06-22 18:51:53.236456+00	20	Lampara Led solar	1	[{"added": {}}, {"added": {"name": "product image", "object": "Image for Lampara Led solar"}}]	12	1
99	2025-06-22 18:54:06.860318+00	21	Bombillo Wifi inteligente compatible con Google - Alexa	1	[{"added": {}}, {"added": {"name": "product image", "object": "Image for Bombillo Wifi inteligente compatible con Google - Alexa"}}]	12	1
100	2025-06-22 18:55:36.070768+00	7	Diversion	1	[{"added": {}}]	14	1
101	2025-06-22 18:55:46.546387+00	14	Drones	1	[{"added": {}}]	11	1
102	2025-06-22 18:56:00.451247+00	15	720p	1	[{"added": {}}]	11	1
103	2025-06-22 18:56:53.489043+00	22	Drone Syma X200W con Camara	1	[{"added": {}}, {"added": {"name": "product image", "object": "Image for Drone Syma X200W con Camara"}}]	12	1
104	2025-06-22 18:58:05.467262+00	23	Drone S80 con camara y 2 baterias	1	[{"added": {}}, {"added": {"name": "product image", "object": "Image for Drone S80 con camara y 2 baterias"}}]	12	1
105	2025-06-22 19:00:59.406358+00	8	Android	1	[{"added": {}}]	14	1
106	2025-06-22 19:02:23.051705+00	24	Amazon Fire TV Stick - 2 gen	1	[{"added": {}}, {"added": {"name": "product image", "object": "Image for Amazon Fire TV Stick - 2 gen"}}]	12	1
107	2025-06-22 19:04:41.683651+00	25	Onn 4k TV Box con Android TV	1	[{"added": {}}, {"added": {"name": "product image", "object": "Image for Onn 4k TV Box con Android TV"}}]	12	1
108	2025-06-22 19:05:59.28163+00	24	Amazon Fire TV Stick - 2 gen	2	[{"changed": {"fields": ["Description"]}}]	12	1
109	2025-06-22 19:08:17.700717+00	25	Onn 4k TV Box con Android TV	2	[{"changed": {"name": "product image", "object": "Image for Onn 4k TV Box con Android TV", "fields": ["Image"]}}]	12	1
110	2025-06-22 19:08:27.020412+00	24	Amazon Fire TV Stick - 2 gen	2	[{"changed": {"name": "product image", "object": "Image for Amazon Fire TV Stick - 2 gen", "fields": ["Image"]}}]	12	1
111	2025-06-22 19:09:18.898593+00	23	Drone S80 con camara y 2 baterias	2	[{"changed": {"name": "product image", "object": "Image for Drone S80 con camara y 2 baterias", "fields": ["Image"]}}]	12	1
112	2025-06-22 19:09:33.627548+00	22	Drone Syma X200W con Camara	2	[{"changed": {"name": "product image", "object": "Image for Drone Syma X200W con Camara", "fields": ["Image"]}}]	12	1
113	2025-06-22 19:11:33.084706+00	9	SSD	1	[{"added": {}}]	14	1
114	2025-06-22 19:12:31.974384+00	16	SSD	1	[{"added": {}}]	11	1
115	2025-06-22 19:12:40.983583+00	17	Almacenamiento	1	[{"added": {}}]	11	1
116	2025-06-22 19:13:13.137464+00	26	SSD Patriot P220 256GB	1	[{"added": {}}, {"added": {"name": "product image", "object": "Image for SSD Patriot P220 256GB"}}]	12	1
117	2025-06-22 19:16:32.178311+00	10	Micro SD	1	[{"added": {}}]	14	1
118	2025-06-22 19:16:43.480235+00	18	Micro SD	1	[{"added": {}}]	11	1
119	2025-06-22 19:17:26.291388+00	27	Memoria Micro SD Sandisk 64GB	1	[{"added": {}}, {"added": {"name": "product image", "object": "Image for Memoria Micro SD Sandisk 64GB"}}]	12	1
120	2025-06-22 19:18:10.825971+00	28	Memoria Micro SD Sandisk 128GB	1	[{"added": {}}, {"added": {"name": "product image", "object": "Image for Memoria Micro SD Sandisk 128GB"}}]	12	1
121	2025-06-22 19:18:50.767473+00	29	Memoria Micro SD Sandisk 256GB	1	[{"added": {}}, {"added": {"name": "product image", "object": "Image for Memoria Micro SD Sandisk 256GB"}}]	12	1
122	2025-06-22 19:22:48.007524+00	19	Retro	1	[{"added": {}}]	11	1
123	2025-06-22 19:22:54.775694+00	20	Consola	1	[{"added": {}}]	11	1
124	2025-06-22 19:24:08.850337+00	11	Consolas	1	[{"added": {}}]	14	1
125	2025-06-22 19:24:11.108228+00	30	Ambernic RG40XX - Consola Retro	1	[{"added": {}}]	12	1
126	2025-06-22 19:24:51.465567+00	30	Ambernic RG40XX - Consola Retro	2	[{"added": {"name": "product image", "object": "Image for Ambernic RG40XX - Consola Retro"}}]	12	1
127	2025-06-22 19:25:40.576473+00	30	Ambernic RG40XX - Consola Retro	2	[{"changed": {"fields": ["Sale price", "Discount"]}}]	12	1
128	2025-06-22 19:28:20.301977+00	31	Vortex F5 128GB - Consola Retro	1	[{"added": {}}, {"added": {"name": "product image", "object": "Image for Vortex F5 128GB - Consola Retro"}}]	12	1
129	2025-06-22 19:30:14.839429+00	32	Control MG25Z inalámbrico PC-Android-Switch-Iphone-TvBox	1	[{"added": {}}, {"added": {"name": "product image", "object": "Image for Control MG25Z inal\\u00e1mbrico PC-Android-Switch-Iphone-TvBox"}}]	12	1
130	2025-06-22 19:31:22.594763+00	33	Control de videojuegos Bluetooth para Telefono Android y Iphone	1	[{"added": {}}, {"added": {"name": "product image", "object": "Image for Control de videojuegos Bluetooth para Telefono Android y Iphone"}}]	12	1
131	2025-06-22 19:32:25.782669+00	34	Control Bluetooth PC - Nintendo Switch	1	[{"added": {}}, {"added": {"name": "product image", "object": "Image for Control Bluetooth PC - Nintendo Switch"}}]	12	1
132	2025-06-22 19:33:49.79447+00	35	R36S - Consola Retro	1	[{"added": {}}, {"added": {"name": "product image", "object": "Image for R36S - Consola Retro"}}]	12	1
133	2025-06-22 19:35:57.123679+00	36	Kinhank K36 - Consola Retro	1	[{"added": {}}, {"added": {"name": "product image", "object": "Image for Kinhank K36 - Consola Retro"}}]	12	1
134	2025-06-22 19:37:12.422036+00	21	Android	1	[{"added": {}}]	11	1
135	2025-06-22 19:38:52.159007+00	37	Retroid Pocket 5 128GB Color Morado	1	[{"added": {}}, {"added": {"name": "product image", "object": "Image for Retroid Pocket 5 128GB Color Morado"}}]	12	1
136	2025-06-22 19:39:11.009084+00	37	Retroid Pocket 5 128GB Color Morado	2	[{"changed": {"fields": ["Discount"]}}]	12	1
137	2025-06-22 19:41:39.411821+00	38	Trimui Smart Pro - Consola Retro	1	[{"added": {}}, {"added": {"name": "product image", "object": "Image for Trimui Smart Pro - Consola Retro"}}]	12	1
138	2025-06-22 19:46:38.724205+00	12	No-Smart	1	[{"added": {}}]	14	1
139	2025-06-22 19:46:51.782437+00	22	Proyector	1	[{"added": {}}]	11	1
140	2025-06-22 19:47:39.854202+00	39	VideoBeam - Proyector HomPow Nativo 1080P	1	[{"added": {}}, {"added": {"name": "product image", "object": "Image for VideoBeam - Proyector HomPow Nativo 1080P"}}]	12	1
141	2025-06-22 19:49:58.233234+00	40	Proyector Full HD 1080p nativo, autofocus - keystone - wifi - bluetooth	1	[{"added": {}}, {"added": {"name": "product image", "object": "Image for Proyector Full HD 1080p nativo, autofocus - keystone - wifi - bluetooth"}}]	12	1
142	2025-06-22 19:51:34.748728+00	40	Proyector - Videobeam Full HD 1080p nativo wifi - bluetooth	2	[{"changed": {"fields": ["Name"]}}]	12	1
143	2025-06-22 19:52:31.387215+00	39	Proyector - VideoBeam Full HD nativo HomPow Bluetooth	2	[{"changed": {"fields": ["Name"]}}]	12	1
144	2025-06-22 19:52:51.520806+00	40	Proyector - Videobeam Full HD nativo wifi - bluetooth	2	[{"changed": {"fields": ["Name"]}}]	12	1
145	2025-06-22 19:53:17.180056+00	39	Proyector - VideoBeam Full HD nativo Bluetooth	2	[{"changed": {"fields": ["Name", "Description"]}}]	12	1
146	2025-06-22 19:53:36.879307+00	40	Proyector - Videobeam Full HD nativo wifi - bluetooth	2	[{"changed": {"fields": ["Description"]}}]	12	1
336	2025-08-22 18:41:08.513732+00	1	Audio	2	[]	10	1
147	2025-06-22 19:54:21.066487+00	40	Proyector - Videobeam Full HD nativo wifi - bluetooth	2	[{"changed": {"fields": ["Producto Destacado"]}}]	12	1
148	2025-06-22 19:54:21.06846+00	37	Retroid Pocket 5 128GB Color Morado	2	[{"changed": {"fields": ["Producto Destacado"]}}]	12	1
149	2025-06-22 19:54:21.069744+00	25	Onn 4k TV Box con Android TV	2	[{"changed": {"fields": ["Producto Destacado"]}}]	12	1
150	2025-06-22 19:54:21.070992+00	24	Amazon Fire TV Stick - 2 gen	2	[{"changed": {"fields": ["Producto Destacado"]}}]	12	1
151	2025-06-22 19:54:21.072187+00	18	Audifonos inalambricos Tozo	2	[{"changed": {"fields": ["Producto Destacado"]}}]	12	1
152	2025-06-22 19:54:21.073407+00	10	Cámara wifi exteriores Tapo C425	2	[{"changed": {"fields": ["Producto Destacado"]}}]	12	1
153	2025-06-22 19:54:21.074496+00	9	Control de Videojuegos Gamesir Nova Lite	2	[{"changed": {"fields": ["Producto Destacado"]}}]	12	1
154	2025-06-23 16:12:47.253019+00	41	Proyector - Videobeam 720p	1	[{"added": {}}, {"added": {"name": "product image", "object": "Image for Proyector - Videobeam 720p"}}]	12	1
155	2025-06-23 16:19:00.506753+00	42	Proyector - Videobeam 720p bluetooth - Telón	1	[{"added": {}}, {"added": {"name": "product image", "object": "Image for Proyector - Videobeam 720p bluetooth - Tel\\u00f3n"}}]	12	1
156	2025-06-23 16:21:26.909361+00	43	Proyector Full HD nativo - Bluetooth	1	[{"added": {}}, {"added": {"name": "product image", "object": "Image for Proyector Full HD nativo - Bluetooth"}}]	12	1
157	2025-06-23 16:21:45.770373+00	43	Proyector - Videobeam Full HD nativo - Bluetooth	2	[{"changed": {"fields": ["Name"]}}]	12	1
158	2025-06-23 16:23:21.516277+00	44	Proyector - Videobeam Full HD nativo - Bluetooth	1	[{"added": {}}, {"added": {"name": "product image", "object": "Image for Proyector - Videobeam Full HD nativo - Bluetooth"}}]	12	1
159	2025-06-23 16:23:50.545494+00	39	Proyector - VideoBeam HomPow Full HD nativo Bluetooth	2	[{"changed": {"fields": ["Name"]}}]	12	1
160	2025-06-23 16:24:00.678585+00	40	Proyector - Videobeam Vizony Full HD nativo wifi - bluetooth	2	[{"changed": {"fields": ["Name"]}}]	12	1
161	2025-06-23 16:24:29.199984+00	42	Proyector - Videobeam TMY 720p bluetooth - Telón	2	[{"changed": {"fields": ["Name"]}}]	12	1
162	2025-06-23 16:25:19.253207+00	43	Proyector - Videobeam Happrun Full HD nativo - Bluetooth	2	[{"changed": {"fields": ["Name"]}}]	12	1
163	2025-06-23 16:25:53.451427+00	44	Proyector - Videobeam Cibest Full HD nativo - Bluetooth	2	[{"changed": {"fields": ["Name"]}}]	12	1
164	2025-06-23 16:29:12.051235+00	45	Proyector - Videobeam Jowlurk Full HD nativo - Wifi -Bluetooth	1	[{"added": {}}, {"added": {"name": "product image", "object": "Image for Proyector - Videobeam Jowlurk Full HD nativo - Wifi -Bluetooth"}}]	12	1
165	2025-06-23 16:34:35.956886+00	46	Proyector - Videobeam Nisoo Full HD nativo - Wifi -Bluetooth	1	[{"added": {}}, {"added": {"name": "product image", "object": "Image for Proyector - Videobeam Nisoo Full HD nativo - Wifi -Bluetooth"}}]	12	1
166	2025-06-23 16:38:45.990439+00	13	Smartwatch	1	[{"added": {}}]	14	1
167	2025-06-23 16:39:09.53224+00	47	Smartwatch - Reloj Colmi P81	1	[{"added": {}}, {"added": {"name": "product image", "object": "Image for Smartwatch - Reloj Colmi P81"}}]	12	1
168	2025-06-23 16:40:05.714249+00	48	Smartwatch - Reloj Colmi P71	1	[{"added": {}}, {"added": {"name": "product image", "object": "Image for Smartwatch - Reloj Colmi P71"}}]	12	1
169	2025-06-24 16:14:27.638159+00	1	solid_telefono (Home - Carrusel Principal)	2	[{"changed": {"fields": ["Activo"]}}]	21	1
170	2025-06-24 20:15:15.100391+00	29	Memoria Micro SD Sandisk 256GB	2	[{"changed": {"fields": ["Sale price", "Discount"]}}]	12	1
171	2025-06-24 20:16:58.626833+00	18	Audifonos inalambricos Tozo	2	[{"changed": {"fields": ["Discount"]}}]	12	1
172	2025-06-24 20:17:45.475625+00	4	Parlante portatil - inalámbrico Lenovo	2	[{"changed": {"fields": ["Sale price", "Discount"]}}]	12	1
173	2025-06-24 20:17:57.3052+00	1	Parlante Bluetooth resistente al agua	2	[{"changed": {"fields": ["Discount"]}}]	12	1
174	2025-06-24 20:18:41.892596+00	4	Parlante portatil - inalámbrico Lenovo	2	[{"changed": {"fields": ["Discount"]}}]	12	1
175	2025-06-24 20:19:22.942615+00	18	Audifonos inalambricos Tozo	2	[{"changed": {"fields": ["Discount"]}}]	12	1
176	2025-06-24 20:20:34.164816+00	11	Cámara wifi exteriores Tapo C402	2	[{"changed": {"fields": ["Sale price", "Discount"]}}, {"changed": {"name": "product image", "object": "Image for C\\u00e1mara wifi exteriores Tapo C402", "fields": ["Image"]}}]	12	1
177	2025-06-24 20:20:55.313176+00	12	Cámara wifi exteriores Tapo C402 con Panel solar	2	[{"changed": {"fields": ["Discount"]}}]	12	1
178	2025-06-24 20:22:11.692939+00	6	Cámaras de seguridad wifi Tapo C210 x2 Unid	2	[{"changed": {"fields": ["Name", "Purchase price", "Sale price", "Discount"]}}]	12	1
179	2025-06-24 20:22:57.187873+00	5	Cámaras de seguridad wifi TP-Link Tapo C200	2	[{"changed": {"fields": ["Sale price", "Discount"]}}]	12	1
180	2025-06-24 20:23:07.609606+00	5	Cámaras de seguridad wifi TP-Link Tapo C200	2	[{"changed": {"fields": ["Discount"]}}]	12	1
181	2025-06-24 20:23:55.229036+00	23	Drone S80 con camara y 2 baterias	2	[{"changed": {"fields": ["Sale price", "Discount"]}}]	12	1
182	2025-06-24 20:24:07.010124+00	22	Drone Syma X200W con Camara	2	[{"changed": {"fields": ["Sale price", "Discount"]}}]	12	1
183	2025-06-24 20:24:17.235684+00	23	Drone S80 con camara y 2 baterias	2	[{"changed": {"fields": ["Discount"]}}]	12	1
184	2025-06-24 20:24:21.660122+00	22	Drone Syma X200W con Camara	2	[{"changed": {"fields": ["Discount"]}}]	12	1
185	2025-06-24 20:24:38.390315+00	23	Drone S80 con camara y 2 baterias	2	[{"changed": {"fields": ["Discount"]}}]	12	1
186	2025-06-24 20:24:43.715889+00	22	Drone Syma X200W con Camara	2	[{"changed": {"fields": ["Discount"]}}]	12	1
187	2025-06-24 20:25:14.592+00	46	Proyector - Videobeam Nisoo Full HD nativo - Wifi -Bluetooth	2	[{"changed": {"fields": ["Discount"]}}]	12	1
188	2025-06-24 20:25:26.651302+00	46	Proyector - Videobeam Nisoo Full HD nativo - Wifi -Bluetooth	2	[{"changed": {"fields": ["Discount"]}}]	12	1
189	2025-06-24 20:25:43.65804+00	44	Proyector - Videobeam Cibest Full HD nativo - Bluetooth	2	[{"changed": {"fields": ["Discount"]}}]	12	1
190	2025-06-24 20:26:09.621494+00	41	Proyector - Videobeam 720p	2	[{"changed": {"fields": ["Discount"]}}]	12	1
191	2025-06-24 20:26:39.005202+00	48	Smartwatch - Reloj Colmi P71	2	[{"changed": {"fields": ["Discount"]}}]	12	1
192	2025-06-24 20:26:51.924157+00	47	Smartwatch - Reloj Colmi P81	2	[{"changed": {"fields": ["Discount"]}}]	12	1
193	2025-06-24 20:27:41.083908+00	31	Vortex F5 128GB - Consola Retro	2	[{"changed": {"fields": ["Discount"]}}]	12	1
194	2025-06-25 18:18:14.384341+00	49	Soporte para Celular - Control de Xbox one	1	[{"added": {}}, {"added": {"name": "product image", "object": "Image for Soporte para Celular - Control de Xbox one"}}]	12	1
195	2025-06-25 18:19:24.39346+00	50	Soporte para Celular - Control de Ps4	1	[{"added": {}}, {"added": {"name": "product image", "object": "Image for Soporte para Celular - Control de Ps4"}}]	12	1
196	2025-06-25 18:26:03.870255+00	51	Altavoz Bluetooth portátil BOOMBLAST	1	[{"added": {}}, {"added": {"name": "product image", "object": "Image for Altavoz Bluetooth port\\u00e1til BOOMBLAST"}}]	12	1
197	2025-06-25 18:36:21.91349+00	10	Computación	1	[{"added": {}}]	10	1
198	2025-06-25 18:36:48.853781+00	14	Impresoras	1	[{"added": {}}]	14	1
199	2025-06-25 18:38:20.939244+00	52	Impresora termica de recibos portatil	1	[{"added": {}}, {"added": {"name": "product image", "object": "Image for Impresora termica de recibos portatil"}}]	12	1
200	2025-06-25 18:40:31.67105+00	52	Impresora termica de recibos portatil	2	[{"added": {"name": "product image", "object": "Image for Impresora termica de recibos portatil"}}]	12	1
201	2025-06-25 18:43:10.347857+00	52	Impresora termica de recibos portatil	2	[{"added": {"name": "product image", "object": "Image for Impresora termica de recibos portatil"}}]	12	1
202	2025-06-25 18:43:35.370812+00	51	Altavoz Bluetooth portátil BOOMBLAST	2	[{"added": {"name": "product image", "object": "Image for Altavoz Bluetooth port\\u00e1til BOOMBLAST"}}, {"added": {"name": "product image", "object": "Image for Altavoz Bluetooth port\\u00e1til BOOMBLAST"}}, {"added": {"name": "product image", "object": "Image for Altavoz Bluetooth port\\u00e1til BOOMBLAST"}}]	12	1
203	2025-06-25 18:49:27.072804+00	15	Accesorios	1	[{"added": {}}]	14	1
204	2025-06-25 18:50:10.924288+00	53	Mouse inalámbrico Bluetooth - Blanco	1	[{"added": {}}, {"added": {"name": "product image", "object": "Image for Mouse inal\\u00e1mbrico Bluetooth - Blanco"}}]	12	1
205	2025-06-25 18:54:32.113045+00	54	Lector de Memorias USB 3.0	1	[{"added": {}}, {"added": {"name": "product image", "object": "Image for Lector de Memorias USB 3.0"}}]	12	1
206	2025-06-25 18:54:39.782221+00	53	Mouse inalámbrico Bluetooth - Blanco	2	[{"changed": {"name": "product image", "object": "Image for Mouse inal\\u00e1mbrico Bluetooth - Blanco", "fields": ["Image"]}}]	12	1
207	2025-06-25 19:09:20.048339+00	55	Sensor de puerta y ventana Wifi	1	[{"added": {}}, {"added": {"name": "product image", "object": "Image for Sensor de puerta y ventana Wifi"}}, {"added": {"name": "product image", "object": "Image for Sensor de puerta y ventana Wifi"}}]	12	1
208	2025-06-25 19:12:23.452737+00	56	Interruptor inteligente wifi	1	[{"added": {}}, {"added": {"name": "product image", "object": "Image for Interruptor inteligente wifi"}}, {"added": {"name": "product image", "object": "Image for Interruptor inteligente wifi"}}, {"added": {"name": "product image", "object": "Image for Interruptor inteligente wifi"}}]	12	1
209	2025-06-25 19:12:34.594723+00	55	Sensor de puerta y ventana Wifi	2	[{"changed": {"fields": ["Sale price"]}}]	12	1
210	2025-06-25 19:20:34.772843+00	57	Case - Funda protectora rigida	1	[{"added": {}}, {"added": {"name": "product image", "object": "Image for Case - Funda protectora rigida"}}, {"added": {"name": "product image", "object": "Image for Case - Funda protectora rigida"}}, {"added": {"name": "product image", "object": "Image for Case - Funda protectora rigida"}}]	12	1
211	2025-06-27 15:43:55.051427+00	5	Almacenamiento	2	[{"changed": {"fields": ["Orden de Visualizaci\\u00f3n"]}}]	10	1
212	2025-06-27 15:43:55.053658+00	1	Audio	2	[{"changed": {"fields": ["Orden de Visualizaci\\u00f3n"]}}]	10	1
213	2025-06-27 15:43:55.054901+00	10	Computación	2	[{"changed": {"fields": ["Orden de Visualizaci\\u00f3n"]}}]	10	1
214	2025-06-27 15:43:55.05609+00	7	Cámaras	2	[{"changed": {"fields": ["Orden de Visualizaci\\u00f3n"]}}]	10	1
215	2025-06-27 15:43:55.057237+00	3	Domótica	2	[{"changed": {"fields": ["Orden de Visualizaci\\u00f3n"]}}]	10	1
216	2025-06-27 15:43:55.058291+00	2	Drones	2	[{"changed": {"fields": ["Orden de Visualizaci\\u00f3n"]}}]	10	1
217	2025-06-27 15:43:55.059315+00	6	Proyectores	2	[{"changed": {"fields": ["Orden de Visualizaci\\u00f3n"]}}]	10	1
218	2025-06-27 15:43:55.060343+00	4	Smartwatch	2	[{"changed": {"fields": ["Orden de Visualizaci\\u00f3n"]}}]	10	1
219	2025-06-27 15:43:55.06135+00	8	TvBox	2	[{"changed": {"fields": ["Orden de Visualizaci\\u00f3n"]}}]	10	1
220	2025-06-28 19:22:58.313435+00	23	Drone S80 con camara y 2 baterias	2	[{"changed": {"fields": ["Discount"]}}]	12	1
221	2025-06-28 19:23:30.518318+00	23	Drone S80 con camara y 2 baterias	2	[{"changed": {"fields": ["Discount"]}}]	12	1
222	2025-06-28 19:23:39.176779+00	22	Drone Syma X200W con Camara	2	[{"changed": {"fields": ["Discount"]}}]	12	1
223	2025-06-28 19:23:52.647811+00	22	Drone Syma X200W con Camara	2	[{"changed": {"fields": ["Discount"]}}]	12	1
224	2025-06-28 19:25:06.962264+00	22	Drone Syma X200W con Camara	2	[{"changed": {"fields": ["Discount"]}}]	12	1
225	2025-06-28 19:25:23.927984+00	23	Drone S80 con camara y 2 baterias	2	[{"changed": {"fields": ["Discount"]}}]	12	1
226	2025-06-30 01:43:50.833585+00	2	dairof7	2	[{"changed": {"fields": ["Staff status"]}}]	8	1
227	2025-07-01 18:38:13.176719+00	2	Audifonos Headset Gamer inalambricos Bluetooth - 2.4Ghz	2	[{"changed": {"fields": ["Stock"]}}]	12	1
228	2025-07-01 20:38:58.05079+00	3	Profile for fisiofax@gmail.com	2	[{"changed": {"fields": ["Address", "Document", "Phone"]}}]	9	1
229	2025-07-02 21:27:40.026895+00	1	Stock Entry for Cámaras de seguridad wifi TP-Link Tapo C200 - 6	1	[{"added": {}}]	15	1
230	2025-07-02 21:29:27.291109+00	5	Cámaras de seguridad wifi TP-Link Tapo C200	2	[{"changed": {"fields": ["Stock"]}}]	12	1
231	2025-07-02 21:35:09.612738+00	2	Audifonos Headset Gamer inalambricos Bluetooth - 2.4Ghz	2	[{"changed": {"fields": ["Stock"]}}]	12	1
232	2025-07-02 21:35:57.247893+00	2	Stock Entry for Audifonos inalambricos Tozo - 1	1	[{"added": {}}]	15	1
233	2025-07-02 21:37:52.04727+00	3	Stock Entry for Camara wifi de uso exterior 2k Tapo C310 - 2	1	[{"added": {}}]	15	1
234	2025-07-02 21:44:59.041022+00	4	Stock Entry for Control de Videojuegos Gamesir Nova Lite - 1	1	[{"added": {}}]	15	1
235	2025-07-02 21:46:16.574535+00	9	Control de Videojuegos Gamesir Nova Lite	2	[{"changed": {"fields": ["Discount"]}}]	12	1
236	2025-07-08 18:44:47.508009+00	58	Proyector - Videobeam TMY 1080p bluetooth - TWifi	1	[{"added": {}}, {"added": {"name": "product image", "object": "Image for Proyector - Videobeam TMY 1080p bluetooth - TWifi"}}]	12	1
237	2025-07-08 18:45:25.977649+00	58	Proyector - Videobeam TMY 1080p bluetooth - TWifi	2	[{"changed": {"fields": ["Sale price"]}}]	12	1
238	2025-07-08 22:33:14.912605+00	42	Proyector - Videobeam TMY 720p bluetooth - Telón	2	[{"changed": {"name": "product image", "object": "Image for Proyector - Videobeam TMY 720p bluetooth - Tel\\u00f3n", "fields": ["Image"]}}]	12	1
239	2025-07-08 22:34:30.352069+00	58	Proyector - Videobeam TMY 1080p bluetooth - Wifi	2	[{"changed": {"fields": ["Name"]}}]	12	1
240	2025-07-19 00:09:47.02091+00	5	Stock Entry for Control de Videojuegos Gamesir Nova Lite - 1	1	[{"added": {}}]	15	1
241	2025-07-22 23:00:04.291266+00	23	Alexa	1	[{"added": {}}]	11	1
242	2025-07-22 23:01:19.899011+00	59	Echo Pop	1	[{"added": {}}, {"added": {"name": "product image", "object": "Image for Echo Pop"}}]	12	1
243	2025-07-22 23:02:12.583067+00	59	Alexa - Echo Pop	2	[{"changed": {"fields": ["Name"]}}]	12	1
245	2025-07-22 23:04:45.95679+00	58	Proyector - Videobeam TMY 1080p bluetooth - Wifi	2	[{"changed": {"fields": ["Producto Destacado"]}}]	12	1
246	2025-07-22 23:04:45.958133+00	51	Altavoz Bluetooth portátil BOOMBLAST	2	[{"changed": {"fields": ["Producto Destacado"]}}]	12	1
247	2025-07-22 23:04:45.959376+00	38	Trimui Smart Pro - Consola Retro	2	[{"changed": {"fields": ["Producto Destacado"]}}]	12	1
248	2025-07-22 23:04:45.960571+00	37	Retroid Pocket 5 128GB Color Morado	2	[{"changed": {"fields": ["Producto Destacado"]}}]	12	1
249	2025-07-22 23:04:45.961736+00	35	R36S - Consola Retro	2	[{"changed": {"fields": ["Producto Destacado"]}}]	12	1
250	2025-07-22 23:04:45.962841+00	31	Vortex F5 128GB - Consola Retro	2	[{"changed": {"fields": ["Producto Destacado"]}}]	12	1
251	2025-07-22 23:04:45.963966+00	22	Drone Syma X200W con Camara	2	[{"changed": {"fields": ["Producto Destacado"]}}]	12	1
252	2025-07-22 23:04:45.965094+00	8	Camara wifi de uso exterior 2k Tapo C310	2	[{"changed": {"fields": ["Producto Destacado"]}}]	12	1
253	2025-07-23 14:20:46.042597+00	60	Audifonos Headset Gamer G06 inalambricos Bluetooth - 2.4Ghz	1	[{"added": {}}, {"added": {"name": "product image", "object": "Image for Audifonos Headset Gamer G06 inalambricos Bluetooth - 2.4Ghz"}}]	12	1
254	2025-07-23 14:24:14.09731+00	2	Audifonos Headset Gamer G08 inalambricos Bluetooth - 2.4Ghz	2	[{"changed": {"fields": ["Name", "Sale price", "Discount"]}}]	12	1
255	2025-07-27 14:40:18.997592+00	3	img_pdf (General - Encabezado Sitio)	1	[{"added": {}}]	21	1
256	2025-07-28 18:41:29.13534+00	3	Audifonos inalambricos Redmi Buds 6 Active	2	[{"changed": {"fields": ["Sale price"]}}]	12	1
257	2025-07-28 18:54:32.703114+00	44	Proyector - Videobeam Cibest Full HD nativo - Bluetooth	2	[{"changed": {"fields": ["Sale price", "Discount"]}}]	12	1
258	2025-07-28 18:56:42.266081+00	44	Proyector - Videobeam Cibest Full HD nativo - Bluetooth	2	[{"changed": {"fields": ["Sale price"]}}]	12	1
259	2025-07-28 18:57:17.806255+00	48	Smartwatch - Reloj Colmi P71	2	[{"changed": {"fields": ["Sale price", "Discount"]}}]	12	1
260	2025-07-28 18:57:27.611232+00	47	Smartwatch - Reloj Colmi P81	2	[{"changed": {"fields": ["Sale price", "Discount"]}}]	12	1
261	2025-07-28 18:58:07.011642+00	18	Audifonos inalambricos Tozo	2	[{"changed": {"fields": ["Sale price", "Discount"]}}]	12	1
262	2025-07-28 18:58:18.632721+00	3	Audifonos inalambricos Redmi Buds 6 Active	2	[{"changed": {"fields": ["Sale price"]}}]	12	1
263	2025-07-28 18:58:52.840943+00	59	Alexa - Echo Pop	2	[{"changed": {"fields": ["Sale price"]}}]	12	1
264	2025-07-29 16:15:52.625641+00	52	Impresora termica de recibos portatil	2	[{"changed": {"fields": ["Stock"]}}]	12	1
265	2025-07-29 16:31:55.492765+00	24	Iphone	1	[{"added": {}}]	11	1
266	2025-07-29 16:36:23.759276+00	61	Impresora termica de etiquetas portatil	1	[{"added": {}}, {"added": {"name": "product image", "object": "Image for Impresora termica de etiquetas portatil"}}]	12	1
267	2025-07-29 16:37:18.808809+00	61	Impresora termica de etiquetas portatil	2	[{"added": {"name": "product image", "object": "Image for Impresora termica de etiquetas portatil"}}, {"added": {"name": "product image", "object": "Image for Impresora termica de etiquetas portatil"}}, {"added": {"name": "product image", "object": "Image for Impresora termica de etiquetas portatil"}}, {"added": {"name": "product image", "object": "Image for Impresora termica de etiquetas portatil"}}, {"added": {"name": "product image", "object": "Image for Impresora termica de etiquetas portatil"}}, {"added": {"name": "product image", "object": "Image for Impresora termica de etiquetas portatil"}}]	12	1
268	2025-07-29 16:38:31.187408+00	61	Impresora termica de etiquetas portatil	2	[{"changed": {"name": "product image", "object": "Image for Impresora termica de etiquetas portatil", "fields": ["Image"]}}]	12	1
269	2025-07-29 16:39:33.950606+00	61	Impresora termica de etiquetas portatil	2	[{"deleted": {"name": "product image", "object": "Image for Impresora termica de etiquetas portatil"}}, {"deleted": {"name": "product image", "object": "Image for Impresora termica de etiquetas portatil"}}, {"deleted": {"name": "product image", "object": "Image for Impresora termica de etiquetas portatil"}}, {"deleted": {"name": "product image", "object": "Image for Impresora termica de etiquetas portatil"}}, {"deleted": {"name": "product image", "object": "Image for Impresora termica de etiquetas portatil"}}, {"deleted": {"name": "product image", "object": "Image for Impresora termica de etiquetas portatil"}}]	12	1
270	2025-07-29 16:40:15.024146+00	61	Impresora termica de etiquetas portatil	2	[{"added": {"name": "product image", "object": "Image for Impresora termica de etiquetas portatil"}}, {"added": {"name": "product image", "object": "Image for Impresora termica de etiquetas portatil"}}, {"added": {"name": "product image", "object": "Image for Impresora termica de etiquetas portatil"}}, {"added": {"name": "product image", "object": "Image for Impresora termica de etiquetas portatil"}}, {"added": {"name": "product image", "object": "Image for Impresora termica de etiquetas portatil"}}]	12	1
271	2025-07-29 16:41:37.150489+00	61	Impresora termica de etiquetas portatil	2	[{"changed": {"name": "product image", "object": "Image for Impresora termica de etiquetas portatil", "fields": ["Image"]}}]	12	1
272	2025-08-01 18:56:09.023058+00	44	Proyector - Videobeam Cibest Full HD nativo - Bluetooth	2	[{"changed": {"fields": ["Stock"]}}]	12	1
273	2025-08-01 18:56:22.440075+00	59	Alexa - Echo Pop	2	[{"changed": {"fields": ["Sale price", "Stock"]}}]	12	1
274	2025-08-01 18:57:23.129156+00	3	Audifonos inalambricos Redmi Buds 6 Active	2	[{"changed": {"fields": ["Stock"]}}]	12	1
275	2025-08-01 18:57:30.227116+00	18	Audifonos inalambricos Tozo	2	[{"changed": {"fields": ["Stock"]}}]	12	1
276	2025-08-01 18:57:52.657099+00	18	Audifonos inalambricos Tozo	2	[{"changed": {"fields": ["Sale price"]}}]	12	1
277	2025-08-06 22:38:01.97392+00	6	Stock Entry for Control de videojuegos Bluetooth para Telefono Android y Iphone - 3	1	[{"added": {}}]	15	1
278	2025-08-07 16:09:04.70643+00	51	Altavoz Bluetooth portátil BOOMBLAST	2	[{"changed": {"fields": ["Discount"]}}]	12	1
279	2025-08-07 16:09:24.68403+00	51	Altavoz Bluetooth portátil BOOMBLAST	2	[{"changed": {"fields": ["Discount"]}}]	12	1
280	2025-08-07 16:12:36.248398+00	51	Altavoz Bluetooth portátil BOOMBLAST	2	[{"changed": {"fields": ["Discount"]}}]	12	1
281	2025-08-07 16:29:46.822969+00	41	Proyector - Videobeam 720p	2	[{"changed": {"fields": ["Discount"]}}]	12	1
282	2025-08-07 16:36:38.97868+00	41	Proyector - Videobeam 720p	2	[{"changed": {"fields": ["Discount"]}}]	12	1
283	2025-08-07 16:36:58.553184+00	41	Proyector - Videobeam 720p	2	[{"changed": {"fields": ["Producto Destacado"]}}]	12	1
284	2025-08-12 17:13:09.042197+00	7	Stock Entry for Proyector - Videobeam TMY 720p bluetooth - Telón - 3	1	[{"added": {}}]	15	1
285	2025-08-12 17:18:05.078772+00	62	Proyector - Videobeam Panseba 720p bluetooth - Telón	1	[{"added": {}}, {"added": {"name": "product image", "object": "Image for Proyector - Videobeam Panseba 720p bluetooth - Tel\\u00f3n"}}]	12	1
337	2025-08-22 18:41:15.755823+00	1	Audio	2	[{"changed": {"fields": ["Imagen de Categor\\u00eda"]}}]	10	1
286	2025-08-12 17:18:25.392382+00	42	Proyector - Videobeam TMY 720p bluetooth - Telón	2	[{"changed": {"fields": ["Tags"]}}]	12	1
287	2025-08-12 17:20:08.202196+00	40	Proyector - Videobeam Vizony Full HD nativo wifi - bluetooth	2	[{"changed": {"fields": ["Description"]}}]	12	1
288	2025-08-12 17:20:45.040258+00	40	Proyector - Videobeam Vizony Full HD nativo wifi - bluetooth	2	[{"changed": {"fields": ["Tags"]}}]	12	1
289	2025-08-12 17:21:38.804754+00	63	Proyector - Videobeam Vizony Full HD nativo wifi - bluetooth	1	[{"added": {}}, {"added": {"name": "product image", "object": "Image for Proyector - Videobeam Vizony Full HD nativo wifi - bluetooth"}}]	12	1
290	2025-08-12 17:21:58.225443+00	42	Proyector - Videobeam TMY 720p bluetooth - Telón	2	[{"changed": {"fields": ["Tags"]}}]	12	1
291	2025-08-12 17:33:12.755362+00	64	Proyector - Videobeam DBPower Full HD nativo wifi - bluetooth	1	[{"added": {}}, {"added": {"name": "product image", "object": "Image for Proyector - Videobeam DBPower Full HD nativo wifi - bluetooth"}}]	12	1
292	2025-08-12 17:35:29.870829+00	11	Relojes	1	[{"added": {}}]	10	1
293	2025-08-12 17:35:47.635683+00	16	Smartwatch	1	[{"added": {}}]	14	1
294	2025-08-12 17:36:37.488987+00	17	Analógicos - Digitales	1	[{"added": {}}]	14	1
295	2025-08-12 17:37:38.755015+00	48	Smartwatch - Reloj Colmi P71	2	[{"changed": {"fields": ["Category", "Subcategory"]}}]	12	1
296	2025-08-12 17:37:53.385994+00	47	Smartwatch - Reloj Colmi P81	2	[{"changed": {"fields": ["Category", "Subcategory"]}}]	12	1
297	2025-08-12 17:38:12.158693+00	13	Smartwatch	3		14	1
298	2025-08-12 17:38:23.896687+00	4	Smartwatch	3		10	1
299	2025-08-12 17:42:32.735593+00	65	Smartwatch - Reloj Haylou Solar 5	1	[{"added": {}}, {"added": {"name": "product image", "object": "Image for Smartwatch - Reloj Haylou Solar 5"}}]	12	1
300	2025-08-12 18:30:13.794615+00	66	Reloj SKMEI 1270	1	[{"added": {}}, {"added": {"name": "product image", "object": "Image for Reloj SKMEI 1270"}}, {"added": {"name": "product image", "object": "Image for Reloj SKMEI 1270"}}]	12	1
301	2025-08-12 18:31:54.466613+00	67	Reloj SKMEI 1637	1	[{"added": {}}, {"added": {"name": "product image", "object": "Image for Reloj SKMEI 1637"}}]	12	1
302	2025-08-12 18:33:02.171278+00	68	Reloj SKMEI 1628	1	[{"added": {}}, {"added": {"name": "product image", "object": "Image for Reloj SKMEI 1628"}}, {"added": {"name": "product image", "object": "Image for Reloj SKMEI 1628"}}]	12	1
303	2025-08-12 18:33:45.828526+00	69	Reloj SKMEI 1426	1	[{"added": {}}, {"added": {"name": "product image", "object": "Image for Reloj SKMEI 1426"}}]	12	1
304	2025-08-12 18:34:29.03616+00	70	Reloj SKMEI 1123	1	[{"added": {}}, {"added": {"name": "product image", "object": "Image for Reloj SKMEI 1123"}}]	12	1
305	2025-08-12 18:35:53.594276+00	71	Reloj SKMEI 1988	1	[{"added": {}}, {"added": {"name": "product image", "object": "Image for Reloj SKMEI 1988"}}]	12	1
306	2025-08-12 18:36:02.260788+00	70	Reloj SKMEI 1123	2	[{"changed": {"fields": ["Stock"]}}]	12	1
307	2025-08-12 18:36:10.538458+00	67	Reloj SKMEI 1637	2	[{"changed": {"fields": ["Stock"]}}]	12	1
308	2025-08-12 18:36:55.792092+00	70	Reloj SKMEI 1123	2	[{"changed": {"fields": ["Stock"]}}]	12	1
309	2025-08-12 20:15:32.475242+00	65	Smartwatch - Reloj Haylou Solar 5	2	[{"changed": {"fields": ["Stock"]}}, {"deleted": {"name": "product image", "object": "Image for Smartwatch - Reloj Haylou Solar 5"}}]	12	1
310	2025-08-12 20:17:50.669561+00	72	Smartwatch - Reloj Haylou Solar Neo	1	[{"added": {}}, {"added": {"name": "product image", "object": "Image for Smartwatch - Reloj Haylou Solar Neo"}}]	12	1
311	2025-08-12 20:18:11.599611+00	65	Smartwatch - Reloj Haylou Solar 5	2	[{"added": {"name": "product image", "object": "Image for Smartwatch - Reloj Haylou Solar 5"}}]	12	1
312	2025-08-12 20:18:54.838476+00	48	Smartwatch - Reloj Colmi P71	2	[{"changed": {"fields": ["Sale price", "Discount"]}}]	12	1
313	2025-08-12 20:19:02.931143+00	47	Smartwatch - Reloj Colmi P81	2	[{"changed": {"fields": ["Sale price", "Discount"]}}]	12	1
314	2025-08-15 15:44:54.932093+00	64	Proyector - Videobeam DBPower Full HD nativo wifi - bluetooth	2	[{"changed": {"fields": ["Sale price", "Discount"]}}]	12	1
315	2025-08-15 16:38:12.454792+00	73	Audifonos inalambricos Tozo Open Ear-ring	1	[{"added": {}}, {"added": {"name": "product image", "object": "Image for Audifonos inalambricos Tozo Open Ear-ring"}}]	12	1
316	2025-08-15 16:41:14.543599+00	74	Audifonos inalambricos Monster Open Ear	1	[{"added": {}}, {"added": {"name": "product image", "object": "Image for Audifonos inalambricos Monster Open Ear"}}]	12	1
317	2025-08-15 16:41:50.511613+00	73	Audifonos inalambricos Tozo Open Ear-ring	2	[{"changed": {"fields": ["Description"]}}]	12	1
318	2025-08-15 16:43:24.640758+00	75	Audifonos inalambricos Oraolo Open OE03	1	[{"added": {}}, {"added": {"name": "product image", "object": "Image for Audifonos inalambricos Oraolo Open OE03"}}]	12	1
319	2025-08-15 16:45:12.302142+00	76	Audifonos inalambricos Tozo	1	[{"added": {}}, {"added": {"name": "product image", "object": "Image for Audifonos inalambricos Tozo"}}]	12	1
320	2025-08-15 16:45:47.086371+00	18	Audifonos inalambricos Tozo	2	[{"added": {"name": "product image", "object": "Image for Audifonos inalambricos Tozo"}}, {"deleted": {"name": "product image", "object": "Image for Audifonos inalambricos Tozo"}}]	12	1
321	2025-08-15 16:48:24.875972+00	77	Audifonos inalambricos Tozo E2	1	[{"added": {}}, {"added": {"name": "product image", "object": "Image for Audifonos inalambricos Tozo E2"}}]	12	1
322	2025-08-17 17:35:04.054276+00	41	Proyector - Videobeam 720p	2	[{"changed": {"fields": ["Producto Destacado"]}}]	12	1
323	2025-08-17 17:35:04.056228+00	74	Audifonos inalambricos Monster Open Ear	2	[{"changed": {"fields": ["Producto Destacado"]}}]	12	1
324	2025-08-17 17:35:04.05749+00	71	Reloj SKMEI 1988	2	[{"changed": {"fields": ["Producto Destacado"]}}]	12	1
325	2025-08-17 17:35:04.058707+00	67	Reloj SKMEI 1637	2	[{"changed": {"fields": ["Producto Destacado"]}}]	12	1
326	2025-08-17 17:35:04.059894+00	72	Smartwatch - Reloj Haylou Solar Neo	2	[{"changed": {"fields": ["Producto Destacado"]}}]	12	1
327	2025-08-17 17:35:04.061005+00	42	Proyector - Videobeam TMY 720p bluetooth - Telón	2	[{"changed": {"fields": ["Producto Destacado"]}}]	12	1
328	2025-08-21 15:28:57.163712+00	8	Stock Entry for Impresora termica de etiquetas portatil - 2	1	[{"added": {}}]	15	1
329	2025-08-22 18:29:47.191221+00	11	Relojes	2	[{"changed": {"fields": ["Imagen de Categor\\u00eda"]}}]	10	1
330	2025-08-22 18:30:19.73996+00	1	Audio	2	[{"changed": {"fields": ["Imagen de Categor\\u00eda"]}}]	10	1
331	2025-08-22 18:30:36.084044+00	3	Domótica	2	[{"changed": {"fields": ["Imagen de Categor\\u00eda"]}}]	10	1
332	2025-08-22 18:30:52.368841+00	5	Almacenamiento	2	[{"changed": {"fields": ["Imagen de Categor\\u00eda"]}}]	10	1
333	2025-08-22 18:40:41.758779+00	9	Videojuegos	2	[{"changed": {"fields": ["Imagen de Categor\\u00eda"]}}]	10	1
334	2025-08-22 18:40:47.453031+00	11	Relojes	2	[]	10	1
335	2025-08-22 18:40:58.228084+00	11	Relojes	2	[{"changed": {"fields": ["Imagen de Categor\\u00eda"]}}]	10	1
338	2025-08-22 18:41:23.261375+00	3	Domótica	2	[{"changed": {"fields": ["Imagen de Categor\\u00eda"]}}]	10	1
339	2025-08-22 18:41:32.725312+00	5	Almacenamiento	2	[{"changed": {"fields": ["Imagen de Categor\\u00eda"]}}]	10	1
340	2025-08-23 16:03:32.012716+00	51	Altavoz Bluetooth portátil BOOMBLAST	2	[{"changed": {"fields": ["Discount"]}}]	12	1
341	2025-08-23 16:03:50.61365+00	51	Altavoz Bluetooth portátil BOOMBLAST	2	[{"changed": {"fields": ["Discount"]}}]	12	1
342	2025-08-23 16:05:21.428466+00	9	Stock Entry for Altavoz Bluetooth portátil BOOMBLAST - 2	1	[{"added": {}}]	15	1
343	2025-08-28 00:17:57.546679+00	10	Stock Entry for Smartwatch - Reloj Haylou Solar 5 - 1	1	[{"added": {}}]	15	1
344	2025-08-28 00:18:33.847456+00	65	Smartwatch - Reloj Haylou Solar 5	2	[{"changed": {"fields": ["Sale price", "Discount"]}}]	12	1
345	2025-08-29 18:18:50.460661+00	11	Stock Entry for Smartwatch - Reloj Colmi P81 - 5	1	[{"added": {}}]	15	1
346	2025-08-29 18:19:32.661298+00	48	Smartwatch - Reloj Colmi P71	2	[{"changed": {"fields": ["Stock"]}}]	12	1
347	2025-08-29 18:21:04.464095+00	18	Audifonos inalambricos Tozo A1	2	[{"changed": {"fields": ["Name"]}}]	12	1
348	2025-08-29 18:21:54.799609+00	76	Audifonos inalambricos Monster N-Lite	2	[{"changed": {"fields": ["Name"]}}]	12	1
349	2025-08-29 18:25:09.732242+00	68	Reloj SKMEI 1628 - Azul y Negro	2	[{"changed": {"fields": ["Name"]}}]	12	1
350	2025-08-29 18:27:12.865089+00	66	Reloj SKMEI 1270 | Rojo - Negro	2	[{"changed": {"fields": ["Name"]}}]	12	1
351	2025-08-29 18:27:24.736307+00	68	Reloj SKMEI 1628 | Azul - Negro	2	[{"changed": {"fields": ["Name"]}}]	12	1
352	2025-08-31 23:02:05.442614+00	42	Proyector - Videobeam TMY 720p bluetooth - Telón	2	[{"changed": {"fields": ["Discount"]}}]	12	1
353	2025-08-31 23:02:35.956658+00	42	Proyector - Videobeam TMY 720p bluetooth - Telón	2	[{"changed": {"fields": ["Discount"]}}]	12	1
354	2025-08-31 23:03:15.543548+00	63	Proyector - Videobeam Vizony Full HD nativo wifi - bluetooth	2	[{"changed": {"fields": ["Sale price", "Discount"]}}]	12	1
355	2025-08-31 23:03:47.369892+00	45	Proyector - Videobeam Jowlurk Full HD nativo - Wifi -Bluetooth	2	[{"changed": {"fields": ["Discount"]}}]	12	1
356	2025-09-03 13:37:34.125014+00	12	Stock Entry for Reloj SKMEI 1988 - 2	1	[{"added": {}}]	15	1
357	2025-09-03 13:37:58.257209+00	13	Stock Entry for Reloj SKMEI 1426 - 3	1	[{"added": {}}]	15	1
358	2025-09-03 16:45:35.660562+00	78	Reloj SKMEI 1335	1	[{"added": {}}, {"added": {"name": "product image", "object": "Image for Reloj SKMEI 1335"}}]	12	1
359	2025-09-03 16:47:33.531285+00	78	Reloj SKMEI 1335	2	[{"added": {"name": "product image", "object": "Image for Reloj SKMEI 1335"}}, {"deleted": {"name": "product image", "object": "Image for Reloj SKMEI 1335"}}]	12	1
360	2025-09-03 16:47:55.565846+00	78	Reloj SKMEI 1335	2	[{"changed": {"fields": ["Discount"]}}]	12	1
361	2025-09-03 16:48:05.73029+00	78	Reloj SKMEI 1335	2	[{"changed": {"fields": ["Discount"]}}]	12	1
362	2025-09-03 16:49:58.527625+00	79	Reloj SKMEI 1389	1	[{"added": {}}, {"added": {"name": "product image", "object": "Image for Reloj SKMEI 1389"}}]	12	1
363	2025-09-03 16:51:18.16902+00	80	Reloj SKMEI 2264	1	[{"added": {}}, {"added": {"name": "product image", "object": "Image for Reloj SKMEI 2264"}}]	12	1
364	2025-09-03 16:53:33.472792+00	81	Reloj SKMEI 2505	1	[{"added": {}}, {"added": {"name": "product image", "object": "Image for Reloj SKMEI 2505"}}]	12	1
365	2025-09-03 16:58:55.119803+00	25	Acero Inoxidable	1	[{"added": {}}]	11	1
366	2025-09-03 17:01:42.532586+00	82	Reloj Submarines Addiesdive AD2089	1	[{"added": {}}]	12	1
367	2025-09-03 17:06:28.304712+00	82	Reloj Submarines Addiesdive AD2089	2	[{"added": {"name": "product image", "object": "Image for Reloj Submarines Addiesdive AD2089"}}]	12	1
368	2025-09-03 17:07:07.219761+00	71	Reloj SKMEI 1988	2	[{"added": {"name": "product image", "object": "Image for Reloj SKMEI 1988"}}]	12	1
369	2025-09-03 17:07:48.471176+00	82	Reloj Submarines Addiesdive AD2089	2	[{"added": {"name": "product image", "object": "Image for Reloj Submarines Addiesdive AD2089"}}, {"added": {"name": "product image", "object": "Image for Reloj Submarines Addiesdive AD2089"}}]	12	1
370	2025-09-03 17:08:14.972624+00	82	Reloj Submarines Addiesdive AD2089	2	[{"added": {"name": "product image", "object": "Image for Reloj Submarines Addiesdive AD2089"}}, {"added": {"name": "product image", "object": "Image for Reloj Submarines Addiesdive AD2089"}}, {"added": {"name": "product image", "object": "Image for Reloj Submarines Addiesdive AD2089"}}]	12	1
371	2025-09-03 17:09:13.515417+00	82	Reloj Submarines Addiesdive AD2089	2	[{"added": {"name": "product image", "object": "Image for Reloj Submarines Addiesdive AD2089"}}]	12	1
372	2025-09-03 17:09:47.025165+00	82	Reloj Submarines Addiesdive AD2089	2	[{"changed": {"fields": ["Sale price"]}}]	12	1
373	2025-09-03 17:15:19.42883+00	26	Automatico	1	[{"added": {}}]	11	1
374	2025-09-03 17:16:08.960994+00	83	Reloj Invicta Pro diver Automatico	1	[{"added": {}}, {"added": {"name": "product image", "object": "Image for Reloj Invicta Pro diver Automatico"}}]	12	1
375	2025-09-03 17:16:29.021385+00	83	Reloj Invicta Pro diver Automatico	2	[{"changed": {"fields": ["Sale price"]}}]	12	1
376	2025-09-03 17:19:45.372676+00	84	Reloj Invicta Acero	1	[{"added": {}}, {"added": {"name": "product image", "object": "Image for Reloj Invicta Acero"}}]	12	1
377	2025-09-03 17:55:28.510412+00	51	Altavoz Bluetooth portátil BOOMBLAST	2	[{"changed": {"fields": ["Producto Destacado"]}}]	12	1
378	2025-09-03 17:55:28.512364+00	70	Reloj SKMEI 1123	2	[{"changed": {"fields": ["Producto Destacado"]}}]	12	1
379	2025-09-03 17:55:28.513687+00	68	Reloj SKMEI 1628 | Azul - Negro	2	[{"changed": {"fields": ["Producto Destacado"]}}]	12	1
380	2025-09-03 18:01:38.938744+00	85	Consola Anbernic RG406h	1	[{"added": {}}, {"added": {"name": "product image", "object": "Image for Consola Anbernic RG406h"}}, {"added": {"name": "product image", "object": "Image for Consola Anbernic RG406h"}}, {"added": {"name": "product image", "object": "Image for Consola Anbernic RG406h"}}]	12	1
381	2025-09-03 18:02:28.440094+00	85	Consola Anbernic RG406h	2	[{"changed": {"fields": ["Producto Destacado"]}}]	12	1
382	2025-09-03 18:12:44.553716+00	82	Reloj Submariner Addiesdive AD2089	2	[{"changed": {"fields": ["Name"]}}]	12	1
383	2025-09-05 19:43:37.624922+00	58	Proyector - Videobeam TMY 1080p bluetooth - Wifi	2	[{"changed": {"fields": ["Producto Destacado"]}}]	12	1
384	2025-09-05 19:43:37.626929+00	38	Trimui Smart Pro - Consola Retro	2	[{"changed": {"fields": ["Producto Destacado"]}}]	12	1
385	2025-09-05 19:43:37.628207+00	4	Parlante portatil - inalámbrico Lenovo	2	[{"changed": {"fields": ["Producto Destacado"]}}]	12	1
386	2025-09-05 19:43:37.629455+00	82	Reloj Submariner Addiesdive AD2089	2	[{"changed": {"fields": ["Producto Destacado"]}}]	12	1
387	2025-09-05 19:43:37.630594+00	81	Reloj SKMEI 2505	2	[{"changed": {"fields": ["Producto Destacado"]}}]	12	1
489	2025-10-09 15:27:42.992331+00	25	Onn 4k TV Box con Android TV	2	[{"changed": {"fields": ["Tags"]}}]	12	1
388	2025-09-05 19:43:37.631763+00	64	Proyector - Videobeam DBPower Full HD nativo wifi - bluetooth	2	[{"changed": {"fields": ["Producto Destacado"]}}]	12	1
389	2025-09-05 19:44:11.959594+00	64	Proyector - Videobeam DBPower Full HD nativo wifi - bluetooth	2	[{"changed": {"fields": ["Discount"]}}]	12	1
390	2025-09-05 23:08:45.760463+00	86	Reloj Casio MTP-VD01D	1	[{"added": {}}, {"added": {"name": "product image", "object": "Image for Reloj Casio MTP-VD01D"}}]	12	1
391	2025-09-06 16:08:18.052963+00	79	Reloj SKMEI 1389	2	[{"changed": {"fields": ["Producto Destacado"]}}]	12	1
392	2025-09-06 16:08:18.054959+00	77	Audifonos inalambricos Tozo E2	2	[{"changed": {"fields": ["Producto Destacado"]}}]	12	1
393	2025-09-06 18:32:35.237568+00	14	Stock Entry for Smartwatch - Reloj Haylou Solar Neo - 1	1	[{"added": {}}]	15	1
394	2025-09-07 22:34:11.142918+00	44	Proyector - Videobeam Cibest Full HD nativo - Bluetooth	2	[{"changed": {"fields": ["Stock"]}}]	12	1
395	2025-09-07 22:34:35.156205+00	59	Alexa - Echo Pop	2	[{"changed": {"fields": ["Stock"]}}]	12	1
396	2025-09-07 22:35:04.08329+00	48	Smartwatch - Reloj Colmi P71	2	[{"changed": {"fields": ["Stock"]}}]	12	1
397	2025-09-07 22:35:31.840909+00	3	Audifonos inalambricos Redmi Buds 6 Active	2	[{"changed": {"fields": ["Stock"]}}]	12	1
398	2025-09-07 22:36:09.466276+00	77	Audifonos inalambricos Tozo E2	2	[{"changed": {"fields": ["Sale price", "Stock"]}}]	12	1
399	2025-09-07 22:37:40.465311+00	59	Alexa - Echo Pop	2	[{"changed": {"fields": ["Sale price"]}}]	12	1
400	2025-09-07 22:38:32.882992+00	48	Smartwatch - Reloj Colmi P71	2	[{"changed": {"fields": ["Sale price", "Discount"]}}]	12	1
401	2025-09-07 22:45:42.532368+00	59	Alexa - Echo Pop	2	[{"changed": {"fields": ["Sale price"]}}]	12	1
402	2025-09-07 22:46:27.806651+00	77	Audifonos inalambricos Tozo E2	2	[{"changed": {"fields": ["Sale price"]}}]	12	1
403	2025-09-08 19:55:17.819913+00	83	Reloj Invicta Pro diver Automatico	2	[{"changed": {"fields": ["Stock"]}}]	12	1
404	2025-09-08 19:56:05.993481+00	84	Reloj Invicta Specialty	2	[{"changed": {"fields": ["Name", "Stock"]}}]	12	1
405	2025-09-08 20:41:13.535152+00	84	Reloj Invicta Specialty	2	[{"changed": {"fields": ["Producto Destacado"]}}]	12	1
406	2025-09-08 20:41:13.53734+00	83	Reloj Invicta Pro diver Automatico	2	[{"changed": {"fields": ["Producto Destacado"]}}]	12	1
407	2025-09-08 21:36:55.454696+00	84	Reloj Invicta Specialty	2	[{"changed": {"fields": ["Description"]}}, {"changed": {"name": "product image", "object": "Image for Reloj Invicta Specialty", "fields": ["Image"]}}]	12	1
408	2025-09-08 21:37:25.840152+00	83	Reloj Invicta Pro diver Automatico	2	[{"changed": {"fields": ["Description"]}}, {"changed": {"name": "product image", "object": "Image for Reloj Invicta Pro diver Automatico", "fields": ["Image"]}}]	12	1
409	2025-09-10 17:03:57.094687+00	87	Proyector - Videobeam Android MagCubic 720p bluetooth - Wifi	1	[{"added": {}}, {"added": {"name": "product image", "object": "Image for Proyector - Videobeam Android MagCubic 720p bluetooth - Wifi"}}, {"added": {"name": "product image", "object": "Image for Proyector - Videobeam Android MagCubic 720p bluetooth - Wifi"}}, {"added": {"name": "product image", "object": "Image for Proyector - Videobeam Android MagCubic 720p bluetooth - Wifi"}}, {"added": {"name": "product image", "object": "Image for Proyector - Videobeam Android MagCubic 720p bluetooth - Wifi"}}, {"added": {"name": "product image", "object": "Image for Proyector - Videobeam Android MagCubic 720p bluetooth - Wifi"}}]	12	1
410	2025-09-10 18:05:49.599104+00	64	Proyector - Videobeam DBPower Full HD nativo wifi - bluetooth	2	[{"changed": {"fields": ["Discount"]}}]	12	1
411	2025-09-10 18:06:12.555401+00	64	Proyector - Videobeam DBPower Full HD nativo wifi - bluetooth	2	[{"changed": {"fields": ["Discount"]}}]	12	1
412	2025-09-10 18:06:49.246767+00	64	Proyector - Videobeam DBPower Full HD nativo wifi - bluetooth	2	[{"changed": {"fields": ["Discount"]}}]	12	1
413	2025-09-11 14:43:51.753301+00	87	Proyector - Videobeam Android MagCubic 720p bluetooth - Wifi	2	[{"changed": {"fields": ["Discount"]}}]	12	1
414	2025-09-11 14:44:08.006792+00	87	Proyector - Videobeam Android MagCubic 720p bluetooth - Wifi	2	[{"changed": {"fields": ["Discount"]}}]	12	1
415	2025-09-11 14:44:23.572623+00	87	Proyector - Videobeam Android MagCubic 720p bluetooth - Wifi	2	[{"changed": {"fields": ["Discount"]}}]	12	1
416	2025-09-16 00:52:49.325039+00	88	Memoria Micro SD Patriot 64GB	1	[{"added": {}}, {"added": {"name": "product image", "object": "Image for Memoria Micro SD Patriot 64GB"}}]	12	1
417	2025-09-16 15:03:00.756509+00	88	Memoria Micro SD Patriot 64GB	2	[{"changed": {"fields": ["Stock"]}}]	12	1
418	2025-09-19 00:08:35.115344+00	61	Impresora termica de etiquetas portatil	2	[{"changed": {"fields": ["Stock"]}}]	12	1
419	2025-09-19 00:11:18.77241+00	47	Smartwatch - Reloj Colmi P81	2	[{"changed": {"fields": ["Sale price", "Discount"]}}]	12	1
420	2025-09-19 00:11:54.373929+00	4	Parlante portatil - inalámbrico Lenovo	2	[{"changed": {"fields": ["Sale price", "Discount"]}}]	12	1
421	2025-09-19 00:13:40.651435+00	42	Proyector - Videobeam TMY 720p bluetooth - Telón	2	[{"changed": {"fields": ["Sale price", "Discount"]}}]	12	1
422	2025-09-19 00:14:31.463762+00	42	Proyector - Videobeam TMY 720p bluetooth - Telón	2	[{"changed": {"fields": ["Sale price"]}}]	12	1
423	2025-09-19 00:16:19.304341+00	59	Alexa - Echo Pop	2	[{"changed": {"fields": ["Sale price"]}}]	12	1
424	2025-09-19 00:16:32.072189+00	42	Proyector - Videobeam TMY 720p bluetooth - Telón	2	[{"changed": {"fields": ["Sale price"]}}]	12	1
425	2025-09-19 00:17:01.223189+00	61	Impresora termica de etiquetas portatil	2	[{"changed": {"fields": ["Sale price", "Discount"]}}]	12	1
426	2025-09-19 00:17:14.822259+00	47	Smartwatch - Reloj Colmi P81	2	[{"changed": {"fields": ["Sale price"]}}]	12	1
427	2025-09-19 00:18:14.181256+00	42	Proyector - Videobeam TMY 720p bluetooth - Telón	2	[{"changed": {"fields": ["Sale price"]}}]	12	1
428	2025-09-19 00:19:05.670909+00	42	Proyector - Videobeam TMY 720p bluetooth - Telón	2	[{"changed": {"fields": ["Purchase price"]}}]	12	1
429	2025-09-19 00:20:35.917415+00	59	Alexa - Echo Pop	2	[{"changed": {"fields": ["Sale price"]}}]	12	1
430	2025-09-19 00:20:56.844252+00	47	Smartwatch - Reloj Colmi P81	2	[{"changed": {"fields": ["Sale price"]}}]	12	1
431	2025-09-22 16:17:00.796982+00	1	EVER	1	[{"added": {}}]	27	1
432	2025-09-25 00:18:58.987961+00	2	CARO	1	[{"added": {}}]	27	1
433	2025-09-25 14:32:21.290018+00	9	Control de Videojuegos Gamesir Nova Lite	2	[{"changed": {"fields": ["Discount"]}}]	12	1
434	2025-09-25 22:23:28.432741+00	89	Proyector - Videobeam Hompow 720p bluetooth	1	[{"added": {}}, {"added": {"name": "product image", "object": "Image for Proyector - Videobeam Hompow 720p bluetooth"}}]	12	1
435	2025-09-25 22:24:29.039173+00	42	Proyector - Videobeam TMY 720p bluetooth - Telón	2	[]	12	1
436	2025-09-25 22:29:02.399487+00	90	Proyector - Videobeam 720p bluetooth	1	[{"added": {}}, {"added": {"name": "product image", "object": "Image for Proyector - Videobeam 720p bluetooth"}}]	12	1
437	2025-09-25 22:29:49.837853+00	42	Proyector - Videobeam TMY 720p bluetooth - Telón	2	[{"changed": {"fields": ["Sale price", "Stock", "Discount"]}}]	12	1
438	2025-09-25 22:30:05.515906+00	42	Proyector - Videobeam TMY 720p bluetooth - Telón	2	[{"changed": {"fields": ["Stock"]}}]	12	1
439	2025-09-25 22:30:53.33051+00	15	Stock Entry for Proyector - Videobeam TMY 720p bluetooth - Telón - 4	1	[{"added": {}}]	15	1
440	2025-09-25 22:31:47.37775+00	64	Proyector - Videobeam DBPower Full HD nativo wifi - bluetooth - Maleta	2	[{"changed": {"fields": ["Name", "Description"]}}]	12	1
441	2025-09-25 22:36:26.376885+00	91	Impresora termica de etiquetas portatil Niimbot D110	1	[{"added": {}}, {"added": {"name": "product image", "object": "Image for Impresora termica de etiquetas portatil Niimbot D110"}}]	12	1
442	2025-09-25 22:37:29.648636+00	16	Stock Entry for Impresora termica de etiquetas portatil - 4	1	[{"added": {}}]	15	1
443	2025-09-25 22:38:20.496256+00	17	Stock Entry for SSD Patriot P220 256GB - 10	1	[{"added": {}}]	15	1
444	2025-09-25 22:41:55.217299+00	92	Parlante Bluetooth Vanzon resistente al agua	1	[{"added": {}}]	12	1
445	2025-09-25 22:42:13.702587+00	92	Parlante Bluetooth Vanzon resistente al agua	2	[{"added": {"name": "product image", "object": "Image for Parlante Bluetooth Vanzon resistente al agua"}}]	12	1
446	2025-09-25 22:43:59.038954+00	93	Parlante Bluetooth Xleader resistente al agua	1	[{"added": {}}, {"added": {"name": "product image", "object": "Image for Parlante Bluetooth Xleader resistente al agua"}}]	12	1
447	2025-09-25 22:47:13.954244+00	94	Camara inalambrica Alaga - Wifi para Interiores	1	[{"added": {}}, {"added": {"name": "product image", "object": "Image for Camara inalambrica Alaga - Wifi para Interiores"}}]	12	1
448	2025-09-25 22:51:03.340132+00	95	Ventilador de Techo para socket-enchufe comun - control remoto	1	[{"added": {}}, {"added": {"name": "product image", "object": "Image for Ventilador de Techo para socket-enchufe comun - control remoto"}}]	12	1
449	2025-09-25 22:55:26.640038+00	96	Reloj Iluoke Metalico	1	[{"added": {}}, {"added": {"name": "product image", "object": "Image for Reloj Iluoke Metalico"}}]	12	1
450	2025-09-25 22:55:50.016809+00	96	Reloj Iluoke Metalico	2	[{"changed": {"fields": ["Sale price"]}}]	12	1
451	2025-09-25 23:07:33.760466+00	90	Proyector - Videobeam 720p bluetooth	2	[{"changed": {"fields": ["Stock"]}}]	12	1
452	2025-09-25 23:08:18.333593+00	90	Proyector - Videobeam 720p bluetooth	2	[{"changed": {"fields": ["Discount"]}}]	12	1
453	2025-09-25 23:08:31.195495+00	90	Proyector - Videobeam 720p bluetooth	2	[{"changed": {"fields": ["Discount"]}}]	12	1
454	2025-09-25 23:09:41.542254+00	92	Parlante Bluetooth Vanzon resistente al agua	2	[{"changed": {"fields": ["Discount"]}}]	12	1
455	2025-09-25 23:14:11.438251+00	89	Mini Proyector - Videobeam Hompow 720p bluetooth	2	[{"changed": {"fields": ["Name"]}}]	12	1
456	2025-09-29 13:55:43.497265+00	3	IMPOOR	1	[{"added": {}}]	27	1
457	2025-09-29 13:56:14.716759+00	18	Stock Entry for Control de Videojuegos Gamesir Nova Lite - 2	1	[{"added": {}}]	15	1
458	2025-09-29 13:58:07.601988+00	25	Onn 4k TV Box con Android TV	2	[{"changed": {"fields": ["Stock"]}}]	12	1
459	2025-09-29 14:00:49.952686+00	73	Audifonos inalambricos Tozo Open Ear-ring	2	[{"changed": {"fields": ["Stock"]}}]	12	1
460	2025-09-29 14:01:44.368768+00	61	Impresora termica de etiquetas portatil	2	[{"changed": {"fields": ["Discount"]}}]	12	1
461	2025-09-29 14:02:02.774751+00	52	Impresora termica de recibos portatil	2	[{"changed": {"fields": ["Discount"]}}]	12	1
462	2025-09-29 14:02:17.355334+00	52	Impresora termica de recibos portatil	2	[{"changed": {"fields": ["Discount"]}}]	12	1
463	2025-10-01 03:29:06.721697+00	19	Stock Entry for Onn 4k TV Box con Android TV - 3	1	[{"added": {}}]	15	1
464	2025-10-01 15:46:12.59576+00	64	Proyector - Videobeam DBPower Full HD nativo wifi - bluetooth - Maleta	2	[{"changed": {"fields": ["Discount"]}}]	12	1
465	2025-10-03 17:21:40.038724+00	97	Airpods 3Gen AAA	1	[{"added": {}}, {"added": {"name": "product image", "object": "Image for Airpods 3Gen AAA"}}]	12	1
466	2025-10-03 17:23:03.781447+00	91	Impresora termica de etiquetas portatil Niimbot D110	2	[{"changed": {"fields": ["Stock"]}}]	12	1
467	2025-10-03 17:24:04.762834+00	26	SSD Patriot P220 256GB	2	[{"changed": {"fields": ["Sale price", "Discount"]}}]	12	1
468	2025-10-03 17:24:20.706553+00	26	SSD Patriot P220 256GB	2	[{"changed": {"fields": ["Discount"]}}]	12	1
469	2025-10-03 17:24:56.618179+00	88	Memoria Micro SD Patriot 64GB	2	[{"changed": {"fields": ["Sale price", "Stock"]}}]	12	1
470	2025-10-03 17:25:40.297085+00	88	Memoria Micro SD Patriot 64GB	2	[{"changed": {"fields": ["Category"]}}]	12	1
471	2025-10-03 17:26:59.414953+00	28	Memoria Micro SD Sandisk 128GB	2	[{"changed": {"fields": ["Sale price"]}}]	12	1
472	2025-10-03 17:27:10.611212+00	29	Memoria Micro SD Sandisk 256GB	2	[{"changed": {"fields": ["Sale price", "Discount"]}}]	12	1
473	2025-10-03 17:28:08.834522+00	27	Memoria Micro SD Sandisk 64GB	2	[{"changed": {"fields": ["Sale price", "Discount"]}}]	12	1
474	2025-10-03 17:30:20.877739+00	41	Proyector - Videobeam 720p	2	[{"changed": {"fields": ["Description"]}}]	12	1
475	2025-10-03 17:30:42.330179+00	41	Proyector - Videobeam 720p	2	[{"changed": {"fields": ["Description"]}}]	12	1
476	2025-10-03 17:30:56.200338+00	90	Proyector - Videobeam 720p bluetooth	2	[{"changed": {"fields": ["Description"]}}]	12	1
477	2025-10-03 17:33:21.736131+00	20	Stock Entry for Proyector - Videobeam DBPower Full HD nativo wifi - bluetooth - Maleta - 1	1	[{"added": {}}]	15	1
478	2025-10-03 18:35:40.132821+00	21	Stock Entry for Ventilador de Techo para socket-enchufe comun - control remoto - 2	1	[{"added": {}}]	15	1
479	2025-10-04 20:58:18.096816+00	22	Stock Entry for Parlante Bluetooth Xleader resistente al agua - 5	1	[{"added": {}}]	15	1
480	2025-10-04 20:58:37.015948+00	93	Parlante Bluetooth Xleader resistente al agua	2	[{"changed": {"fields": ["Sale price"]}}]	12	1
481	2025-10-04 20:59:06.559128+00	93	Parlante Bluetooth Xleader resistente al agua	2	[{"changed": {"fields": ["Sale price"]}}]	12	1
482	2025-10-04 21:02:36.688751+00	93	Parlante Bluetooth Xleader resistente al agua	2	[{"changed": {"fields": ["Sale price", "Discount"]}}]	12	1
483	2025-10-04 21:03:01.091443+00	93	Parlante Bluetooth Xleader resistente al agua	2	[{"changed": {"fields": ["Stock"]}}]	12	1
484	2025-10-04 21:03:15.080207+00	93	Parlante Bluetooth Xleader resistente al agua	2	[{"changed": {"fields": ["Stock"]}}]	12	1
485	2025-10-04 21:03:40.751932+00	93	Parlante Bluetooth Xleader resistente al agua	2	[{"changed": {"fields": ["Stock", "Discount"]}}]	12	1
486	2025-10-08 16:20:14.087054+00	96	Reloj Iluoke Metalico	2	[{"changed": {"fields": ["Stock"]}}]	12	1
487	2025-10-08 16:20:44.393973+00	66	Reloj SKMEI 1270 | Rojo - Negro	2	[{"changed": {"fields": ["Discount"]}}]	12	1
488	2025-10-08 22:44:32.967163+00	27	Memoria Micro SD Sandisk 64GB	2	[{"changed": {"fields": ["Stock", "Discount"]}}]	12	1
490	2025-10-09 15:56:41.586049+00	98	Onn Full HD TV Box con Android TV	1	[{"added": {}}, {"added": {"name": "product image", "object": "Image for Onn Full HD TV Box con Android TV"}}]	12	1
491	2025-10-09 21:19:05.516096+00	98	Onn Full HD TV Box con Android TV	2	[{"changed": {"fields": ["Stock"]}}]	12	1
492	2025-10-09 21:19:15.217781+00	24	Amazon Fire TV Stick - 2 gen	2	[{"changed": {"fields": ["Stock"]}}]	12	1
493	2025-10-10 22:21:46.572461+00	27	Analógica	1	[{"added": {}}]	11	1
494	2025-10-10 22:23:59.601098+00	99	Cámara Hilook Interior Tipo Domo Thc-T120	1	[{"added": {}}, {"added": {"name": "product image", "object": "Image for C\\u00e1mara Hilook Interior Tipo Domo Thc-T120"}}]	12	1
495	2025-10-10 22:26:17.02781+00	100	Camara Hilook Exterior Tipo Bala Thc-B120	1	[{"added": {}}, {"added": {"name": "product image", "object": "Image for Camara Hilook Exterior Tipo Bala Thc-B120"}}]	12	1
496	2025-10-10 22:29:24.521683+00	28	DVR	1	[{"added": {}}]	11	1
497	2025-10-10 22:29:44.918084+00	101	DVR Hilook de 8 Canales 1080p 108G-F1	1	[{"added": {}}, {"added": {"name": "product image", "object": "Image for DVR Hilook de 8 Canales 1080p 108G-F1"}}]	12	1
498	2025-10-10 22:30:47.052606+00	18	Accesorios	1	[{"added": {}}]	14	1
499	2025-10-10 22:33:12.166127+00	102	Adaptador Tipo Jack x 2 unidades	1	[{"added": {}}, {"added": {"name": "product image", "object": "Image for Adaptador Tipo Jack x 2 unidades"}}]	12	1
500	2025-10-10 22:34:26.854591+00	103	Video Balum HD x 2 unidades	1	[{"added": {}}, {"added": {"name": "product image", "object": "Image for Video Balum HD x 2 unidades"}}]	12	1
501	2025-10-10 22:35:54.336282+00	104	Caja de paso 10cmx10cm	1	[{"added": {}}, {"added": {"name": "product image", "object": "Image for Caja de paso 10cmx10cm"}}]	12	1
502	2025-10-10 22:38:14.930378+00	29	Kit	1	[{"added": {}}]	11	1
503	2025-10-10 22:40:17.784339+00	105	kIT HILOOK Dvr 8ch + 8 Cámaras 1080p + Accesorios	1	[{"added": {}}, {"added": {"name": "product image", "object": "Image for kIT HILOOK Dvr 8ch + 8 C\\u00e1maras 1080p + Accesorios"}}]	12	1
504	2025-10-10 22:45:36.397629+00	106	kIT HILOOK Dvr 8ch + 6 Cámaras 1080p + Accesorios	1	[{"added": {}}, {"added": {"name": "product image", "object": "Image for kIT HILOOK Dvr 8ch + 6 C\\u00e1maras 1080p + Accesorios"}}]	12	1
505	2025-10-10 22:46:28.936625+00	106	kIT HILOOK Dvr 8ch + 6 Cámaras 1080p + Accesorios	2	[{"changed": {"fields": ["Stock"]}}]	12	1
506	2025-10-10 22:47:50.828206+00	107	kIT HILOOK Dvr 8ch + 4 Cámaras 1080p + Accesorios	1	[{"added": {}}, {"added": {"name": "product image", "object": "Image for kIT HILOOK Dvr 8ch + 4 C\\u00e1maras 1080p + Accesorios"}}]	12	1
507	2025-10-10 22:47:57.801819+00	107	kIT HILOOK Dvr 8ch + 4 Cámaras 1080p + Accesorios	2	[{"changed": {"fields": ["Stock"]}}]	12	1
508	2025-10-10 22:49:50.073638+00	108	kIT HILOOK Dvr 8ch + 2 Cámaras 1080p + Accesorios	1	[{"added": {}}]	12	1
509	2025-10-10 22:50:29.45603+00	108	kIT HILOOK Dvr 8ch + 2 Cámaras 1080p + Accesorios	2	[{"added": {"name": "product image", "object": "Image for kIT HILOOK Dvr 8ch + 2 C\\u00e1maras 1080p + Accesorios"}}]	12	1
510	2025-10-10 22:52:57.19741+00	103	Video Balum HD x 2 unidades	2	[{"changed": {"fields": ["Discount"]}}]	12	1
511	2025-10-10 22:53:45.837804+00	1	Discount: 10.00%	3		20	1
512	2025-10-10 22:54:07.558299+00	103	Video Balum HD x 2 unidades	2	[{"changed": {"fields": ["Discount"]}}]	12	1
513	2025-10-10 22:55:01.354173+00	103	Video Balum HD x 2 unidades	2	[{"changed": {"fields": ["Subcategory"]}}]	12	1
514	2025-10-10 22:55:50.008624+00	103	Video Balum HD x 2 unidades	2	[{"changed": {"fields": ["Sale price"]}}]	12	1
515	2025-10-10 22:56:09.267711+00	103	Video Balum HD x 2 unidades	2	[{"changed": {"fields": ["Sale price"]}}]	12	1
516	2025-10-10 22:56:38.998883+00	103	Video Balum HD x 2 unidades	2	[{"changed": {"fields": ["Sale price"]}}]	12	1
517	2025-10-10 22:57:03.828093+00	103	Video Balum HD x 2 unidades	2	[{"changed": {"fields": ["Sale price"]}}]	12	1
518	2025-10-10 22:57:59.247935+00	103	Video Balum HD x 2 unidades	2	[{"changed": {"fields": ["Sale price", "Discount"]}}]	12	1
519	2025-10-10 22:58:46.963137+00	103	Video Balum HD x 2 unidades	2	[{"changed": {"fields": ["Sale price", "Discount"]}}]	12	1
520	2025-10-10 22:59:27.436954+00	103	Video Balum HD x 2 unidades	2	[{"changed": {"fields": ["Sale price"]}}]	12	1
521	2025-10-10 23:00:07.069952+00	103	Video Balum HD x 2 unidades	2	[{"deleted": {"name": "product image", "object": "Image for Video Balum HD x 2 unidades"}}]	12	1
522	2025-10-10 23:00:38.528538+00	104	Caja de paso 10cmx10cm	3		12	1
523	2025-10-10 23:00:38.528577+00	103	Video Balum HD x 2 unidades	3		12	1
524	2025-10-10 23:00:38.528593+00	102	Adaptador Tipo Jack x 2 unidades	3		12	1
525	2025-10-11 17:05:00.336788+00	18	Audifonos inalambricos Tozo A1	2	[{"changed": {"fields": ["Sale price"]}}]	12	1
526	2025-10-11 17:06:21.115846+00	18	Audifonos inalambricos Tozo A1	2	[{"changed": {"fields": ["Sale price"]}}]	12	1
527	2025-10-11 20:45:02.740962+00	23	Stock Entry for R36S - Consola Retro - 1	1	[{"added": {}}]	15	1
528	2025-10-11 20:46:39.019359+00	24	Stock Entry for Control de Videojuegos Gamesir Nova Lite - 2	1	[{"added": {}}]	15	1
529	2025-10-14 23:49:44.777056+00	12	Celulares	1	[{"added": {}}]	10	1
530	2025-10-14 23:51:01.107605+00	109	Cable USB C - Lightning	1	[{"added": {}}, {"added": {"name": "product image", "object": "Image for Cable USB C - Lightning"}}]	12	1
531	2025-10-14 23:51:43.268272+00	110	Cable USB C - USB C	1	[{"added": {}}, {"added": {"name": "product image", "object": "Image for Cable USB C - USB C"}}]	12	1
532	2025-10-14 23:52:17.663546+00	111	Cable USB C - USB	1	[{"added": {}}, {"added": {"name": "product image", "object": "Image for Cable USB C - USB"}}]	12	1
533	2025-10-14 23:56:52.050442+00	12	Celulares	2	[{"changed": {"fields": ["Imagen de Categor\\u00eda"]}}]	10	1
534	2025-10-15 00:03:04.158413+00	12	Celulares	2	[{"changed": {"fields": ["Imagen de Categor\\u00eda"]}}]	10	1
535	2025-10-15 00:05:06.506643+00	112	Cargador Ugreen 30W	1	[{"added": {}}, {"added": {"name": "product image", "object": "Image for Cargador Ugreen 30W"}}]	12	1
536	2025-10-15 00:06:07.752236+00	113	Cargador Ugreen 45W	1	[{"added": {}}, {"added": {"name": "product image", "object": "Image for Cargador Ugreen 45W"}}]	12	1
537	2025-10-15 15:43:06.11359+00	4	EVER10	1	[{"added": {}}]	27	1
538	2025-10-16 18:03:39.552507+00	64	Proyector - Videobeam DBPower Full HD nativo wifi - bluetooth - Maleta	2	[{"changed": {"fields": ["Stock"]}}]	12	1
539	2025-10-16 18:07:47.435964+00	8	Camara wifi de uso exterior 2k Tapo C310	2	[{"changed": {"fields": ["Stock"]}}]	12	1
540	2025-10-16 18:08:42.574848+00	25	Stock Entry for Cámaras de seguridad wifi TP-Link Tapo C200 - 5	1	[{"added": {}}]	15	1
541	2025-10-16 18:09:31.977055+00	26	Stock Entry for Camara wifi de uso exterior 2k Tapo C500 - 1	1	[{"added": {}}]	15	1
542	2025-10-16 18:11:28.113709+00	27	Stock Entry for Smartwatch - Reloj Haylou Solar 5 - 1	1	[{"added": {}}]	15	1
543	2025-10-16 18:12:26.169146+00	28	Stock Entry for Proyector - Videobeam DBPower Full HD nativo wifi - bluetooth - Maleta - 1	1	[{"added": {}}]	15	1
544	2025-10-18 20:11:56.755286+00	64	Proyector - Videobeam DBPower Full HD nativo wifi - bluetooth - Maleta	2	[{"changed": {"name": "product image", "object": "Image for Proyector - Videobeam DBPower Full HD nativo wifi - bluetooth - Maleta", "fields": ["Image"]}}]	12	1
545	2025-10-18 20:18:57.767311+00	114	Proyector - Videobeam DBPower Full HD nativo Smart wifi - bluetooth - Maleta	1	[{"added": {}}, {"added": {"name": "product image", "object": "Image for Proyector - Videobeam DBPower Full HD nativo Smart wifi - bluetooth - Maleta"}}]	12	1
546	2025-10-22 23:36:35.747714+00	114	Proyector - Videobeam DBPower Full HD nativo Smart wifi - bluetooth - Maleta	2	[{"changed": {"name": "product image", "object": "Image for Proyector - Videobeam DBPower Full HD nativo Smart wifi - bluetooth - Maleta", "fields": ["Image"]}}]	12	1
547	2025-10-22 23:38:52.298994+00	114	Proyector - Videobeam DBPower Full HD nativo Smart wifi - bluetooth - Maleta	2	[{"changed": {"fields": ["Description"]}}]	12	1
548	2025-10-22 23:40:43.490363+00	115	Proyector - Videobeam Mentech Smart wifi - bluetooth - Magis	1	[{"added": {}}, {"added": {"name": "product image", "object": "Image for Proyector - Videobeam Mentech Smart wifi - bluetooth - Magis"}}]	12	1
549	2025-10-22 23:41:12.366457+00	115	Proyector - Videobeam Mentech Smart wifi - bluetooth - Magis	2	[{"changed": {"fields": ["Discount"]}}]	12	1
550	2025-10-24 17:06:52.642831+00	8	Camara wifi de uso exterior 2k Tapo C310	2	[{"changed": {"fields": ["Stock"]}}]	12	1
551	2025-10-24 17:08:31.603077+00	8	Camara wifi de uso exterior 2k Tapo C310	2	[{"changed": {"fields": ["Stock"]}}]	12	1
552	2025-10-25 17:05:20.563608+00	1	Parlante Bluetooth resistente al agua	2	[{"changed": {"fields": ["Sale price", "Discount"]}}]	12	1
553	2025-10-25 19:07:34.001903+00	29	Stock Entry for Control de Videojuegos Gamesir Nova Lite - 1	1	[{"added": {}}]	15	1
554	2025-10-25 19:25:38.194664+00	115	Proyector - Videobeam Mentech Smart wifi - bluetooth - Magis	2	[{"changed": {"name": "product image", "object": "Image for Proyector - Videobeam Mentech Smart wifi - bluetooth - Magis", "fields": ["Image"]}}]	12	1
555	2025-10-25 19:26:00.076411+00	87	Proyector - Videobeam Android MagCubic 720p bluetooth - Wifi	2	[{"changed": {"name": "product image", "object": "Image for Proyector - Videobeam Android MagCubic 720p bluetooth - Wifi", "fields": ["Image"]}}]	12	1
556	2025-10-25 19:26:59.21251+00	87	Proyector - Videobeam Android MagCubic 720p bluetooth - Wifi	2	[{"deleted": {"name": "product image", "object": "Image for Proyector - Videobeam Android MagCubic 720p bluetooth - Wifi"}}, {"deleted": {"name": "product image", "object": "Image for Proyector - Videobeam Android MagCubic 720p bluetooth - Wifi"}}, {"deleted": {"name": "product image", "object": "Image for Proyector - Videobeam Android MagCubic 720p bluetooth - Wifi"}}, {"deleted": {"name": "product image", "object": "Image for Proyector - Videobeam Android MagCubic 720p bluetooth - Wifi"}}]	12	1
557	2025-10-25 19:31:43.602108+00	116	Control de Videojuegos Bluetooth Voyee	1	[{"added": {}}, {"added": {"name": "product image", "object": "Image for Control de Videojuegos Bluetooth Voyee"}}]	12	1
558	2025-10-25 19:35:25.498777+00	117	Control Bluetooth V8	1	[{"added": {}}, {"added": {"name": "product image", "object": "Image for Control Bluetooth V8"}}]	12	1
559	2025-10-27 14:14:49.050182+00	61	Impresora termica de etiquetas portatil	2	[{"changed": {"fields": ["Discount"]}}]	12	1
560	2025-10-29 19:45:39.214057+00	13	Servicios	1	[{"added": {}}]	10	1
561	2025-10-29 19:46:01.477071+00	19	Mantenimiento - Instalacion	1	[{"added": {}}]	14	1
562	2025-10-29 19:46:28.659225+00	118	Magis	1	[{"added": {}}]	12	1
563	2025-10-29 19:49:13.974835+00	119	Instalacion Camara	1	[{"added": {}}]	12	1
564	2025-10-29 19:49:41.68386+00	120	Mantenimiento de PC - Software	1	[{"added": {}}]	12	1
565	2025-10-29 19:50:07.495295+00	121	Mantenimiento de PC - Completo	1	[{"added": {}}]	12	1
566	2025-10-29 21:34:17.288812+00	35	R36S - Consola Retro	2	[{"changed": {"fields": ["Discount"]}}]	12	1
567	2025-10-29 21:34:47.185442+00	36	Kinhank K36 - Consola Retro	2	[{"changed": {"fields": ["Discount"]}}]	12	1
568	2025-10-29 21:34:55.440705+00	35	R36S - Consola Retro	2	[{"changed": {"fields": ["Discount"]}}]	12	1
569	2025-10-29 21:35:26.647674+00	117	Control Bluetooth V8	2	[{"changed": {"fields": ["Stock"]}}]	12	1
570	2025-10-29 21:36:04.41992+00	12	Celulares	2	[{"changed": {"fields": ["Orden de Visualizaci\\u00f3n"]}}]	10	1
571	2025-10-29 21:36:51.116061+00	2	Drones	2	[{"changed": {"fields": ["Orden de Visualizaci\\u00f3n"]}}]	10	1
572	2025-10-29 22:37:17.085885+00	83	Reloj Invicta Pro diver Automatico	2	[{"changed": {"fields": ["Sale price", "Discount"]}}]	12	1
573	2025-10-29 22:54:57.776942+00	122	Parlante Bluetooth resistente al agua - RGB	1	[{"added": {}}, {"added": {"name": "product image", "object": "Image for Parlante Bluetooth resistente al agua - RGB"}}]	12	1
574	2025-10-31 15:32:35.699689+00	33	Control de videojuegos Bluetooth para Telefono Android y Iphone	2	[{"changed": {"fields": ["Discount"]}}]	12	1
575	2025-10-31 15:32:56.927499+00	33	Control de videojuegos Bluetooth para Telefono Android y Iphone	2	[{"changed": {"fields": ["Discount"]}}]	12	1
576	2025-10-31 15:35:06.555986+00	123	Estuche Celular Gamusa	1	[{"added": {}}]	12	1
577	2025-10-31 15:36:10.290257+00	124	Estuche Celular Silicona	1	[{"added": {}}]	12	1
578	2025-10-31 15:46:22.04347+00	125	Cargador Ugreen 30W	1	[{"added": {}}]	12	1
579	2025-10-31 15:46:26.118045+00	112	Cargador Ugreen 30W GaN II	2	[{"changed": {"fields": ["Name", "Purchase price", "Stock"]}}]	12	1
580	2025-10-31 15:46:47.241917+00	125	Cargador Ugreen 30W GaN I	2	[{"changed": {"fields": ["Name"]}}, {"added": {"name": "product image", "object": "Image for Cargador Ugreen 30W GaN I"}}]	12	1
581	2025-10-31 16:00:51.026873+00	88	Memoria Micro SD Patriot 64GB	2	[{"changed": {"name": "product image", "object": "Image for Memoria Micro SD Patriot 64GB", "fields": ["Image"]}}]	12	1
582	2025-10-31 16:01:00.481289+00	27	Memoria Micro SD Sandisk 64GB	2	[{"changed": {"name": "product image", "object": "Image for Memoria Micro SD Sandisk 64GB", "fields": ["Image"]}}]	12	1
583	2025-10-31 16:01:06.317782+00	28	Memoria Micro SD Sandisk 128GB	2	[{"changed": {"name": "product image", "object": "Image for Memoria Micro SD Sandisk 128GB", "fields": ["Image"]}}]	12	1
584	2025-10-31 16:01:13.739866+00	29	Memoria Micro SD Sandisk 256GB	2	[{"changed": {"name": "product image", "object": "Image for Memoria Micro SD Sandisk 256GB", "fields": ["Image"]}}]	12	1
585	2025-10-31 16:01:58.977988+00	26	SSD Patriot P220 256GB	2	[{"changed": {"name": "product image", "object": "Image for SSD Patriot P220 256GB", "fields": ["Image"]}}]	12	1
586	2025-10-31 16:04:57.210265+00	126	Case - Caja para Disco Duro	1	[{"added": {}}, {"added": {"name": "product image", "object": "Image for Case - Caja para Disco Duro"}}]	12	1
1062	2025-12-31 15:25:13.963312+00	9	SOLID25	1	[{"added": {}}]	27	1
587	2025-11-01 15:43:04.729813+00	127	Pantalla Selfie - Vlog	1	[{"added": {}}, {"added": {"name": "product image", "object": "Image for Pantalla Selfie - Vlog"}}, {"added": {"name": "product image", "object": "Image for Pantalla Selfie - Vlog"}}, {"added": {"name": "product image", "object": "Image for Pantalla Selfie - Vlog"}}, {"added": {"name": "product image", "object": "Image for Pantalla Selfie - Vlog"}}]	12	1
588	2025-11-01 16:01:35.432899+00	127	Pantalla Selfie - Vlog	2	[{"added": {"name": "product image", "object": "Image for Pantalla Selfie - Vlog"}}]	12	1
589	2025-11-01 16:01:55.229841+00	127	Pantalla Selfie - Vlog	2	[{"changed": {"name": "product image", "object": "Image for Pantalla Selfie - Vlog", "fields": ["Image"]}}]	12	1
590	2025-11-01 16:02:14.748661+00	127	Pantalla Selfie - Vlog	2	[{"deleted": {"name": "product image", "object": "Image for Pantalla Selfie - Vlog"}}, {"deleted": {"name": "product image", "object": "Image for Pantalla Selfie - Vlog"}}, {"deleted": {"name": "product image", "object": "Image for Pantalla Selfie - Vlog"}}, {"deleted": {"name": "product image", "object": "Image for Pantalla Selfie - Vlog"}}, {"deleted": {"name": "product image", "object": "Image for Pantalla Selfie - Vlog"}}]	12	1
591	2025-11-01 16:02:26.110452+00	127	Pantalla Selfie - Vlog	2	[{"added": {"name": "product image", "object": "Image for Pantalla Selfie - Vlog"}}]	12	1
592	2025-11-01 16:02:50.796518+00	127	Pantalla Selfie - Vlog	2	[{"added": {"name": "product image", "object": "Image for Pantalla Selfie - Vlog"}}, {"added": {"name": "product image", "object": "Image for Pantalla Selfie - Vlog"}}, {"added": {"name": "product image", "object": "Image for Pantalla Selfie - Vlog"}}, {"added": {"name": "product image", "object": "Image for Pantalla Selfie - Vlog"}}]	12	1
593	2025-11-01 22:40:39.790142+00	4	EVER10	2	[{"changed": {"fields": ["Total Usos"]}}]	27	1
594	2025-11-01 22:43:29.111516+00	30	Stock Entry for Amazon Fire TV Stick - 2 gen - 3	1	[{"added": {}}]	15	1
595	2025-11-01 22:44:11.277959+00	31	Stock Entry for Alexa - Echo Pop - 5	1	[{"added": {}}]	15	1
596	2025-11-02 14:44:20.834172+00	128	Parlante Bluetooth resistente al agua	1	[{"added": {}}, {"added": {"name": "product image", "object": "Image for Parlante Bluetooth resistente al agua"}}]	12	1
597	2025-11-02 14:45:29.298608+00	32	Stock Entry for Proyector - Videobeam Mentech Smart wifi - bluetooth - Magis - 3	1	[{"added": {}}]	15	1
598	2025-11-02 14:45:47.206729+00	115	Proyector - Videobeam Mentech Smart wifi - bluetooth - Magis	2	[{"changed": {"fields": ["Sale price"]}}]	12	1
599	2025-11-03 15:00:16.13306+00	83	Reloj Invicta Pro diver Automatico	2	[{"changed": {"fields": ["Destacado"]}}]	12	1
600	2025-11-03 15:00:16.135087+00	128	Parlante Bluetooth resistente al agua	2	[{"changed": {"fields": ["Destacado"]}}]	12	1
601	2025-11-03 15:00:16.136361+00	114	Proyector - Videobeam DBPower Full HD nativo Smart wifi - bluetooth - Maleta	2	[{"changed": {"fields": ["Destacado"]}}]	12	1
602	2025-11-03 15:00:16.137595+00	112	Cargador Ugreen 30W GaN II	2	[{"changed": {"fields": ["Destacado"]}}]	12	1
603	2025-11-03 15:00:16.138802+00	105	kIT HILOOK Dvr 8ch + 8 Cámaras 1080p + Accesorios	2	[{"changed": {"fields": ["Destacado"]}}]	12	1
604	2025-11-03 15:00:16.139932+00	98	Onn Full HD TV Box con Android TV	2	[{"changed": {"fields": ["Destacado"]}}]	12	1
605	2025-11-03 15:00:16.141026+00	93	Parlante Bluetooth Xleader resistente al agua	2	[{"changed": {"fields": ["Destacado"]}}]	12	1
606	2025-11-03 15:00:16.142162+00	63	Proyector - Videobeam Vizony Full HD nativo wifi - bluetooth	2	[{"changed": {"fields": ["Destacado"]}}]	12	1
607	2025-11-03 15:00:16.143264+00	38	Trimui Smart Pro - Consola Retro	2	[{"changed": {"fields": ["Destacado"]}}]	12	1
608	2025-11-03 15:01:40.758314+00	13	Servicios	2	[{"changed": {"fields": ["Activo"]}}]	10	1
609	2025-11-04 13:30:29.761191+00	128	Parlante Bluetooth resistente al agua	2	[{"changed": {"fields": ["Discount"]}}]	12	1
610	2025-11-04 13:30:47.08722+00	128	Parlante Bluetooth resistente al agua	2	[{"changed": {"fields": ["Discount"]}}]	12	1
611	2025-11-04 13:31:08.696531+00	128	Parlante Bluetooth resistente al agua	2	[{"changed": {"fields": ["Discount"]}}]	12	1
612	2025-11-04 16:13:46.780422+00	26	SSD Patriot P220 256GB	2	[{"changed": {"fields": ["Stock"]}}]	12	1
613	2025-11-04 16:14:02.042304+00	26	SSD Patriot P220 256GB	2	[{"changed": {"fields": ["Stock"]}}]	12	1
614	2025-11-06 03:39:37.857948+00	115	Proyector - Videobeam Mentech Smart wifi - bluetooth - Magis	2	[{"changed": {"fields": ["Sale price"]}}]	12	1
615	2025-11-06 03:41:17.95443+00	110	Cable USB C - USB C	2	[{"changed": {"fields": ["Stock"]}}]	12	1
616	2025-11-06 17:04:16.993412+00	129	Video Balum HD x 2 unidades	1	[{"added": {}}]	12	1
617	2025-11-06 17:04:42.506946+00	129	Video Balum HD x 2 unidades	2	[{"changed": {"fields": ["Sale price"]}}]	12	1
618	2025-11-06 17:05:03.526749+00	99	Cámara Hilook Interior Tipo Domo Thc-T120	2	[{"changed": {"fields": ["Sale price"]}}]	12	1
619	2025-11-06 19:13:35.850866+00	99	Cámara Hilook Interior Tipo Domo Thc-T120	2	[{"changed": {"fields": ["Sale price"]}}]	12	1
620	2025-11-06 19:14:03.397502+00	101	DVR Hilook de 8 Canales 1080p 108G-F1	2	[{"changed": {"fields": ["Sale price"]}}]	12	1
621	2025-11-06 19:57:16.779976+00	129	Video Balum HD x 2 unidades	2	[{"added": {"name": "product image", "object": "Image for Video Balum HD x 2 unidades"}}]	12	1
622	2025-11-06 19:58:06.646924+00	100	Camara Hilook Exterior Tipo Bala Thc-B120	2	[{"changed": {"fields": ["Sale price"]}}]	12	1
623	2025-11-06 19:58:14.918437+00	99	Cámara Hilook Interior Tipo Domo Thc-T120	2	[{"changed": {"fields": ["Sale price"]}}]	12	1
624	2025-11-06 21:03:29.137492+00	119	Instalacion Camara WIFI	2	[{"changed": {"fields": ["Name"]}}]	12	1
625	2025-11-06 21:04:53.803188+00	130	Instalacion Camara CCTV	1	[{"added": {}}]	12	1
626	2025-11-06 21:05:19.53289+00	119	Instalacion Camara WIFI	2	[{"changed": {"fields": ["Sale price"]}}]	12	1
627	2025-11-06 21:24:52.53015+00	130	Instalacion Camara CCTV	2	[{"changed": {"fields": ["Es un Servicio"]}}]	12	1
628	2025-11-06 23:23:16.181627+00	131	Kit Camara CCTV Balun + fuente + bornera	1	[{"added": {}}]	12	1
629	2025-11-06 23:23:51.437046+00	132	Caja de paso 10cmx10cm	1	[{"added": {}}]	12	1
630	2025-11-06 23:26:51.080415+00	133	Cable UTP Interior Metro	1	[{"added": {}}]	12	1
631	2025-11-06 23:27:27.428448+00	134	Cable UTP Exterior Metro	1	[{"added": {}}]	12	1
632	2025-11-06 23:28:25.172204+00	133	Cable UTP Interior Metro x 10	2	[{"changed": {"fields": ["Name", "Purchase price", "Sale price"]}}]	12	1
633	2025-11-06 23:28:38.499167+00	134	Cable UTP Exterior Metro x 10m	2	[{"changed": {"fields": ["Name", "Purchase price", "Sale price"]}}]	12	1
634	2025-11-07 22:23:53.153711+00	135	Instalacion DVR	1	[{"added": {}}]	12	1
635	2025-11-07 22:24:55.65114+00	99	Cámara Hilook Interior Tipo Domo Thc-T120	2	[{"changed": {"fields": ["Stock"]}}]	12	1
636	2025-11-07 22:30:05.911091+00	130	Instalacion Camara CCTV	2	[{"changed": {"fields": ["Sale price"]}}]	12	1
637	2025-11-07 22:33:30.508685+00	136	Canaleta CANALETA 12 X 9	1	[{"added": {}}]	12	1
638	2025-11-07 23:09:45.858148+00	131	Kit Camara CCTV Balun + Fuente + Bornera + Caja	2	[{"changed": {"fields": ["Name"]}}]	12	1
639	2025-11-07 23:12:12.630746+00	131	Kit Camara CCTV Balun + Fuente + Bornera + Caja	2	[{"changed": {"fields": ["Sale price"]}}]	12	1
640	2025-11-07 23:27:08.343654+00	130	Instalacion Camara CCTV	2	[{"changed": {"fields": ["Purchase price"]}}]	12	1
641	2025-11-07 23:49:27.475891+00	136	Canaleta CANALETA 12 X 9	2	[{"changed": {"fields": ["Sale price"]}}]	12	1
642	2025-11-07 23:50:07.968761+00	136	Canaleta CANALETA 12 X 9	2	[]	12	1
643	2025-11-08 22:48:13.684768+00	137	Servicio Integral de Instalación y Configuración CCTV (7 Puntos, DVR, App Móvil)	1	[{"added": {}}]	12	1
644	2025-11-08 23:11:14.632401+00	137	Servicio Integral de Instalación y Configuración CCTV (7 Puntos, DVR, App Móvil)	2	[{"changed": {"fields": ["Sale price"]}}]	12	1
645	2025-11-08 23:11:35.282704+00	101	DVR Hilook de 8 Canales 1080p 108G-F1	2	[{"changed": {"fields": ["Sale price"]}}]	12	1
646	2025-11-08 23:11:48.701491+00	100	Camara Hilook Exterior Tipo Bala Thc-B120	2	[{"changed": {"fields": ["Sale price"]}}]	12	1
647	2025-11-08 23:12:01.222646+00	99	Cámara Hilook Interior Tipo Domo Thc-T120	2	[{"changed": {"fields": ["Sale price"]}}]	12	1
648	2025-11-08 23:12:42.990187+00	100	Camara Hilook Exterior Tipo Bala Thc-B120	2	[{"changed": {"fields": ["Sale price"]}}]	12	1
649	2025-11-08 23:15:45.551752+00	136	Canaleta CANALETA 12 X 9	2	[{"changed": {"fields": ["Sale price"]}}]	12	1
650	2025-11-11 16:34:06.678844+00	138	Canaleta CANALETA 12 X 9	1	[{"added": {}}]	12	1
651	2025-11-11 16:35:13.276089+00	108	kIT HILOOK Dvr 8ch + 2 Cámaras 1080p + Accesorios	2	[{"changed": {"name": "product image", "object": "Image for kIT HILOOK Dvr 8ch + 2 C\\u00e1maras 1080p + Accesorios", "fields": ["Image"]}}]	12	1
652	2025-11-11 16:35:48.585168+00	107	kIT HILOOK Dvr 8ch + 4 Cámaras 1080p + Accesorios	2	[{"changed": {"name": "product image", "object": "Image for kIT HILOOK Dvr 8ch + 4 C\\u00e1maras 1080p + Accesorios", "fields": ["Image"]}}]	12	1
653	2025-11-11 16:35:55.898061+00	108	kIT HILOOK Dvr 8ch + 2 Cámaras 1080p + Accesorios	2	[{"changed": {"name": "product image", "object": "Image for kIT HILOOK Dvr 8ch + 2 C\\u00e1maras 1080p + Accesorios", "fields": ["Image"]}}]	12	1
654	2025-11-11 16:36:11.818699+00	106	kIT HILOOK Dvr 8ch + 6 Cámaras 1080p + Accesorios	2	[]	12	1
655	2025-11-11 16:36:21.856351+00	105	kIT HILOOK Dvr 8ch + 8 Cámaras 1080p + Accesorios	2	[{"changed": {"name": "product image", "object": "Image for kIT HILOOK Dvr 8ch + 8 C\\u00e1maras 1080p + Accesorios", "fields": ["Image"]}}]	12	1
656	2025-11-11 16:36:57.517213+00	101	DVR Hilook de 8 Canales 1080p 108G-F1	2	[{"changed": {"name": "product image", "object": "Image for DVR Hilook de 8 Canales 1080p 108G-F1", "fields": ["Image"]}}]	12	1
657	2025-11-11 16:37:06.611791+00	100	Camara Hilook Exterior Tipo Bala Thc-B120	2	[{"changed": {"name": "product image", "object": "Image for Camara Hilook Exterior Tipo Bala Thc-B120", "fields": ["Image"]}}]	12	1
658	2025-11-11 16:37:19.880443+00	99	Cámara Hilook Interior Tipo Domo Thc-T120	2	[{"changed": {"name": "product image", "object": "Image for C\\u00e1mara Hilook Interior Tipo Domo Thc-T120", "fields": ["Image"]}}]	12	1
659	2025-11-11 16:40:47.340126+00	139	Kit Dahua Dvr 8ch + 2 Cámaras 1080p + Accesorios	1	[{"added": {}}, {"added": {"name": "product image", "object": "Image for Kit Dahua Dvr 8ch + 2 C\\u00e1maras 1080p + Accesorios"}}]	12	1
660	2025-11-11 16:41:25.903705+00	139	Kit Dahua Dvr 8ch + 2 Cámaras 1080p + Accesorios	2	[{"changed": {"fields": ["Stock"]}}]	12	1
661	2025-11-11 16:41:38.622644+00	108	Kit HILOOK Dvr 8ch + 2 Cámaras 1080p + Accesorios	2	[{"changed": {"fields": ["Name"]}}]	12	1
662	2025-11-11 16:42:05.378612+00	139	Kit Dahua Dvr 8ch + 2 Cámaras 1080p + Accesorios	2	[{"changed": {"name": "product image", "object": "Image for Kit Dahua Dvr 8ch + 2 C\\u00e1maras 1080p + Accesorios", "fields": ["Image"]}}]	12	1
663	2025-11-11 16:43:26.036737+00	140	kIT Dahua Dvr 8ch + 4 Cámaras 1080p + Accesorios	1	[{"added": {}}]	12	1
664	2025-11-11 16:43:35.789007+00	107	Kit HILOOK Dvr 8ch + 4 Cámaras 1080p + Accesorios	2	[{"changed": {"fields": ["Name"]}}]	12	1
665	2025-11-11 16:44:45.578152+00	141	Kit Dahua Dvr 8ch + 6 Cámaras 1080p + Accesorios	1	[{"added": {}}, {"added": {"name": "product image", "object": "Image for Kit Dahua Dvr 8ch + 6 C\\u00e1maras 1080p + Accesorios"}}]	12	1
666	2025-11-11 16:44:57.431879+00	140	kIT Dahua Dvr 8ch + 4 Cámaras 1080p + Accesorios	2	[{"changed": {"fields": ["Description"]}}]	12	1
667	2025-11-11 16:45:05.677343+00	139	Kit Dahua Dvr 8ch + 2 Cámaras 1080p + Accesorios	2	[{"changed": {"fields": ["Description", "Stock"]}}]	12	1
668	2025-11-11 16:45:44.234056+00	106	Kit HILOOK Dvr 8ch + 6 Cámaras 1080p + Accesorios	2	[{"changed": {"fields": ["Name"]}}]	12	1
669	2025-11-11 16:48:11.455016+00	142	Kit Dahua Dvr 8ch + 8 Cámaras 1080p + Accesorios	1	[{"added": {}}, {"added": {"name": "product image", "object": "Image for Kit Dahua Dvr 8ch + 8 C\\u00e1maras 1080p + Accesorios"}}]	12	1
670	2025-11-11 16:49:48.994568+00	140	kIT Dahua Dvr 8ch + 4 Cámaras 1080p + Accesorios	2	[{"added": {"name": "product image", "object": "Image for kIT Dahua Dvr 8ch + 4 C\\u00e1maras 1080p + Accesorios"}}]	12	1
671	2025-11-11 16:50:24.295612+00	105	Kit HILOOK Dvr 8ch + 8 Cámaras 1080p + Accesorios	2	[{"changed": {"fields": ["Name"]}}]	12	1
672	2025-11-11 17:16:11.041513+00	143	DVR Dahua de 8 Canales 1080p DH-XVR1B08-I-T	1	[{"added": {}}, {"added": {"name": "product image", "object": "Image for DVR Dahua de 8 Canales 1080p DH-XVR1B08-I-T"}}]	12	1
673	2025-11-11 17:20:58.716584+00	144	Camara Dahua Exterior Tipo Bala DH-HAC-B1A21N-U-0280B	1	[{"added": {}}, {"added": {"name": "product image", "object": "Image for Camara Dahua Exterior Tipo Bala DH-HAC-B1A21N-U-0280B"}}]	12	1
674	2025-11-11 17:22:14.959866+00	145	Camara Dahua Exterior Tipo Bala DH-HAC-B1A21N-U-0360B	1	[{"added": {}}, {"added": {"name": "product image", "object": "Image for Camara Dahua Exterior Tipo Bala DH-HAC-B1A21N-U-0360B"}}]	12	1
675	2025-11-11 17:23:38.043836+00	146	Cámara Dahua Interior Tipo Domo DH-HAC-T1A21N-U-0280B	1	[{"added": {}}, {"added": {"name": "product image", "object": "Image for C\\u00e1mara Dahua Interior Tipo Domo DH-HAC-T1A21N-U-0280B"}}]	12	1
676	2025-11-11 17:23:44.198047+00	145	Camara Dahua Exterior Tipo Bala DH-HAC-B1A21N-U-0360B	2	[{"changed": {"fields": ["Tags"]}}]	12	1
677	2025-11-11 17:23:52.475165+00	144	Camara Dahua Exterior Tipo Bala DH-HAC-B1A21N-U-0280B	2	[{"changed": {"fields": ["Tags"]}}]	12	1
678	2025-11-11 17:31:00.615193+00	147	Xiaomi Smart Band 9 Active	1	[{"added": {}}, {"added": {"name": "product image", "object": "Image for Xiaomi Smart Band 9 Active"}}]	12	1
679	2025-11-11 18:19:17.331256+00	86	Reloj Casio MTP-VD01D	2	[{"changed": {"name": "product image", "object": "Image for Reloj Casio MTP-VD01D", "fields": ["Image"]}}]	12	1
680	2025-11-11 18:19:24.007124+00	86	Reloj Casio MTP-VD01D	2	[]	12	1
681	2025-11-11 18:22:58.298214+00	148	Power Bank Xiaomi 20.000mah - 30w	1	[{"added": {}}, {"added": {"name": "product image", "object": "Image for Power Bank Xiaomi 20.000mah - 30w"}}]	12	1
682	2025-11-11 18:24:08.107295+00	148	Power Bank Xiaomi 20.000mah - 30w	2	[{"changed": {"fields": ["Purchase price", "Sale price", "Discount"]}}, {"changed": {"name": "product image", "object": "Image for Power Bank Xiaomi 20.000mah - 30w", "fields": ["Image"]}}]	12	1
683	2025-11-11 18:25:15.195896+00	149	Power Bank Xiaomi 10.000mah - 22.5w	1	[{"added": {}}, {"added": {"name": "product image", "object": "Image for Power Bank Xiaomi 10.000mah - 22.5w"}}]	12	1
684	2025-11-11 20:16:00.811946+00	45	Proyector - Videobeam Jowlurk Full HD nativo - Wifi -Bluetooth	2	[{"changed": {"fields": ["Discount"]}}]	12	1
685	2025-11-12 15:07:34.34319+00	150	Proyector - Videobeam HY300ULTRA Smart wifi - bluetooth - Magis	1	[{"added": {}}, {"added": {"name": "product image", "object": "Image for Proyector - Videobeam HY300ULTRA Smart wifi - bluetooth - Magis"}}]	12	1
686	2025-11-12 15:09:31.244886+00	20	Camaras Wifi - IP	1	[{"added": {}}]	14	1
687	2025-11-12 15:09:34.791626+00	5	Cámaras de seguridad wifi TP-Link Tapo C200	2	[{"changed": {"fields": ["Subcategory"]}}]	12	1
688	2025-11-12 15:09:53.269718+00	6	Cámaras de seguridad wifi Tapo C210 x2 Unid	2	[{"changed": {"fields": ["Subcategory"]}}]	12	1
689	2025-11-12 15:10:12.549203+00	7	Camara wifi de uso exterior 2k Tapo C500	2	[{"changed": {"fields": ["Subcategory"]}}]	12	1
690	2025-11-12 15:10:19.787157+00	8	Camara wifi de uso exterior 2k Tapo C310	2	[{"changed": {"fields": ["Subcategory"]}}]	12	1
691	2025-11-12 15:10:28.513474+00	10	Cámara wifi exteriores Tapo C425	2	[{"changed": {"fields": ["Subcategory"]}}]	12	1
692	2025-11-12 15:10:36.593222+00	11	Cámara wifi exteriores Tapo C402	2	[{"changed": {"fields": ["Subcategory"]}}]	12	1
693	2025-11-12 15:10:44.258285+00	12	Cámara wifi exteriores Tapo C402 con Panel solar	2	[{"changed": {"fields": ["Subcategory"]}}]	12	1
694	2025-11-12 15:10:52.7379+00	19	Combo de 4 Camaras Xiaomi Yi Wifi 2K	2	[{"changed": {"fields": ["Subcategory"]}}]	12	1
695	2025-11-12 15:11:01.678457+00	94	Camara inalambrica Alaga - Wifi para Interiores	2	[{"changed": {"fields": ["Subcategory"]}}]	12	1
696	2025-11-12 15:11:25.962272+00	3	Cámaras de CCTV	2	[{"changed": {"fields": ["Name"]}}]	14	1
697	2025-11-12 16:17:08.368434+00	1	solid_telefono (Home - Carrusel Principal)	2	[{"changed": {"fields": ["Imagen del Banner"]}}]	21	1
698	2025-11-12 16:17:25.428902+00	1	solid_telefono (Home - Carrusel Principal)	2	[{"changed": {"fields": ["Activo"]}}]	21	1
699	2025-11-12 16:25:11.54556+00	1	solid_telefono (Home - Carrusel Principal)	2	[{"changed": {"fields": ["Imagen del Banner"]}}]	21	1
700	2025-11-12 16:30:55.327442+00	1	solid_telefono (Home - Carrusel Principal)	2	[{"changed": {"fields": ["Imagen del Banner"]}}]	21	1
701	2025-11-13 18:33:41.828643+00	4	principal con dir (Home - Carrusel Principal)	1	[{"added": {}}]	21	1
702	2025-11-13 18:33:57.316858+00	4	principal con dir (Home - Carrusel Principal)	2	[{"changed": {"fields": ["Orden de Visualizaci\\u00f3n"]}}]	21	1
703	2025-11-13 18:38:43.823357+00	4	principal con dir (Home - Carrusel Principal)	2	[{"changed": {"fields": ["Imagen del Banner"]}}]	21	1
704	2025-11-13 18:39:32.915282+00	1	solid_telefono (Home - Carrusel Principal)	2	[{"changed": {"fields": ["Activo"]}}]	21	1
705	2025-11-13 18:39:32.917311+00	4	principal con dir (Home - Carrusel Principal)	2	[{"changed": {"fields": ["Orden de Visualizaci\\u00f3n"]}}]	21	1
706	2025-11-13 18:39:53.623822+00	3	img_pdf (General - Encabezado Sitio)	2	[{"changed": {"fields": ["Orden de Visualizaci\\u00f3n"]}}]	21	1
707	2025-11-13 18:39:53.625856+00	2	Banner general tienda telefono (Home - Carrusel Principal)	2	[{"changed": {"fields": ["Activo"]}}]	21	1
708	2025-11-13 18:40:11.757904+00	3	img_pdf (General - Encabezado Sitio)	2	[{"changed": {"fields": ["Activo"]}}]	21	1
709	2025-11-13 18:40:11.759946+00	1	solid_telefono (Home - Carrusel Principal)	2	[{"changed": {"fields": ["Activo"]}}]	21	1
710	2025-11-13 18:40:32.580495+00	1	camaras_1 (Home - Carrusel Principal)	2	[{"changed": {"fields": ["Nombre del Banner (interno)"]}}]	21	1
711	2025-11-13 18:40:50.443461+00	1	black friday (Home - Carrusel Principal)	2	[{"changed": {"fields": ["Nombre del Banner (interno)"]}}]	21	1
712	2025-11-14 03:07:35.779696+00	6	Cámaras de seguridad wifi Tapo C210 x2 Unid	2	[{"changed": {"fields": ["Sale price"]}}]	12	1
713	2025-11-14 14:46:38.502631+00	129	Video Balum HD x 2 unidades	2	[{"changed": {"fields": ["Sale price"]}}]	12	1
714	2025-11-14 14:47:10.145597+00	138	Canaleta CANALETA 12 X 9	2	[{"changed": {"fields": ["Sale price"]}}]	12	1
715	2025-11-14 14:49:54.922272+00	136	Canaleta CANALETA 20 X 10	2	[{"changed": {"fields": ["Name", "Sale price"]}}]	12	1
716	2025-11-15 14:10:03.473879+00	33	Control de videojuegos Bluetooth para Telefono Android y Iphone	2	[{"changed": {"fields": ["Discount"]}}]	12	1
717	2025-11-15 15:54:47.885956+00	94	Camara inalambrica Alaga - Wifi para Interiores	2	[{"changed": {"fields": ["Discount"]}}]	12	1
718	2025-11-15 15:57:49.096707+00	151	Memoria Micro SD WD 64GB	1	[{"added": {}}, {"added": {"name": "product image", "object": "Image for Memoria Micro SD WD 64GB"}}]	12	1
719	2025-11-15 15:59:17.509338+00	60	Audifonos Headset Gamer G06 inalambricos Bluetooth - 2.4Ghz	2	[{"changed": {"fields": ["Discount"]}}]	12	1
720	2025-11-15 16:01:09.364338+00	60	Audifonos Headset Gamer G06 inalambricos Bluetooth - 2.4Ghz	2	[{"changed": {"fields": ["Discount"]}}]	12	1
721	2025-11-18 01:22:13.882176+00	59	Alexa - Echo Pop	2	[{"changed": {"fields": ["Sale price"]}}]	12	1
722	2025-11-18 14:11:25.942432+00	152	Parlante Bluetooth resistente al agua 80w - RGB	1	[{"added": {}}, {"added": {"name": "product image", "object": "Image for Parlante Bluetooth resistente al agua 80w - RGB"}}]	12	1
723	2025-11-19 14:28:24.08658+00	150	Proyector - Videobeam HY300ULTRA Smart wifi - bluetooth - Magis	2	[{"changed": {"fields": ["Discount"]}}]	12	1
724	2025-11-19 14:33:28.587991+00	33	Stock Entry for Smartwatch - Reloj Haylou Solar 5 - 1	1	[{"added": {}}]	15	1
725	2025-11-19 14:34:32.548538+00	30	Ambernic RG40XX - Consola Retro	2	[{"changed": {"fields": ["Description", "Discount"]}}]	12	1
726	2025-11-19 14:34:43.94129+00	38	Trimui Smart Pro - Consola Retro	2	[{"changed": {"fields": ["Sale price"]}}]	12	1
727	2025-11-19 14:34:54.70745+00	31	Vortex F5 128GB - Consola Retro	2	[{"changed": {"fields": ["Discount"]}}]	12	1
728	2025-11-19 14:36:07.806771+00	34	Stock Entry for Onn Full HD TV Box con Android TV - 3	1	[{"added": {}}]	15	1
729	2025-11-19 15:14:02.496232+00	151	Memoria Micro SD WD 64GB	2	[{"changed": {"fields": ["Sale price"]}}]	12	1
730	2025-11-19 15:14:13.778004+00	27	Memoria Micro SD Sandisk 64GB	2	[{"changed": {"fields": ["Sale price"]}}]	12	1
731	2025-11-19 22:43:30.385019+00	150	Proyector - Videobeam HY300ULTRA Smart wifi - bluetooth - Magis	2	[{"changed": {"fields": ["Destacado"]}}]	12	1
732	2025-11-19 22:43:30.387318+00	142	Kit Dahua Dvr 8ch + 8 Cámaras 1080p + Accesorios	2	[{"changed": {"fields": ["Destacado"]}}]	12	1
733	2025-11-19 22:43:30.389018+00	92	Parlante Bluetooth Vanzon resistente al agua	2	[{"changed": {"fields": ["Destacado"]}}]	12	1
734	2025-11-19 22:43:30.390384+00	82	Reloj Submariner Addiesdive AD2089	2	[{"changed": {"fields": ["Destacado"]}}]	12	1
735	2025-11-19 22:43:30.391673+00	81	Reloj SKMEI 2505	2	[{"changed": {"fields": ["Destacado"]}}]	12	1
736	2025-11-19 22:43:30.392903+00	65	Smartwatch - Reloj Haylou Solar 5	2	[{"changed": {"fields": ["Destacado"]}}]	12	1
737	2025-11-19 22:43:30.394124+00	63	Proyector - Videobeam Vizony Full HD nativo wifi - bluetooth	2	[{"changed": {"fields": ["Destacado"]}}]	12	1
738	2025-11-19 22:45:21.427126+00	2	Audifonos Headset Gamer G08 inalambricos Bluetooth - 2.4Ghz	2	[{"changed": {"fields": ["Destacado"]}}]	12	1
739	2025-11-19 22:56:40.173015+00	35	Stock Entry for Cargador Ugreen 30W GaN II - 2	1	[{"added": {}}]	15	1
740	2025-11-21 15:36:12.043589+00	153	Audifonos inalambricos Haylou AirFree	1	[{"added": {}}, {"added": {"name": "product image", "object": "Image for Audifonos inalambricos Haylou AirFree"}}]	12	1
741	2025-11-21 15:54:28.326506+00	154	Audifonos Headset Gamer U06 con Cable	1	[{"added": {}}, {"added": {"name": "product image", "object": "Image for Audifonos Headset Gamer U06 con Cable"}}]	12	1
742	2025-11-21 15:55:25.571738+00	154	Audifonos Headset Gamer U06 con Cable	2	[{"changed": {"fields": ["Sale price"]}}]	12	1
743	2025-11-21 16:00:57.338816+00	155	Smartwatch - Reloj Haylou Solar Ultra	1	[{"added": {}}, {"added": {"name": "product image", "object": "Image for Smartwatch - Reloj Haylou Solar Ultra"}}]	12	1
744	2025-11-21 16:01:44.152713+00	82	Reloj Submariner Addiesdive AD2089	2	[{"changed": {"fields": ["Sale price", "Discount"]}}]	12	1
745	2025-11-22 19:46:39.649378+00	8	Camara wifi de uso exterior 2k Tapo C310	2	[{"changed": {"fields": ["Stock"]}}]	12	1
746	2025-11-22 22:13:28.676704+00	5	SOLID15	1	[{"added": {}}]	27	1
747	2025-11-23 02:06:26.186418+00	5	Cámaras de seguridad wifi TP-Link Tapo C200	2	[{"changed": {"fields": ["Discount"]}}]	12	1
748	2025-11-23 02:06:55.757156+00	8	Camara wifi de uso exterior 2k Tapo C310	2	[{"changed": {"fields": ["Sale price"]}}]	12	1
749	2025-11-24 14:03:00.317683+00	75	Audifonos inalambricos Oraolo Open OE03	2	[{"changed": {"fields": ["Discount"]}}]	12	1
750	2025-11-24 14:03:41.660258+00	76	Audifonos inalambricos Monster N-Lite	2	[{"changed": {"fields": ["Sale price", "Discount"]}}]	12	1
751	2025-11-24 14:04:13.46841+00	77	Audifonos inalambricos Tozo E2	2	[{"changed": {"fields": ["Discount"]}}]	12	1
752	2025-11-24 14:05:12.697576+00	60	Audifonos Headset Gamer G06 inalambricos Bluetooth - 2.4Ghz	2	[{"changed": {"fields": ["Discount"]}}]	12	1
753	2025-11-24 14:06:14.092604+00	153	Audifonos inalambricos Haylou AirFree	2	[{"changed": {"fields": ["Discount"]}}]	12	1
754	2025-11-24 14:06:47.772361+00	154	Audifonos Headset Gamer U06 con Cable	2	[{"changed": {"fields": ["Sale price", "Discount"]}}]	12	1
755	2025-11-24 14:07:20.536245+00	18	Audifonos inalambricos Tozo A1	2	[{"changed": {"fields": ["Discount"]}}]	12	1
756	2025-11-24 14:08:10.512767+00	74	Audifonos inalambricos Monster Open Ear	2	[{"changed": {"fields": ["Discount"]}}]	12	1
757	2025-11-24 14:09:16.595179+00	76	Audifonos inalambricos Monster N-Lite	2	[{"changed": {"fields": ["Discount"]}}]	12	1
758	2025-11-24 14:10:04.722287+00	97	Airpods 3Gen AAA	2	[{"changed": {"fields": ["Discount"]}}]	12	1
759	2025-11-24 14:10:40.123756+00	97	Airpods 3Gen AAA	2	[{"changed": {"fields": ["Discount"]}}]	12	1
760	2025-11-24 14:12:39.913072+00	148	Power Bank Xiaomi 20.000mah - 30w	2	[{"changed": {"fields": ["Discount"]}}]	12	1
761	2025-11-24 14:13:16.66365+00	148	Power Bank Xiaomi 20.000mah - 30w	2	[{"changed": {"fields": ["Discount"]}}]	12	1
762	2025-11-24 14:13:42.573102+00	149	Power Bank Xiaomi 10.000mah - 22.5w	2	[{"changed": {"fields": ["Discount"]}}]	12	1
763	2025-11-24 14:14:35.565139+00	149	Power Bank Xiaomi 10.000mah - 22.5w	2	[{"changed": {"fields": ["Discount"]}}]	12	1
764	2025-11-24 14:15:29.499328+00	127	Pantalla Selfie - Vlog	2	[{"changed": {"fields": ["Discount"]}}]	12	1
765	2025-11-24 14:15:51.677512+00	127	Pantalla Selfie - Vlog	2	[{"changed": {"fields": ["Discount"]}}]	12	1
766	2025-11-24 14:16:20.664434+00	125	Cargador Ugreen 30W GaN I	2	[{"changed": {"fields": ["Sale price", "Discount"]}}]	12	1
767	2025-11-24 14:16:42.66989+00	113	Cargador Ugreen 45W	2	[{"changed": {"fields": ["Discount"]}}]	12	1
768	2025-11-24 14:18:55.137469+00	112	Cargador Ugreen 30W GaN II	2	[{"changed": {"fields": ["Sale price", "Discount"]}}]	12	1
769	2025-11-24 14:19:42.716026+00	125	Cargador Ugreen 30W GaN I	2	[{"changed": {"fields": ["Sale price"]}}]	12	1
770	2025-11-24 14:20:04.712618+00	125	Cargador Ugreen 30W GaN I	2	[{"changed": {"fields": ["Discount"]}}]	12	1
771	2025-11-24 14:20:44.547693+00	125	Cargador Ugreen 30W GaN I	2	[{"changed": {"fields": ["Discount"]}}]	12	1
772	2025-11-24 14:21:30.624433+00	125	Cargador Ugreen 30W GaN I	2	[{"changed": {"fields": ["Discount"]}}]	12	1
773	2025-11-24 14:24:15.030785+00	125	Cargador Ugreen 30W GaN II + Cable	2	[{"changed": {"fields": ["Name", "Discount"]}}]	12	1
774	2025-11-24 14:24:47.814682+00	112	Cargador Ugreen 30W GaN II Nexode	2	[{"changed": {"fields": ["Name"]}}]	12	1
775	2025-11-24 14:25:31.332464+00	111	Cable USB C - USB	2	[{"changed": {"fields": ["Discount"]}}]	12	1
776	2025-11-24 14:25:50.893691+00	111	Cable USB C - USB	2	[{"changed": {"fields": ["Discount"]}}]	12	1
777	2025-11-24 14:25:59.38922+00	110	Cable USB C - USB C	2	[{"changed": {"fields": ["Discount"]}}]	12	1
778	2025-11-24 14:26:06.416574+00	109	Cable USB C - Lightning	2	[{"changed": {"fields": ["Discount"]}}]	12	1
779	2025-11-24 14:28:25.239071+00	151	Memoria Micro SD WD 64GB	2	[{"changed": {"fields": ["Discount"]}}]	12	1
780	2025-11-24 14:30:33.962277+00	94	Camara inalambrica Alaga - Wifi para Interiores	2	[{"changed": {"fields": ["Discount"]}}]	12	1
781	2025-11-24 14:31:13.721019+00	146	Cámara Dahua Interior Tipo Domo DH-HAC-T1A21N-U-0280B	2	[{"changed": {"fields": ["Discount"]}}]	12	1
782	2025-11-24 14:31:20.475347+00	145	Camara Dahua Exterior Tipo Bala DH-HAC-B1A21N-U-0360B	2	[{"changed": {"fields": ["Discount"]}}]	12	1
783	2025-11-24 14:31:27.054517+00	144	Camara Dahua Exterior Tipo Bala DH-HAC-B1A21N-U-0280B	2	[{"changed": {"fields": ["Discount"]}}]	12	1
784	2025-11-24 14:32:54.492417+00	143	DVR Dahua de 8 Canales 1080p DH-XVR1B08-I-T	2	[{"changed": {"fields": ["Discount"]}}]	12	1
785	2025-11-24 14:33:20.889749+00	101	DVR Hilook de 8 Canales 1080p 108G-F1	2	[{"changed": {"fields": ["Sale price", "Discount"]}}]	12	1
786	2025-11-24 14:34:11.4058+00	100	Camara Hilook Exterior Tipo Bala Thc-B120	2	[{"changed": {"fields": ["Sale price", "Discount"]}}]	12	1
787	2025-11-24 14:34:44.77221+00	99	Cámara Hilook Interior Tipo Domo Thc-T120	2	[{"changed": {"fields": ["Sale price", "Discount"]}}]	12	1
788	2025-11-24 14:36:38.132965+00	5	Cámaras de seguridad wifi TP-Link Tapo C200	2	[{"changed": {"fields": ["Discount"]}}]	12	1
789	2025-11-24 14:37:52.40071+00	91	Impresora termica de etiquetas portatil Niimbot D110	2	[{"changed": {"fields": ["Discount"]}}]	12	1
790	2025-11-24 14:38:15.472181+00	61	Impresora termica de etiquetas portatil	2	[{"changed": {"fields": ["Discount"]}}]	12	1
791	2025-11-24 14:38:44.031707+00	53	Mouse inalámbrico Bluetooth - Blanco	2	[{"changed": {"fields": ["Discount"]}}]	12	1
792	2025-11-24 14:39:26.764925+00	52	Impresora termica de recibos portatil	2	[{"changed": {"fields": ["Discount"]}}]	12	1
793	2025-11-24 14:40:05.365458+00	95	Ventilador de Techo para socket-enchufe comun - control remoto	2	[{"changed": {"fields": ["Discount"]}}]	12	1
794	2025-11-24 14:40:27.291595+00	56	Interruptor inteligente wifi	2	[{"changed": {"fields": ["Sale price", "Discount"]}}]	12	1
795	2025-11-24 14:40:45.37248+00	21	Bombillo Wifi inteligente compatible con Google - Alexa	2	[{"changed": {"fields": ["Discount"]}}]	12	1
796	2025-11-24 14:41:59.034069+00	20	Lampara Led solar	2	[{"changed": {"fields": ["Discount"]}}]	12	1
797	2025-11-24 14:42:15.661335+00	17	Tapo P125 Enchufe Inteligente - version apple x 2 unid	2	[{"changed": {"fields": ["Sale price", "Discount"]}}]	12	1
798	2025-11-24 14:42:36.553586+00	16	Tapo P115 Enchufe Inteligente y Monitor de energía x 1 unid	2	[{"changed": {"fields": ["Sale price", "Discount"]}}]	12	1
799	2025-11-24 14:42:46.705091+00	15	Tp-Link P115 Enchufe Inteligente y Monitor de energia x 2 unidades	2	[{"changed": {"fields": ["Discount"]}}]	12	1
800	2025-11-24 14:43:00.88353+00	16	Tapo P115 Enchufe Inteligente y Monitor de energía x 1 unid	2	[{"changed": {"fields": ["Sale price"]}}]	12	1
801	2025-11-24 14:43:09.446544+00	16	Tapo P115 Enchufe Inteligente y Monitor de energía x 1 unid	2	[{"changed": {"fields": ["Sale price"]}}]	12	1
802	2025-11-24 14:43:26.630865+00	14	Interruptor de Luz Smart Wifi Tapo S505 x 2 unidades	2	[{"changed": {"fields": ["Discount"]}}]	12	1
803	2025-11-24 14:43:45.222262+00	13	Interruptor de Luz Smart Wifi Tapo S505	2	[{"changed": {"fields": ["Discount"]}}]	12	1
804	2025-11-24 14:46:11.637804+00	23	Drone S80 con camara y 2 baterias	2	[{"changed": {"fields": ["Sale price", "Discount"]}}]	12	1
805	2025-11-24 14:46:49.930395+00	22	Drone Syma X200W con Camara	2	[{"changed": {"fields": ["Discount"]}}]	12	1
806	2025-11-24 14:48:09.501835+00	152	Parlante Bluetooth resistente al agua 80w - RGB	2	[{"changed": {"fields": ["Discount"]}}]	12	1
807	2025-11-24 14:49:18.881014+00	128	Parlante Bluetooth resistente al agua 40w	2	[{"changed": {"fields": ["Name", "Discount"]}}]	12	1
808	2025-11-24 14:50:16.701041+00	122	Parlante Bluetooth resistente al agua - RGB	2	[{"changed": {"fields": ["Description", "Sale price", "Discount"]}}]	12	1
809	2025-11-24 14:51:04.914111+00	93	Parlante Bluetooth Xleader resistente al agua	2	[{"changed": {"fields": ["Discount"]}}]	12	1
810	2025-11-24 14:52:06.59258+00	92	Parlante Bluetooth Vanzon resistente al agua	2	[{"changed": {"fields": ["Discount"]}}]	12	1
811	2025-11-24 14:52:32.129646+00	59	Alexa - Echo Pop	2	[{"changed": {"fields": ["Discount"]}}]	12	1
812	2025-11-24 14:53:30.301386+00	51	Altavoz Bluetooth portátil BOOMBLAST	2	[{"changed": {"fields": ["Sale price", "Discount"]}}]	12	1
813	2025-11-24 14:58:28.618023+00	150	Proyector - Videobeam HY300ULTRA Smart wifi - bluetooth - Magis	2	[{"changed": {"fields": ["Sale price"]}}]	12	1
814	2025-11-24 14:59:22.145041+00	90	Proyector - Videobeam 720p bluetooth	2	[{"changed": {"fields": ["Sale price", "Discount"]}}]	12	1
815	2025-11-24 14:59:42.324051+00	89	Mini Proyector - Videobeam Hompow 720p bluetooth	2	[{"changed": {"fields": ["Sale price", "Discount"]}}]	12	1
816	2025-11-24 15:00:21.598615+00	64	Proyector - Videobeam DBPower Full HD nativo wifi - bluetooth - Maleta	2	[{"changed": {"fields": ["Sale price"]}}]	12	1
817	2025-11-24 15:01:09.092762+00	62	Proyector - Videobeam Panseba 720p bluetooth - Telón	2	[{"changed": {"fields": ["Discount"]}}]	12	1
818	2025-11-24 15:01:28.052527+00	58	Proyector - Videobeam TMY 1080p bluetooth - Wifi	2	[{"changed": {"fields": ["Sale price"]}}]	12	1
819	2025-11-24 15:01:40.73575+00	46	Proyector - Videobeam Nisoo Full HD nativo - Wifi -Bluetooth	2	[{"changed": {"fields": ["Discount"]}}]	12	1
820	2025-11-24 15:02:45.932989+00	45	Proyector - Videobeam Jowlurk Full HD nativo - Wifi -Bluetooth	2	[{"changed": {"fields": ["Discount"]}}]	12	1
821	2025-11-24 15:03:15.512267+00	42	Proyector - Videobeam TMY 720p bluetooth - Telón	2	[{"changed": {"fields": ["Discount"]}}]	12	1
822	2025-11-24 15:03:33.649784+00	40	Proyector - Videobeam Vizony Full HD nativo wifi - bluetooth	2	[{"changed": {"fields": ["Discount"]}}]	12	1
823	2025-11-24 15:29:27.236799+00	147	Xiaomi Smart Band 9 Active	2	[{"changed": {"fields": ["Discount"]}}]	12	1
824	2025-11-24 15:30:19.196625+00	72	Smartwatch - Reloj Haylou Solar Neo	2	[{"changed": {"fields": ["Discount"]}}]	12	1
825	2025-11-24 15:31:01.560102+00	65	Smartwatch - Reloj Haylou Solar 5	2	[{"changed": {"fields": ["Discount"]}}]	12	1
826	2025-11-24 15:31:23.560331+00	47	Smartwatch - Reloj Colmi P81	2	[{"changed": {"fields": ["Sale price", "Discount"]}}]	12	1
827	2025-11-24 15:32:05.359201+00	84	Reloj Invicta Specialty	2	[{"changed": {"fields": ["Sale price", "Discount"]}}]	12	1
828	2025-11-24 15:33:02.880961+00	81	Reloj SKMEI 2505	2	[{"changed": {"fields": ["Discount"]}}]	12	1
829	2025-11-24 15:33:30.154193+00	79	Reloj SKMEI 1389	2	[{"changed": {"fields": ["Discount"]}}]	12	1
830	2025-11-24 15:33:45.958325+00	71	Reloj SKMEI 1988	2	[{"changed": {"fields": ["Discount"]}}]	12	1
831	2025-11-24 15:33:58.362064+00	70	Reloj SKMEI 1123	2	[{"changed": {"fields": ["Discount"]}}]	12	1
832	2025-11-24 15:34:07.099835+00	69	Reloj SKMEI 1426	2	[{"changed": {"fields": ["Discount"]}}]	12	1
833	2025-11-24 15:34:22.86473+00	68	Reloj SKMEI 1628 | Azul - Negro	2	[{"changed": {"fields": ["Discount"]}}]	12	1
834	2025-11-24 15:34:30.329805+00	67	Reloj SKMEI 1637	2	[{"changed": {"fields": ["Discount"]}}]	12	1
835	2025-11-24 15:34:35.864106+00	66	Reloj SKMEI 1270 | Rojo - Negro	2	[{"changed": {"fields": ["Discount"]}}]	12	1
836	2025-11-24 15:34:46.154407+00	78	Reloj SKMEI 1335	2	[{"changed": {"fields": ["Discount"]}}]	12	1
837	2025-11-24 15:35:53.114365+00	98	Onn Full HD TV Box con Android TV	2	[{"changed": {"fields": ["Sale price", "Discount"]}}]	12	1
838	2025-11-24 15:36:02.448702+00	25	Onn 4k TV Box con Android TV	2	[{"changed": {"fields": ["Sale price", "Discount"]}}]	12	1
839	2025-11-24 15:36:14.352313+00	24	Amazon Fire TV Stick - 2 gen	2	[{"changed": {"fields": ["Sale price", "Discount"]}}]	12	1
840	2025-11-24 15:38:12.89761+00	117	Control Bluetooth V8	2	[{"changed": {"fields": ["Discount"]}}]	12	1
841	2025-11-24 15:38:50.406352+00	116	Control de Videojuegos Bluetooth Voyee	2	[{"changed": {"fields": ["Discount"]}}]	12	1
1158	2026-01-23 19:21:55.826443+00	22	Accesorios Celulares	1	[{"added": {}}]	14	1
842	2025-11-24 15:39:12.949291+00	85	Consola Anbernic RG406h	2	[{"changed": {"fields": ["Sale price", "Discount"]}}]	12	1
843	2025-11-24 15:39:38.179145+00	38	Trimui Smart Pro - Consola Retro	2	[{"changed": {"fields": ["Discount"]}}]	12	1
844	2025-11-24 15:40:04.463385+00	36	Kinhank K36 - Consola Retro	2	[{"changed": {"fields": ["Sale price", "Discount"]}}]	12	1
845	2025-11-24 15:40:17.215013+00	35	R36S - Consola Retro	2	[{"changed": {"fields": ["Sale price", "Discount"]}}]	12	1
846	2025-11-24 15:40:40.637946+00	34	Control Bluetooth PC - Nintendo Switch	2	[{"changed": {"fields": ["Discount"]}}]	12	1
847	2025-11-24 15:40:54.990246+00	33	Control de videojuegos Bluetooth para Telefono Android y Iphone	2	[{"changed": {"fields": ["Discount"]}}]	12	1
848	2025-11-24 15:41:14.668321+00	31	Vortex F5 128GB - Consola Retro	2	[{"changed": {"fields": ["Discount"]}}]	12	1
849	2025-11-24 15:41:26.959894+00	30	Ambernic RG40XX - Consola Retro	2	[{"changed": {"fields": ["Discount"]}}]	12	1
850	2025-11-24 15:41:37.819804+00	9	Control de Videojuegos Gamesir Nova Lite	2	[{"changed": {"fields": ["Discount"]}}]	12	1
851	2025-11-24 15:42:31.143579+00	78	Reloj SKMEI 1335	2	[{"changed": {"fields": ["Stock"]}}]	12	1
852	2025-11-24 15:44:49.493967+00	10	Cámara wifi exteriores Tapo C425	2	[{"changed": {"fields": ["Discount"]}}]	12	1
853	2025-11-24 15:45:38.127702+00	10	Cámara wifi exteriores Tapo C425	2	[{"changed": {"fields": ["Destacado"]}}]	12	1
854	2025-11-24 15:45:38.129829+00	7	Camara wifi de uso exterior 2k Tapo C500	2	[{"changed": {"fields": ["Destacado"]}}]	12	1
855	2025-11-25 17:06:17.767632+00	51	Altavoz Bluetooth portátil Tazata - BOOMBLAST	2	[{"changed": {"fields": ["Name"]}}]	12	1
856	2025-11-26 21:28:44.567142+00	36	Stock Entry for Altavoz Bluetooth portátil Tazata - BOOMBLAST - 4	1	[{"added": {}}]	15	1
857	2025-11-26 22:05:25.59821+00	37	Stock Entry for Reloj Casio MTP-VD01D - 1	1	[{"added": {}}]	15	1
858	2025-11-26 22:07:13.501511+00	38	Stock Entry for Control de videojuegos Bluetooth para Telefono Android y Iphone - 3	1	[{"added": {}}]	15	1
859	2025-11-26 22:08:54.946284+00	39	Stock Entry for Control de Videojuegos Gamesir Nova Lite - 4	1	[{"added": {}}]	15	1
860	2025-11-26 22:10:18.282322+00	40	Stock Entry for Proyector - Videobeam Android MagCubic 720p bluetooth - Wifi - 3	1	[{"added": {}}]	15	1
861	2025-11-26 22:11:05.455117+00	87	Proyector - Videobeam Android MagCubic 720p bluetooth - Wifi	2	[{"changed": {"name": "product image", "object": "Image for Proyector - Videobeam Android MagCubic 720p bluetooth - Wifi", "fields": ["Image"]}}]	12	1
862	2025-11-26 22:19:27.229963+00	87	Proyector - Videobeam Android MagCubic 720p bluetooth - Wifi	2	[{"changed": {"name": "product image", "object": "Image for Proyector - Videobeam Android MagCubic 720p bluetooth - Wifi", "fields": ["Image"]}}]	12	1
863	2025-11-26 22:19:55.978762+00	87	Proyector - Videobeam Android MagCubic 720p bluetooth - Wifi	2	[{"changed": {"fields": ["Sale price", "Discount"]}}]	12	1
864	2025-11-26 22:27:28.151824+00	41	Stock Entry for Camara inalambrica Alaga - Wifi para Interiores - 3	1	[{"added": {}}]	15	1
865	2025-11-26 22:29:15.421419+00	122	Parlante Bluetooth resistente al agua - RGB	2	[{"changed": {"fields": ["Stock"]}}]	12	1
866	2025-11-27 15:36:15.410557+00	21	Smart-Android	1	[{"added": {}}]	14	1
867	2025-11-27 15:36:17.882176+00	150	Proyector - Videobeam HY300ULTRA Smart wifi - bluetooth - Magis	2	[{"changed": {"fields": ["Subcategory"]}}]	12	1
868	2025-11-27 15:36:38.993407+00	115	Proyector - Videobeam Mentech Smart wifi - bluetooth - Magis	2	[{"changed": {"fields": ["Subcategory"]}}]	12	1
869	2025-11-27 15:36:52.91981+00	114	Proyector - Videobeam DBPower Full HD nativo Smart wifi - bluetooth - Maleta	2	[{"changed": {"fields": ["Subcategory"]}}]	12	1
870	2025-11-27 15:37:05.777248+00	87	Proyector - Videobeam Android MagCubic 720p bluetooth - Wifi	2	[{"changed": {"fields": ["Subcategory"]}}]	12	1
871	2025-11-27 15:39:59.367258+00	150	Proyector - Videobeam HY300ULTRA Smart wifi - bluetooth - Magis	2	[{"changed": {"name": "product image", "object": "Image for Proyector - Videobeam HY300ULTRA Smart wifi - bluetooth - Magis", "fields": ["Image"]}}]	12	1
872	2025-11-27 15:41:19.503618+00	87	Proyector - Videobeam Android MagCubic 720p bluetooth - Wifi	2	[{"changed": {"fields": ["Discount"]}}]	12	1
873	2025-11-29 14:52:13.111427+00	51	Altavoz Bluetooth portátil Tazata - BOOMBLAST	2	[{"changed": {"fields": ["Discount"]}}]	12	1
874	2025-11-29 14:53:34.251938+00	51	Altavoz Bluetooth portátil Tazata - BOOMBLAST	2	[{"changed": {"fields": ["Destacado"]}}]	12	1
875	2025-11-29 14:54:33.582994+00	46	Proyector - Videobeam Nisoo Full HD nativo - Wifi -Bluetooth	2	[{"changed": {"fields": ["Discount"]}}]	12	1
876	2025-11-29 14:54:40.322631+00	46	Proyector - Videobeam Nisoo Full HD nativo - Wifi -Bluetooth	2	[{"changed": {"fields": ["Discount"]}}]	12	1
877	2025-11-29 14:55:28.048015+00	46	Proyector - Videobeam Nisoo Full HD nativo - Wifi -Bluetooth	2	[]	12	1
878	2025-11-29 15:39:43.139613+00	39	Proyector - VideoBeam HomPow Full HD nativo Bluetooth	2	[{"changed": {"fields": ["Sale price", "Stock", "Discount"]}}, {"changed": {"name": "product image", "object": "Image for Proyector - VideoBeam HomPow Full HD nativo Bluetooth", "fields": ["Image"]}}]	12	1
879	2025-11-29 15:41:21.521161+00	39	Proyector - VideoBeam HomPow Full HD nativo Bluetooth	2	[{"changed": {"fields": ["Sale price"]}}]	12	1
880	2025-11-29 15:47:59.28963+00	39	Proyector - VideoBeam HomPow Full HD nativo Bluetooth	2	[]	12	1
881	2025-11-29 19:27:06.789205+00	10	Impresoras y Computadores	2	[{"changed": {"fields": ["Name"]}}]	10	1
882	2025-12-01 16:01:58.791222+00	76	Audifonos inalambricos Monster N-Lite	2	[{"changed": {"fields": ["Sale price", "Discount"]}}]	12	1
883	2025-12-01 16:03:35.666585+00	74	Audifonos inalambricos Monster Open Ear	2	[{"changed": {"fields": ["Sale price", "Discount"]}}]	12	1
884	2025-12-01 16:04:05.925413+00	75	Audifonos inalambricos Oraolo Open OE03	2	[{"changed": {"fields": ["Discount"]}}]	12	1
885	2025-12-01 16:04:33.416568+00	153	Audifonos inalambricos Haylou AirFree	2	[{"changed": {"fields": ["Discount"]}}]	12	1
886	2025-12-01 16:05:05.69784+00	97	Airpods 3Gen AAA	2	[{"changed": {"fields": ["Discount"]}}]	12	1
887	2025-12-01 16:05:42.779199+00	60	Audifonos Headset Gamer G06 inalambricos Bluetooth - 2.4Ghz	2	[{"changed": {"fields": ["Sale price", "Discount"]}}]	12	1
888	2025-12-01 16:05:54.309138+00	18	Audifonos inalambricos Tozo A1	2	[{"changed": {"fields": ["Discount"]}}]	12	1
889	2025-12-01 16:06:28.127001+00	77	Audifonos inalambricos Tozo E2	2	[{"changed": {"fields": ["Discount"]}}]	12	1
890	2025-12-01 16:06:59.880781+00	59	Alexa - Echo Pop	2	[{"changed": {"fields": ["Discount"]}}]	12	1
891	2025-12-01 16:07:08.192988+00	122	Parlante Bluetooth resistente al agua - RGB	2	[{"changed": {"fields": ["Discount"]}}]	12	1
892	2025-12-01 16:07:33.685797+00	93	Parlante Bluetooth Xleader resistente al agua	2	[{"changed": {"fields": ["Discount"]}}]	12	1
893	2025-12-01 16:07:46.432091+00	51	Altavoz Bluetooth portátil Tazata - BOOMBLAST	2	[{"changed": {"fields": ["Discount"]}}]	12	1
894	2025-12-01 16:08:04.40502+00	128	Parlante Bluetooth resistente al agua 40w	2	[{"changed": {"fields": ["Discount"]}}]	12	1
895	2025-12-01 16:09:03.935143+00	92	Parlante Bluetooth Vanzon resistente al agua	2	[{"changed": {"fields": ["Sale price", "Discount"]}}]	12	1
896	2025-12-01 16:10:59.176468+00	61	Impresora termica de etiquetas portatil	2	[{"changed": {"fields": ["Discount"]}}]	12	1
897	2025-12-01 16:11:14.717796+00	52	Impresora termica de recibos portatil	2	[{"changed": {"fields": ["Discount"]}}]	12	1
898	2025-12-01 16:11:32.793697+00	47	Smartwatch - Reloj Colmi P81	2	[{"changed": {"fields": ["Discount"]}}]	12	1
899	2025-12-01 16:11:39.260544+00	69	Reloj SKMEI 1426	2	[{"changed": {"fields": ["Discount"]}}]	12	1
900	2025-12-01 16:11:50.260013+00	72	Smartwatch - Reloj Haylou Solar Neo	2	[{"changed": {"fields": ["Discount"]}}]	12	1
901	2025-12-01 16:11:56.428121+00	71	Reloj SKMEI 1988	2	[{"changed": {"fields": ["Discount"]}}]	12	1
902	2025-12-01 16:12:02.869699+00	68	Reloj SKMEI 1628 | Azul - Negro	2	[{"changed": {"fields": ["Discount"]}}]	12	1
903	2025-12-01 16:12:09.578548+00	66	Reloj SKMEI 1270 | Rojo - Negro	2	[{"changed": {"fields": ["Discount"]}}]	12	1
904	2025-12-01 16:12:21.612098+00	96	Reloj Iluoke Metalico	2	[{"changed": {"fields": ["Discount"]}}]	12	1
905	2025-12-01 16:12:30.471672+00	84	Reloj Invicta Specialty	2	[{"changed": {"fields": ["Discount"]}}]	12	1
906	2025-12-01 16:12:35.427984+00	81	Reloj SKMEI 2505	2	[{"changed": {"fields": ["Discount"]}}]	12	1
907	2025-12-01 16:12:40.050708+00	79	Reloj SKMEI 1389	2	[{"changed": {"fields": ["Discount"]}}]	12	1
908	2025-12-01 16:12:45.159767+00	70	Reloj SKMEI 1123	2	[{"changed": {"fields": ["Discount"]}}]	12	1
909	2025-12-01 16:13:11.533855+00	65	Smartwatch - Reloj Haylou Solar 5	2	[{"changed": {"fields": ["Discount"]}}]	12	1
910	2025-12-01 16:13:22.566087+00	67	Reloj SKMEI 1637	2	[{"changed": {"fields": ["Discount"]}}]	12	1
911	2025-12-01 16:14:15.998642+00	9	Control de Videojuegos Gamesir Nova Lite	2	[{"changed": {"fields": ["Discount"]}}]	12	1
912	2025-12-01 16:14:28.078578+00	35	R36S - Consola Retro	2	[{"changed": {"fields": ["Discount"]}}]	12	1
913	2025-12-01 16:14:49.05367+00	117	Control Bluetooth V8	2	[{"changed": {"fields": ["Discount"]}}]	12	1
914	2025-12-01 16:14:56.658629+00	117	Control Bluetooth V8	2	[{"changed": {"fields": ["Discount"]}}]	12	1
915	2025-12-01 16:15:05.414507+00	116	Control de Videojuegos Bluetooth Voyee	2	[{"changed": {"fields": ["Discount"]}}]	12	1
916	2025-12-01 16:15:14.758384+00	38	Trimui Smart Pro - Consola Retro	2	[{"changed": {"fields": ["Discount"]}}]	12	1
917	2025-12-01 16:15:21.243351+00	36	Kinhank K36 - Consola Retro	2	[{"changed": {"fields": ["Discount"]}}]	12	1
918	2025-12-01 16:15:26.517009+00	31	Vortex F5 128GB - Consola Retro	2	[{"changed": {"fields": ["Discount"]}}]	12	1
919	2025-12-01 16:15:30.797896+00	30	Ambernic RG40XX - Consola Retro	2	[{"changed": {"fields": ["Discount"]}}]	12	1
920	2025-12-01 16:15:39.738776+00	85	Consola Anbernic RG406h	2	[{"changed": {"fields": ["Discount"]}}]	12	1
921	2025-12-01 16:16:38.962099+00	5	Cámaras de seguridad wifi TP-Link Tapo C200	2	[{"changed": {"fields": ["Discount"]}}]	12	1
922	2025-12-01 16:16:50.133218+00	94	Camara inalambrica Alaga - Wifi para Interiores	2	[{"changed": {"fields": ["Sale price"]}}]	12	1
923	2025-12-01 16:17:03.230205+00	94	Camara inalambrica Alaga - Wifi para Interiores	2	[{"changed": {"fields": ["Discount"]}}]	12	1
924	2025-12-01 16:17:24.615608+00	11	Cámara wifi exteriores Tapo C402	2	[{"changed": {"fields": ["Sale price"]}}]	12	1
925	2025-12-01 16:18:04.564312+00	10	Cámara wifi exteriores Tapo C425 QHD 2K	2	[{"changed": {"fields": ["Name"]}}]	12	1
926	2025-12-01 16:18:21.285858+00	6	Cámaras de seguridad wifi Tapo C210 x2 Unid	2	[{"changed": {"fields": ["Discount"]}}]	12	1
927	2025-12-01 16:18:39.899927+00	12	Cámara wifi exteriores Tapo C402 con Panel solar	2	[{"changed": {"fields": ["Sale price"]}}]	12	1
928	2025-12-01 16:19:11.314412+00	146	Cámara Dahua Interior Tipo Domo DH-HAC-T1A21N-U-0280B	2	[{"changed": {"fields": ["Sale price"]}}]	12	1
929	2025-12-01 16:19:31.031291+00	99	Cámara Hilook Interior Tipo Domo Thc-T120	2	[{"changed": {"fields": ["Sale price"]}}]	12	1
930	2025-12-01 16:19:43.155202+00	146	Cámara Dahua Interior Tipo Domo DH-HAC-T1A21N-U-0280B	2	[{"changed": {"fields": ["Discount"]}}]	12	1
931	2025-12-01 16:19:59.329121+00	100	Camara Hilook Exterior Tipo Bala Thc-B120	2	[{"changed": {"fields": ["Sale price"]}}]	12	1
932	2025-12-01 16:20:14.803145+00	100	Camara Hilook Exterior Tipo Bala Thc-B120	2	[{"changed": {"fields": ["Discount"]}}]	12	1
933	2025-12-01 16:20:18.760103+00	146	Cámara Dahua Interior Tipo Domo DH-HAC-T1A21N-U-0280B	2	[{"changed": {"fields": ["Discount"]}}]	12	1
934	2025-12-01 16:20:24.021294+00	99	Cámara Hilook Interior Tipo Domo Thc-T120	2	[{"changed": {"fields": ["Discount"]}}]	12	1
935	2025-12-01 16:20:29.823924+00	145	Camara Dahua Exterior Tipo Bala DH-HAC-B1A21N-U-0360B	2	[{"changed": {"fields": ["Discount"]}}]	12	1
936	2025-12-01 16:20:43.12289+00	144	Camara Dahua Exterior Tipo Bala DH-HAC-B1A21N-U-0280B	2	[{"changed": {"fields": ["Sale price", "Discount"]}}]	12	1
937	2025-12-01 16:20:51.9842+00	143	DVR Dahua de 8 Canales 1080p DH-XVR1B08-I-T	2	[{"changed": {"fields": ["Discount"]}}]	12	1
938	2025-12-01 16:21:42.596561+00	101	DVR Hilook de 8 Canales 1080p 108G-F1	2	[{"changed": {"fields": ["Discount"]}}]	12	1
939	2025-12-01 16:22:43.186878+00	2	Discount: 5%	1	[{"added": {}}]	20	1
940	2025-12-01 16:23:25.113123+00	98	Onn Full HD TV Box con Android TV	2	[{"changed": {"fields": ["Discount"]}}]	12	1
941	2025-12-01 16:23:29.998541+00	25	Onn 4k TV Box con Android TV	2	[{"changed": {"fields": ["Discount"]}}]	12	1
942	2025-12-01 16:23:34.034887+00	24	Amazon Fire TV Stick - 2 gen	2	[{"changed": {"fields": ["Discount"]}}]	12	1
943	2025-12-01 16:24:41.683323+00	90	Proyector - Videobeam 720p bluetooth	2	[{"changed": {"fields": ["Discount"]}}]	12	1
944	2025-12-01 16:25:37.354849+00	89	Mini Proyector - Videobeam Hompow 720p bluetooth	2	[{"changed": {"fields": ["Discount"]}}]	12	1
945	2025-12-01 16:25:45.582395+00	87	Proyector - Videobeam Android MagCubic 720p bluetooth - Wifi	2	[{"changed": {"fields": ["Discount"]}}]	12	1
946	2025-12-01 16:25:50.934094+00	63	Proyector - Videobeam Vizony Full HD nativo wifi - bluetooth	2	[{"changed": {"fields": ["Discount"]}}]	12	1
947	2025-12-01 16:25:58.492475+00	45	Proyector - Videobeam Jowlurk Full HD nativo - Wifi -Bluetooth	2	[{"changed": {"fields": ["Discount"]}}]	12	1
948	2025-12-01 16:26:02.311534+00	46	Proyector - Videobeam Nisoo Full HD nativo - Wifi -Bluetooth	2	[{"changed": {"fields": ["Discount"]}}]	12	1
949	2025-12-01 16:26:06.949965+00	62	Proyector - Videobeam Panseba 720p bluetooth - Telón	2	[{"changed": {"fields": ["Discount"]}}]	12	1
950	2025-12-01 16:26:11.495916+00	64	Proyector - Videobeam DBPower Full HD nativo wifi - bluetooth - Maleta	2	[{"changed": {"fields": ["Discount"]}}]	12	1
951	2025-12-01 16:26:29.148872+00	58	Proyector - Videobeam TMY 1080p bluetooth - Wifi	2	[{"changed": {"fields": ["Discount"]}}]	12	1
952	2025-12-01 16:26:55.018532+00	40	Proyector - Videobeam Vizony Full HD nativo wifi - bluetooth	2	[{"changed": {"fields": ["Discount"]}}]	12	1
953	2025-12-01 16:27:01.247416+00	39	Proyector - VideoBeam HomPow Full HD nativo Bluetooth	2	[{"changed": {"fields": ["Discount"]}}]	12	1
954	2025-12-01 16:27:39.476689+00	3	Discount: 10%	1	[{"added": {}}]	20	1
955	2025-12-01 16:28:21.580477+00	149	Power Bank Xiaomi 10.000mah - 22.5w	2	[{"changed": {"fields": ["Discount"]}}]	12	1
956	2025-12-01 16:28:29.594885+00	148	Power Bank Xiaomi 20.000mah - 30w	2	[{"changed": {"fields": ["Discount"]}}]	12	1
957	2025-12-01 16:28:38.683775+00	127	Pantalla Selfie - Vlog	2	[{"changed": {"fields": ["Discount"]}}]	12	1
958	2025-12-01 16:28:52.661312+00	113	Cargador Ugreen 45W	2	[{"changed": {"fields": ["Discount"]}}]	12	1
959	2025-12-01 16:29:32.952277+00	112	Cargador Ugreen 30W GaN II Nexode	2	[{"changed": {"fields": ["Discount"]}}]	12	1
960	2025-12-01 16:30:34.905696+00	151	Memoria Micro SD WD 64GB	2	[{"changed": {"fields": ["Discount"]}}]	12	1
961	2025-12-01 16:30:40.880107+00	29	Memoria Micro SD Sandisk 256GB	2	[{"changed": {"fields": ["Discount"]}}]	12	1
962	2025-12-01 16:30:45.133379+00	26	SSD Patriot P220 256GB	2	[{"changed": {"fields": ["Discount"]}}]	12	1
963	2025-12-01 16:31:09.646453+00	23	Drone S80 con camara y 2 baterias	2	[{"changed": {"fields": ["Discount"]}}]	12	1
964	2025-12-01 16:31:13.209364+00	22	Drone Syma X200W con Camara	2	[{"changed": {"fields": ["Discount"]}}]	12	1
965	2025-12-01 16:31:22.741599+00	22	Drone Syma X200W con Camara	2	[{"changed": {"fields": ["Discount"]}}]	12	1
966	2025-12-01 21:13:58.335058+00	154	Audifonos Headset Gamer U06 con Cable	2	[{"changed": {"fields": ["Stock"]}}]	12	1
967	2025-12-01 21:15:43.722469+00	154	Audifonos Headset Gamer U06 con Cable	2	[{"changed": {"fields": ["Discount"]}}]	12	1
968	2025-12-02 00:48:57.637606+00	6	GUZTAVO	1	[{"added": {}}]	27	1
969	2025-12-02 15:15:05.217248+00	76	Audifonos inalambricos Monster N-Lite	2	[{"changed": {"fields": ["Purchase price", "Sale price", "Discount"]}}]	12	1
970	2025-12-02 15:16:55.556488+00	75	Audifonos inalambricos Oraolo Open OE03	2	[{"changed": {"fields": ["Discount"]}}]	12	1
971	2025-12-02 23:59:50.924478+00	155	Smartwatch - Reloj Haylou Solar Ultra	2	[{"changed": {"fields": ["Stock", "Discount"]}}]	12	1
972	2025-12-03 00:00:35.548005+00	155	Smartwatch - Reloj Haylou Solar Ultra	2	[{"changed": {"fields": ["Sale price"]}}]	12	1
973	2025-12-03 00:00:45.449552+00	155	Smartwatch - Reloj Haylou Solar Ultra	2	[{"changed": {"fields": ["Discount"]}}]	12	1
974	2025-12-03 00:01:23.556283+00	42	Stock Entry for Smartwatch - Reloj Haylou Solar 5 - 1	1	[{"added": {}}]	15	1
975	2025-12-03 15:18:13.925109+00	122	Parlante Bluetooth resistente al agua - RGB	2	[{"changed": {"fields": ["Sale price"]}}]	12	1
976	2025-12-03 15:18:57.1638+00	92	Parlante Bluetooth Vanzon resistente al agua	2	[{"changed": {"fields": ["Sale price"]}}]	12	1
977	2025-12-03 15:19:12.346718+00	92	Parlante Bluetooth Vanzon resistente al agua	2	[{"changed": {"fields": ["Discount"]}}]	12	1
978	2025-12-04 14:19:55.967321+00	156	Cable Exterior	1	[{"added": {}}]	12	1
979	2025-12-05 15:30:22.70009+00	1	black friday (Home - Carrusel Principal)	2	[{"changed": {"fields": ["Activo"]}}]	21	1
980	2025-12-06 20:58:12.318254+00	4	EVER10	2	[{"changed": {"fields": ["V\\u00e1lido hasta"]}}]	27	1
981	2025-12-06 20:58:43.519618+00	4	EVER10	2	[{"changed": {"fields": ["Valor"]}}]	27	1
982	2025-12-06 22:19:04.5966+00	43	Stock Entry for Audifonos Headset Gamer G06 inalambricos Bluetooth - 2.4Ghz - 4	1	[{"added": {}}]	15	1
983	2025-12-09 16:51:03.903835+00	72	Smartwatch - Reloj Haylou Solar Neo	2	[{"changed": {"fields": ["Discount"]}}]	12	1
984	2025-12-09 22:32:06.139901+00	59	Alexa - Echo Pop	2	[{"changed": {"fields": ["Stock"]}}]	12	1
985	2025-12-09 22:48:56.765096+00	114	Proyector - Videobeam DBPower Full HD nativo Smart wifi - bluetooth - Maleta	2	[{"changed": {"fields": ["Destacado"]}}]	12	1
986	2025-12-10 21:02:51.977879+00	157	Control GameSir X5S	1	[{"added": {}}]	12	1
987	2025-12-10 21:07:40.67556+00	157	Control GameSir X5S	2	[{"changed": {"fields": ["Activo"]}}]	12	1
988	2025-12-10 21:09:27.225492+00	9	SSD - Disco Duro	2	[{"changed": {"fields": ["Name"]}}]	14	1
989	2025-12-10 21:09:46.061555+00	158	Disco Duro Western Digital 1TB	1	[{"added": {}}]	12	1
990	2025-12-10 22:17:24.80378+00	159	Servicio Integral de Instalación y Configuración CCTV (4 Camaras, 1 DVR, App Móvil)	1	[{"added": {}}]	12	1
991	2025-12-10 22:21:53.580783+00	146	Cámara Dahua Interior Tipo Domo DH-HAC-T1A21N-U-0280B	2	[{"changed": {"fields": ["Sale price"]}}]	12	1
992	2025-12-10 22:22:18.286925+00	145	Camara Dahua Exterior Tipo Bala DH-HAC-B1A21N-U-0360B	2	[{"changed": {"fields": ["Sale price"]}}]	12	1
993	2025-12-10 22:22:47.821104+00	145	Camara Dahua Exterior Tipo Bala DH-HAC-B1A21N-U-0360B	2	[{"changed": {"fields": ["Sale price"]}}]	12	1
994	2025-12-10 22:23:14.894336+00	146	Cámara Dahua Interior Tipo Domo DH-HAC-T1A21N-U-0280B	2	[{"changed": {"fields": ["Sale price"]}}]	12	1
995	2025-12-10 22:23:53.822412+00	146	Cámara Dahua Interior Tipo Domo DH-HAC-T1A21N-U-0280B	2	[{"changed": {"fields": ["Discount"]}}]	12	1
996	2025-12-10 22:24:36.761035+00	145	Cámara Dahua Exterior Tipo Bala DH-HAC-B1A21N-U-0360B	2	[{"changed": {"fields": ["Name", "Discount"]}}]	12	1
997	2025-12-10 22:24:47.487979+00	144	Cámara Dahua Exterior Tipo Bala DH-HAC-B1A21N-U-0280B	2	[{"changed": {"fields": ["Name", "Discount"]}}]	12	1
998	2025-12-10 22:25:23.03907+00	159	Servicio Integral de Instalación y Configuración CCTV (4 Cámara, 1 DVR, App Móvil)	2	[{"changed": {"fields": ["Name"]}}]	12	1
999	2025-12-10 22:25:29.001877+00	131	Kit Cámara CCTV Balun + Fuente + Bornera + Caja	2	[{"changed": {"fields": ["Name"]}}]	12	1
1000	2025-12-10 22:25:34.945827+00	100	Cámara Hilook Exterior Tipo Bala Thc-B120	2	[{"changed": {"fields": ["Name"]}}]	12	1
1001	2025-12-10 22:25:46.479811+00	146	Cámara Dahua Interior Tipo Domo DH-HAC-T1A21N-U-0280B	2	[{"changed": {"fields": ["Discount"]}}]	12	1
1002	2025-12-10 22:26:08.919887+00	146	Cámara Dahua Interior Tipo Domo DH-HAC-T1A21N-U-0280B	2	[{"changed": {"fields": ["Discount"]}}]	12	1
1003	2025-12-10 22:27:38.964599+00	159	Servicio Integral de Instalación y Configuración CCTV (4 Cámara, 1 DVR, App Móvil)	2	[{"changed": {"fields": ["Discount"]}}]	12	1
1004	2025-12-10 22:28:32.388987+00	2	Discount: 5.00%	2	[{"changed": {"fields": ["End date"]}}]	20	1
1005	2025-12-10 22:28:55.016718+00	2	Discount: 5.00%	2	[{"changed": {"fields": ["End date"]}}]	20	1
1115	2026-01-19 19:38:18.507882+00	55	Stock Entry for Onn 4k TV Box con Android TV - 1	1	[{"added": {}}]	15	1
1006	2025-12-10 22:29:55.74175+00	159	Servicio Integral de Instalación y Configuración CCTV (4 Cámara, 1 DVR, App Móvil)	2	[{"changed": {"fields": ["Discount"]}}]	12	1
1007	2025-12-10 22:30:30.035375+00	146	Cámara Dahua Interior Tipo Domo DH-HAC-T1A21N-U-0280B	2	[{"changed": {"fields": ["Sale price", "Discount"]}}]	12	1
1008	2025-12-10 22:30:40.082119+00	146	Cámara Dahua Interior Tipo Domo DH-HAC-T1A21N-U-0280B	2	[{"changed": {"fields": ["Sale price"]}}]	12	1
1009	2025-12-10 22:30:50.178665+00	145	Cámara Dahua Exterior Tipo Bala DH-HAC-B1A21N-U-0360B	2	[{"changed": {"fields": ["Sale price"]}}]	12	1
1010	2025-12-10 22:31:13.056442+00	145	Cámara Dahua Exterior Tipo Bala DH-HAC-B1A21N-U-0360B	2	[{"changed": {"fields": ["Discount"]}}]	12	1
1011	2025-12-10 22:33:22.971997+00	145	Cámara Dahua Exterior Tipo Bala DH-HAC-B1A21N-U-0360B	2	[{"changed": {"fields": ["Sale price"]}}]	12	1
1012	2025-12-10 22:37:11.895217+00	156	Cable Exterior	2	[{"changed": {"fields": ["Sale price"]}}]	12	1
1013	2025-12-10 22:37:24.469395+00	156	Cable Exterior	2	[{"changed": {"fields": ["Sale price"]}}]	12	1
1014	2025-12-10 22:38:58.435283+00	160	Cable Interior	1	[{"added": {}}]	12	1
1015	2025-12-10 22:39:06.453631+00	156	Cable Exterior	2	[{"changed": {"fields": ["Stock"]}}]	12	1
1016	2025-12-10 22:46:39.850619+00	88	Memoria Micro SD Patriot 64GB	2	[{"changed": {"fields": ["Sale price"]}}]	12	1
1017	2025-12-10 22:46:53.90156+00	88	Memoria Micro SD Patriot 64GB	2	[{"changed": {"fields": ["Stock"]}}]	12	1
1018	2025-12-10 22:49:23.012561+00	161	Servicio Integral de Instalación y Configuración 4 Cámaras Wifi + App Móvil	1	[{"added": {}}]	12	1
1019	2025-12-10 22:50:07.008458+00	161	Servicio Integral de Instalación y Configuración 4 Cámaras Wifi + App Móvil	2	[{"changed": {"fields": ["Stock"]}}]	12	1
1020	2025-12-10 23:03:36.921358+00	134	Cable UTP Exterior x Metro	2	[{"changed": {"fields": ["Name", "Purchase price", "Sale price"]}}]	12	1
1021	2025-12-10 23:03:55.196362+00	133	Cable UTP Interior x Metro	2	[{"changed": {"fields": ["Name", "Purchase price", "Sale price"]}}]	12	1
1022	2025-12-11 23:28:37.369466+00	5	SOLID15	2	[{"changed": {"fields": ["Total Usos"]}}]	27	1
1023	2025-12-14 20:43:42.256317+00	4	EVER10	2	[{"changed": {"fields": ["Valor"]}}]	27	1
1024	2025-12-14 20:44:18.825086+00	127	Cotización #127 - Paid para Ever (Invitado)	2	[{"changed": {"fields": ["Nombre"]}}]	18	1
1025	2025-12-14 20:46:01.897223+00	44	Stock Entry for Onn Full HD TV Box con Android TV - 6	1	[{"added": {}}]	15	1
1026	2025-12-15 20:39:23.711654+00	5	Cámaras de seguridad wifi TP-Link Tapo C200	2	[{"changed": {"fields": ["Stock"]}}]	12	1
1027	2025-12-15 23:04:24.743688+00	158	Disco Duro Western Digital 1TB	2	[{"changed": {"fields": ["Es un Servicio"]}}]	12	1
1028	2025-12-15 23:05:24.810261+00	133	Cable UTP Interior x Metro	2	[{"changed": {"fields": ["Activo"]}}]	12	1
1029	2025-12-15 23:08:36.204263+00	133	Cable UTP Interior x Metro	2	[{"changed": {"fields": ["Activo"]}}]	12	1
1030	2025-12-15 23:09:17.854645+00	133	Cable UTP Interior x Metro	2	[{"changed": {"fields": ["Es un Servicio"]}}]	12	1
1031	2025-12-15 23:11:49.463296+00	133	Cable UTP Interior x Metro	2	[]	12	1
1032	2025-12-15 23:12:09.315909+00	133	Cable UTP Interior x Metro	2	[{"changed": {"fields": ["Category"]}}]	12	1
1033	2025-12-15 23:12:27.713615+00	133	Cable UTP Interior x Metro	2	[{"changed": {"fields": ["Category", "Es un Servicio"]}}]	12	1
1034	2025-12-15 23:21:13.779774+00	4	EVER10	2	[{"changed": {"fields": ["Valor"]}}]	27	1
1035	2025-12-15 23:21:32.889258+00	4	EVER10	2	[{"changed": {"fields": ["Total Usos"]}}]	27	1
1036	2025-12-16 16:19:35.366292+00	7	SOLID10	1	[{"added": {}}]	27	1
1037	2025-12-16 16:30:57.530526+00	162	Camara wifi de uso exterior 2k Tapo C246D	1	[{"added": {}}, {"added": {"name": "product image", "object": "Image for Camara wifi de uso exterior 2k Tapo C246D"}}]	12	1
1038	2025-12-16 16:51:28.114904+00	162	Camara wifi de uso exterior 2k Tapo C246D	2	[{"changed": {"name": "product image", "object": "Image for Camara wifi de uso exterior 2k Tapo C246D", "fields": ["Image"]}}]	12	1
1039	2025-12-16 16:54:55.299858+00	163	Camara wifi de uso exterior 2k Tapo C216	1	[{"added": {}}, {"added": {"name": "product image", "object": "Image for Camara wifi de uso exterior 2k Tapo C216"}}]	12	1
1040	2025-12-16 17:23:31.357558+00	162	Camara wifi de uso exterior de doble lente 2k Tapo C246D	2	[{"changed": {"fields": ["Name"]}}]	12	1
1041	2025-12-17 13:18:39.587974+00	3	Discount: 4%	2	[{"changed": {"fields": ["Percentage"]}}]	20	1
1042	2025-12-17 13:19:47.235808+00	39	Proyector - VideoBeam HomPow Full HD nativo Bluetooth	2	[{"changed": {"fields": ["Discount"]}}]	12	1
1043	2025-12-17 13:29:18.953698+00	69	Reloj SKMEI 1426	2	[{"changed": {"fields": ["Stock"]}}]	12	1
1044	2025-12-17 17:33:11.228861+00	82	Reloj Submariner Addiesdive AD2089	2	[{"changed": {"fields": ["Stock"]}}, {"added": {"name": "product image", "object": "Image for Reloj Submariner Addiesdive AD2089"}}]	12	1
1045	2025-12-17 17:34:52.520059+00	164	Pagani Design Daytona	1	[{"added": {}}, {"added": {"name": "product image", "object": "Image for Pagani Design Daytona"}}]	12	1
1046	2025-12-20 14:20:04.858428+00	33	Control de videojuegos Bluetooth para Telefono Android y Iphone	2	[{"changed": {"fields": ["Discount"]}}]	12	1
1047	2025-12-20 14:21:30.037766+00	45	Stock Entry for Control Bluetooth V8 - 3	1	[{"added": {}}]	15	1
1048	2025-12-20 14:21:45.830777+00	117	Control Bluetooth V8	2	[{"changed": {"fields": ["Stock"]}}]	12	1
1049	2025-12-20 19:26:49.710209+00	165	CAMARA PT CRUISER SC	1	[{"added": {}}]	12	1
1050	2025-12-20 19:27:16.190549+00	166	CAMARA IP RANGER 2	1	[{"added": {}}]	12	1
1051	2025-12-20 19:27:35.959838+00	166	CAMARA IP RANGER 2	2	[{"changed": {"fields": ["Stock"]}}]	12	1
1052	2025-12-22 18:29:04.44651+00	28	Memoria Micro SD Sandisk 128GB	2	[{"changed": {"fields": ["Sale price"]}}]	12	1
1053	2025-12-23 00:38:05.088007+00	125	Cargador Ugreen 30W GaN II + Cable	2	[{"changed": {"fields": ["Stock"]}}]	12	1
1054	2025-12-23 19:44:53.385011+00	15	Tp-Link P115 Enchufe Inteligente y Monitor de energia x 2 unidades	2	[{"changed": {"fields": ["Sale price", "Discount"]}}]	12	1
1055	2025-12-23 23:47:33.495484+00	36	Kinhank K36 - Consola Retro	2	[{"changed": {"fields": ["Stock"]}}]	12	1
1056	2025-12-23 23:48:00.370144+00	46	Stock Entry for R36S - Consola Retro - 2	1	[{"added": {}}]	15	1
1057	2025-12-23 23:48:53.289865+00	47	Stock Entry for Camara wifi de uso exterior 2k Tapo C216 - 4	1	[{"added": {}}]	15	1
1058	2025-12-24 19:46:19.335994+00	8	SOLID40	1	[{"added": {}}]	27	1
1059	2025-12-24 21:34:45.924383+00	48	Stock Entry for Smartwatch - Reloj Haylou Solar Neo - 1	1	[{"added": {}}]	15	1
1060	2025-12-24 23:07:24.539546+00	49	Stock Entry for Reloj SKMEI 1426 - 1	1	[{"added": {}}]	15	1
1061	2025-12-26 18:34:35.929711+00	33	Control de videojuegos Bluetooth D3 para Telefono Android y Iphone	2	[{"changed": {"fields": ["Name"]}}]	12	1
1063	2025-12-31 15:29:13.275193+00	50	Stock Entry for Control de Videojuegos Gamesir Nova Lite - 3	1	[{"added": {}}]	15	1
1064	2025-12-31 15:29:58.750489+00	50	Stock Entry for Control de Videojuegos Gamesir Nova Lite - 3	3		15	1
1065	2025-12-31 15:30:52.63222+00	51	Stock Entry for Cámaras de seguridad wifi TP-Link Tapo C200 - 5	1	[{"added": {}}]	15	1
1066	2026-01-03 16:50:40.466103+00	33	Control de videojuegos Bluetooth D3 para Telefono Android y Iphone	2	[{"changed": {"fields": ["Stock"]}}]	12	1
1067	2026-01-03 16:51:44.018167+00	24	Amazon Fire TV Stick - 2 gen	2	[{"changed": {"fields": ["Discount"]}}]	12	1
1068	2026-01-03 16:52:30.428815+00	87	Proyector - Videobeam Android MagCubic 720p bluetooth - Wifi	2	[{"changed": {"fields": ["Discount"]}}]	12	1
1069	2026-01-03 16:52:39.975563+00	87	Proyector - Videobeam Android MagCubic 720p bluetooth - Wifi	2	[{"changed": {"fields": ["Discount"]}}]	12	1
1070	2026-01-03 16:52:51.135131+00	87	Proyector - Videobeam Android MagCubic 720p bluetooth - Wifi	2	[{"changed": {"fields": ["Discount"]}}]	12	1
1071	2026-01-03 16:53:35.45578+00	51	Altavoz Bluetooth portátil Tazata - BOOMBLAST	2	[{"changed": {"fields": ["Discount"]}}]	12	1
1072	2026-01-03 16:53:49.174689+00	92	Parlante Bluetooth Vanzon resistente al agua	2	[{"changed": {"fields": ["Discount"]}}]	12	1
1073	2026-01-03 16:54:03.724193+00	92	Parlante Bluetooth Vanzon resistente al agua	2	[{"changed": {"fields": ["Discount"]}}]	12	1
1074	2026-01-03 16:54:12.892976+00	92	Parlante Bluetooth Vanzon resistente al agua	2	[{"changed": {"fields": ["Discount"]}}]	12	1
1075	2026-01-03 16:54:41.31794+00	59	Alexa - Echo Pop	2	[{"changed": {"fields": ["Stock"]}}]	12	1
1076	2026-01-03 16:55:38.06236+00	127	Pantalla Selfie - Vlog	2	[{"changed": {"fields": ["Discount"]}}]	12	1
1077	2026-01-03 16:56:13.60936+00	26	SSD Patriot P220 256GB	2	[{"changed": {"fields": ["Sale price"]}}]	12	1
1078	2026-01-03 17:05:14.936274+00	24	Amazon Fire TV Stick - 2 gen	2	[{"changed": {"fields": ["Stock"]}}]	12	1
1079	2026-01-03 22:09:30.889368+00	52	Stock Entry for Onn 4k TV Box con Android TV - 4	1	[{"added": {}}]	15	1
1080	2026-01-05 03:00:18.234078+00	47	Smartwatch - Reloj Colmi P81	2	[{"changed": {"fields": ["Stock"]}}]	12	1
1081	2026-01-05 19:33:58.693134+00	153	Audifonos inalambricos Haylou AirFree	2	[{"changed": {"fields": ["Discount"]}}]	12	1
1082	2026-01-05 19:34:34.250086+00	74	Audifonos inalambricos Monster Open Ear	2	[{"changed": {"fields": ["Discount"]}}]	12	1
1083	2026-01-05 19:41:55.390362+00	74	Audifonos inalambricos Monster Open Ear	2	[{"changed": {"fields": ["Discount"]}}]	12	1
1084	2026-01-05 19:44:50.673538+00	167	Audifonos inalambricos Monster Open Ear AC336	1	[{"added": {}}, {"added": {"name": "product image", "object": "Image for Audifonos inalambricos Monster Open Ear AC336"}}]	12	1
1085	2026-01-05 19:44:57.842646+00	74	Audifonos inalambricos Monster Open Ear AC322	2	[{"changed": {"fields": ["Name", "Description"]}}]	12	1
1086	2026-01-05 19:45:16.419094+00	167	Audifonos inalambricos Monster Open Ear AC336	2	[{"changed": {"fields": ["Stock"]}}]	12	1
1087	2026-01-05 19:47:13.741924+00	168	Audifonos inalambricos Monster N-Lite 210	1	[{"added": {}}, {"added": {"name": "product image", "object": "Image for Audifonos inalambricos Monster N-Lite 210"}}]	12	1
1088	2026-01-05 19:48:12.150857+00	76	Audifonos inalambricos Monster N-Lite 203	2	[{"changed": {"fields": ["Name", "Discount"]}}]	12	1
1089	2026-01-05 19:48:44.299071+00	76	Audifonos inalambricos Monster N-Lite 203	2	[{"changed": {"fields": ["Stock", "Discount"]}}]	12	1
1090	2026-01-10 16:06:00.267314+00	60	Audifonos Headset Gamer G06 inalambricos Bluetooth - 2.4Ghz	2	[{"changed": {"fields": ["Stock"]}}]	12	1
1091	2026-01-10 16:44:02.839278+00	98	Onn Full HD TV Box con Android TV	2	[{"changed": {"fields": ["Stock"]}}]	12	1
1092	2026-01-12 18:13:25.740336+00	10	Cámara wifi exteriores Tapo C425 QHD 2K	2	[{"changed": {"fields": ["Discount"]}}]	12	1
1093	2026-01-12 18:13:52.139161+00	10	Cámara wifi exteriores Tapo C425 QHD 2K	2	[{"changed": {"fields": ["Discount"]}}]	12	1
1094	2026-01-12 18:14:09.913869+00	10	Cámara wifi exteriores Tapo C425 QHD 2K	2	[{"changed": {"fields": ["Discount"]}}]	12	1
1095	2026-01-12 18:14:27.573071+00	10	Cámara wifi exteriores Tapo C425 QHD 2K	2	[{"changed": {"fields": ["Sale price"]}}]	12	1
1096	2026-01-12 18:14:41.946692+00	10	Cámara wifi exteriores Tapo C425 QHD 2K	2	[{"changed": {"fields": ["Sale price"]}}]	12	1
1097	2026-01-12 18:14:55.471782+00	10	Cámara wifi exteriores Tapo C425 QHD 2K	2	[{"changed": {"fields": ["Sale price"]}}]	12	1
1098	2026-01-15 14:24:33.701675+00	169	Memoria Micro SD PNY 64GB	1	[{"added": {}}, {"added": {"name": "product image", "object": "Image for Memoria Micro SD PNY 64GB"}}]	12	1
1099	2026-01-15 14:24:44.646314+00	169	Memoria Micro SD PNY 64GB	2	[{"changed": {"fields": ["Stock"]}}]	12	1
1100	2026-01-15 14:44:15.720181+00	39	Proyector - VideoBeam HomPow Full HD nativo Bluetooth	2	[{"changed": {"fields": ["Sale price", "Discount"]}}]	12	1
1101	2026-01-15 17:06:22.912646+00	87	Proyector - Videobeam Android MagCubic 720p bluetooth - Wifi	2	[{"changed": {"fields": ["Discount"]}}]	12	1
1102	2026-01-15 17:09:23.288436+00	42	Proyector - Videobeam TMY 720p bluetooth - Telón	2	[{"changed": {"fields": ["Discount"]}}]	12	1
1103	2026-01-15 17:09:33.362286+00	42	Proyector - Videobeam TMY 720p bluetooth - Telón	2	[{"changed": {"fields": ["Discount"]}}]	12	1
1104	2026-01-15 17:10:38.379179+00	40	Proyector - Videobeam Vizony Full HD nativo wifi - bluetooth	2	[{"changed": {"fields": ["Sale price", "Discount"]}}]	12	1
1105	2026-01-15 17:11:48.553195+00	51	Altavoz Bluetooth portátil Tazata - BOOMBLAST	2	[{"changed": {"fields": ["Discount"]}}]	12	1
1106	2026-01-18 14:56:16.990633+00	53	Stock Entry for Control de Videojuegos Gamesir Nova Lite - 1	1	[{"added": {}}]	15	1
1107	2026-01-19 19:14:34.541554+00	30	Gamer	1	[{"added": {}}]	11	1
1108	2026-01-19 19:15:34.148297+00	170	Mouse Gamer RGB	1	[{"added": {}}, {"added": {"name": "product image", "object": "Image for Mouse Gamer RGB"}}]	12	1
1109	2026-01-19 19:17:25.817957+00	171	Wifi USB Tenda AX900	1	[{"added": {}}, {"added": {"name": "product image", "object": "Image for Wifi USB Tenda AX900"}}]	12	1
1110	2026-01-19 19:18:21.821584+00	172	Pasta Termica Artic MX-4	1	[{"added": {}}, {"added": {"name": "product image", "object": "Image for Pasta Termica Artic MX-4"}}]	12	1
1111	2026-01-19 19:18:57.788622+00	170	Mouse Gamer RGB	2	[{"changed": {"fields": ["Description"]}}]	12	1
1112	2026-01-19 19:21:00.865839+00	173	Audifonos Headset RORSOU R10 con Cable	1	[{"added": {}}, {"added": {"name": "product image", "object": "Image for Audifonos Headset RORSOU R10 con Cable"}}]	12	1
1113	2026-01-19 19:22:22.976528+00	174	Audifonos Headset Gamer HG04L con Cable	1	[{"added": {}}, {"added": {"name": "product image", "object": "Image for Audifonos Headset Gamer HG04L con Cable"}}]	12	1
1114	2026-01-19 19:37:39.385432+00	54	Stock Entry for Onn Full HD TV Box con Android TV - 6	1	[{"added": {}}]	15	1
1116	2026-01-20 14:47:09.122619+00	175	Smart Band 9 Pro - Rosa	1	[{"added": {}}, {"added": {"name": "product image", "object": "Image for Smart Band 9 Pro - Rosa"}}]	12	1
1117	2026-01-20 20:12:47.049543+00	110	Cable USB C - USB C	2	[{"changed": {"fields": ["Sale price", "Stock", "Discount"]}}]	12	1
1118	2026-01-20 20:14:08.8768+00	110	Cable USB C - USB C UGREEN	2	[{"changed": {"fields": ["Name"]}}]	12	1
1119	2026-01-21 16:06:08.974487+00	110	Cable USB C - USB C	2	[{"changed": {"fields": ["Name", "Sale price", "Stock"]}}]	12	1
1120	2026-01-22 14:57:10.357792+00	26	SSD Patriot P220 256GB	2	[{"changed": {"fields": ["Sale price"]}}]	12	1
1121	2026-01-22 15:10:31.131605+00	176	Memoria USB PNY 32GB	1	[{"added": {}}, {"added": {"name": "product image", "object": "Image for Memoria USB PNY 32GB"}}]	12	1
1122	2026-01-22 15:52:14.570877+00	71	Reloj SKMEI 1988	2	[{"deleted": {"name": "product image", "object": "Image for Reloj SKMEI 1988"}}]	12	1
1123	2026-01-22 15:57:39.481495+00	70	Reloj SKMEI 1123	2	[{"changed": {"fields": ["Discount"]}}]	12	1
1124	2026-01-22 15:58:48.8946+00	56	Stock Entry for Smartwatch - Reloj Haylou Solar Ultra - 1	1	[{"added": {}}]	15	1
1125	2026-01-22 15:59:31.463848+00	57	Stock Entry for Smartwatch - Reloj Haylou Solar Neo - 1	1	[{"added": {}}]	15	1
1126	2026-01-22 16:01:41.376969+00	70	Reloj SKMEI 1123	2	[{"changed": {"fields": ["Sale price", "Stock", "Discount"]}}]	12	1
1127	2026-01-22 16:02:02.573882+00	70	Reloj SKMEI 1123	2	[{"changed": {"fields": ["Discount"]}}]	12	1
1128	2026-01-22 16:04:11.560819+00	70	Reloj SKMEI 1123	2	[{"added": {"name": "product image", "object": "Image for Reloj SKMEI 1123"}}, {"added": {"name": "product image", "object": "Image for Reloj SKMEI 1123"}}, {"added": {"name": "product image", "object": "Image for Reloj SKMEI 1123"}}]	12	1
1129	2026-01-22 16:04:54.401927+00	70	Reloj SKMEI 1123 - Multiples Colores	2	[{"changed": {"fields": ["Name"]}}]	12	1
1130	2026-01-22 16:23:41.820916+00	177	Reloj Submariner Addiesdive AD2040	1	[{"added": {}}, {"added": {"name": "product image", "object": "Image for Reloj Submariner Addiesdive AD2040"}}, {"added": {"name": "product image", "object": "Image for Reloj Submariner Addiesdive AD2040"}}, {"added": {"name": "product image", "object": "Image for Reloj Submariner Addiesdive AD2040"}}, {"added": {"name": "product image", "object": "Image for Reloj Submariner Addiesdive AD2040"}}, {"added": {"name": "product image", "object": "Image for Reloj Submariner Addiesdive AD2040"}}, {"added": {"name": "product image", "object": "Image for Reloj Submariner Addiesdive AD2040"}}]	12	1
1131	2026-01-22 16:25:37.653065+00	178	Reloj Submariner Addiesdive H3	1	[{"added": {}}, {"added": {"name": "product image", "object": "Image for Reloj Submariner Addiesdive H3"}}]	12	1
1132	2026-01-22 16:26:49.914904+00	178	Reloj Submariner Addiesdive H3	2	[{"added": {"name": "product image", "object": "Image for Reloj Submariner Addiesdive H3"}}, {"added": {"name": "product image", "object": "Image for Reloj Submariner Addiesdive H3"}}, {"added": {"name": "product image", "object": "Image for Reloj Submariner Addiesdive H3"}}]	12	1
1133	2026-01-22 16:27:12.875469+00	178	Reloj Submariner Addiesdive H3	2	[{"changed": {"fields": ["Stock"]}}]	12	1
1134	2026-01-22 16:27:23.917152+00	82	Reloj Submariner Addiesdive AD2089	2	[{"changed": {"fields": ["Stock"]}}]	12	1
1135	2026-01-22 16:29:14.600103+00	178	Reloj Submariner Addiesdive H3	2	[{"deleted": {"name": "product image", "object": "Image for Reloj Submariner Addiesdive H3"}}, {"deleted": {"name": "product image", "object": "Image for Reloj Submariner Addiesdive H3"}}, {"deleted": {"name": "product image", "object": "Image for Reloj Submariner Addiesdive H3"}}]	12	1
1136	2026-01-22 16:29:49.795382+00	178	Reloj Submariner Addiesdive H3	2	[{"added": {"name": "product image", "object": "Image for Reloj Submariner Addiesdive H3"}}, {"added": {"name": "product image", "object": "Image for Reloj Submariner Addiesdive H3"}}, {"added": {"name": "product image", "object": "Image for Reloj Submariner Addiesdive H3"}}, {"added": {"name": "product image", "object": "Image for Reloj Submariner Addiesdive H3"}}]	12	1
1137	2026-01-22 16:30:22.818011+00	177	Reloj Submariner Addiesdive AD2040	2	[{"deleted": {"name": "product image", "object": "Image for Reloj Submariner Addiesdive AD2040"}}, {"deleted": {"name": "product image", "object": "Image for Reloj Submariner Addiesdive AD2040"}}, {"deleted": {"name": "product image", "object": "Image for Reloj Submariner Addiesdive AD2040"}}]	12	1
1138	2026-01-22 16:30:47.671963+00	177	Reloj Submariner Addiesdive AD2040	2	[{"added": {"name": "product image", "object": "Image for Reloj Submariner Addiesdive AD2040"}}, {"added": {"name": "product image", "object": "Image for Reloj Submariner Addiesdive AD2040"}}, {"added": {"name": "product image", "object": "Image for Reloj Submariner Addiesdive AD2040"}}]	12	1
1139	2026-01-22 16:31:38.940832+00	178	Reloj Submariner Addiesdive H3	2	[{"changed": {"fields": ["Destacado"]}}]	12	1
1140	2026-01-22 16:31:38.942805+00	177	Reloj Submariner Addiesdive AD2040	2	[{"changed": {"fields": ["Destacado"]}}]	12	1
1141	2026-01-22 16:32:25.55039+00	175	Xiaomi Smart Band 9 Pro - Rosa	2	[{"changed": {"fields": ["Name", "Destacado"]}}]	12	1
1142	2026-01-22 19:26:33.320409+00	58	Stock Entry for Lector de Memorias USB 3.0 - 3	1	[{"added": {}}]	15	1
1143	2026-01-22 19:27:51.454913+00	40	Proyector - Videobeam Vizony Full HD nativo wifi - bluetooth	2	[{"changed": {"fields": ["Destacado"]}}]	12	1
1144	2026-01-22 19:27:51.456954+00	31	Vortex F5 128GB - Consola Retro	2	[{"changed": {"fields": ["Destacado"]}}]	12	1
1145	2026-01-22 19:27:51.458306+00	22	Drone Syma X200W con Camara	2	[{"changed": {"fields": ["Destacado"]}}]	12	1
1146	2026-01-22 20:02:11.590503+00	91	Impresora termica de etiquetas portatil Niimbot D110	2	[{"changed": {"fields": ["Discount"]}}]	12	1
1147	2026-01-23 18:22:44.283216+00	54	Lector de Memorias USB 3.0	2	[{"changed": {"fields": ["Sale price"]}}]	12	1
1148	2026-01-23 18:23:33.902438+00	110	Cable USB C - USB C	2	[{"changed": {"fields": ["Sale price"]}}]	12	1
1149	2026-01-23 18:57:54.203181+00	179	Cable USB Tipo A - USB C	1	[{"added": {}}, {"added": {"name": "product image", "object": "Image for Cable USB Tipo A - USB C"}}]	12	1
1150	2026-01-23 18:58:03.610892+00	179	Cable USB Tipo A - USB C	2	[{"changed": {"fields": ["Stock"]}}]	12	1
1151	2026-01-23 19:01:22.47502+00	180	Cable USB C - Lightning	1	[{"added": {}}, {"added": {"name": "product image", "object": "Image for Cable USB C - Lightning"}}]	12	1
1152	2026-01-23 19:15:28.091674+00	179	Cable USB Tipo A - USB C	2	[{"changed": {"fields": ["Stock"]}}]	12	1
1153	2026-01-23 19:16:04.213882+00	180	Cable USB C - Lightning Fibra	2	[{"changed": {"fields": ["Name", "Stock"]}}]	12	1
1154	2026-01-23 19:17:38.327947+00	109	Cable USB C - Lightning	2	[{"changed": {"fields": ["Stock"]}}]	12	1
1155	2026-01-23 19:19:00.87653+00	180	Cable USB C - Lightning Fibra	2	[]	12	1
1156	2026-01-23 19:20:57.455188+00	15	Accesorios Computación	2	[{"changed": {"fields": ["Name"]}}]	14	1
1157	2026-01-23 19:21:15.314918+00	18	Accesorios Camaras	2	[{"changed": {"fields": ["Name"]}}]	14	1
1159	2026-01-23 19:23:22.590732+00	180	Cable USB C - Lightning Fibra	2	[{"changed": {"fields": ["Subcategory"]}}]	12	1
1160	2026-01-23 19:24:02.318652+00	180	Cable USB C - Lightning Fibra	2	[{"changed": {"fields": ["Subcategory"]}}]	12	1
1161	2026-01-23 19:26:07.503583+00	149	Power Bank Xiaomi 10.000mah - 22.5w	2	[{"changed": {"fields": ["Subcategory"]}}]	12	1
1162	2026-01-23 19:26:30.957588+00	148	Power Bank Xiaomi 20.000mah - 30w	2	[{"changed": {"fields": ["Subcategory"]}}]	12	1
1163	2026-01-23 19:26:37.870235+00	127	Pantalla Selfie - Vlog	2	[{"changed": {"fields": ["Subcategory"]}}]	12	1
1164	2026-01-23 19:26:44.189517+00	125	Cargador Ugreen 30W GaN II + Cable	2	[{"changed": {"fields": ["Subcategory"]}}]	12	1
1165	2026-01-23 19:27:07.528365+00	113	Cargador Ugreen 45W	2	[{"changed": {"fields": ["Subcategory"]}}]	12	1
1166	2026-01-23 19:27:13.456225+00	112	Cargador Ugreen 30W GaN II Nexode	2	[{"changed": {"fields": ["Subcategory"]}}]	12	1
1167	2026-01-23 19:27:17.946114+00	111	Cable USB C - USB	2	[{"changed": {"fields": ["Subcategory"]}}]	12	1
1168	2026-01-23 19:27:22.753378+00	110	Cable USB C - USB C	2	[{"changed": {"fields": ["Subcategory"]}}]	12	1
1169	2026-01-23 19:27:27.921641+00	109	Cable USB C - Lightning	2	[{"changed": {"fields": ["Subcategory"]}}]	12	1
1170	2026-01-23 19:28:16.157265+00	15	Accesorios	2	[{"changed": {"fields": ["Name"]}}]	14	1
1171	2026-01-23 19:28:59.113229+00	15	Accesorios Computación	2	[{"changed": {"fields": ["Name"]}}]	14	1
1172	2026-01-23 19:29:16.255748+00	180	Cable USB C - Lightning Fibra	2	[{"changed": {"fields": ["Subcategory"]}}]	12	1
1173	2026-01-23 19:29:22.320563+00	179	Cable USB Tipo A - USB C	2	[{"changed": {"fields": ["Subcategory"]}}]	12	1
1174	2026-01-23 19:29:40.696333+00	149	Power Bank Xiaomi 10.000mah - 22.5w	2	[{"changed": {"fields": ["Subcategory"]}}]	12	1
1175	2026-01-23 19:29:46.759704+00	148	Power Bank Xiaomi 20.000mah - 30w	2	[{"changed": {"fields": ["Subcategory"]}}]	12	1
1176	2026-01-23 19:29:55.217651+00	127	Pantalla Selfie - Vlog	2	[{"changed": {"fields": ["Subcategory"]}}]	12	1
1177	2026-01-23 19:30:05.790605+00	124	Estuche Celular Silicona	2	[{"changed": {"fields": ["Subcategory"]}}]	12	1
1178	2026-01-23 19:30:12.088285+00	123	Estuche Celular Gamusa	2	[{"changed": {"fields": ["Subcategory"]}}]	12	1
1179	2026-01-23 19:30:18.735207+00	113	Cargador Ugreen 45W	2	[{"changed": {"fields": ["Subcategory"]}}]	12	1
1180	2026-01-23 19:30:23.875351+00	112	Cargador Ugreen 30W GaN II Nexode	2	[{"changed": {"fields": ["Subcategory"]}}]	12	1
1181	2026-01-23 19:30:30.253251+00	111	Cable USB C - USB	2	[{"changed": {"fields": ["Subcategory"]}}]	12	1
1182	2026-01-23 19:30:35.717046+00	110	Cable USB C - USB C	2	[{"changed": {"fields": ["Subcategory"]}}]	12	1
1183	2026-01-23 19:30:42.703382+00	109	Cable USB C - Lightning	2	[{"changed": {"fields": ["Subcategory"]}}]	12	1
1184	2026-01-23 19:32:43.49523+00	181	Cable USB C - USB C Fibra	1	[{"added": {}}, {"added": {"name": "product image", "object": "Image for Cable USB C - USB C Fibra"}}]	12	1
1185	2026-01-23 19:33:34.531498+00	179	Cable USB Tipo A - USB C Fibra	2	[{"changed": {"fields": ["Name"]}}]	12	1
1186	2026-01-23 19:33:59.767393+00	110	Cable USB C - USB C	2	[{"changed": {"fields": ["Stock"]}}]	12	1
1187	2026-01-23 19:34:32.052142+00	111	Cable USB C - USB	2	[{"changed": {"fields": ["Stock"]}}]	12	1
1188	2026-01-23 19:34:39.568668+00	111	Cable USB C - USB A	2	[{"changed": {"fields": ["Name"]}}]	12	1
1189	2026-01-23 19:38:00.826966+00	182	Cable USB C - USB C Ugreen 100W	1	[{"added": {}}, {"added": {"name": "product image", "object": "Image for Cable USB C - USB C Ugreen 100W"}}]	12	1
1190	2026-01-23 19:39:56.296786+00	183	Cargador 20w + Cable USB C	1	[{"added": {}}, {"added": {"name": "product image", "object": "Image for Cargador 20w + Cable USB C"}}]	12	1
1191	2026-01-25 19:10:26.582062+00	184	Reloj SKMEI 1123	1	[{"added": {}}, {"added": {"name": "product image", "object": "Image for Reloj SKMEI 1123"}}]	12	1
1192	2026-01-25 19:10:51.097043+00	184	Reloj SKMEI 1816	2	[{"changed": {"fields": ["Name"]}}]	12	1
1193	2026-01-27 15:46:10.382801+00	42	Proyector - Videobeam TMY 720p bluetooth - Telón	2	[{"changed": {"fields": ["Discount"]}}]	12	1
1194	2026-01-27 15:46:33.103259+00	42	Proyector - Videobeam TMY 720p bluetooth - Telón	2	[{"changed": {"fields": ["Discount"]}}]	12	1
1195	2026-01-27 15:46:56.215237+00	42	Proyector - Videobeam TMY 720p bluetooth - Telón	2	[{"changed": {"fields": ["Discount"]}}]	12	1
1196	2026-01-27 15:47:07.721508+00	42	Proyector - Videobeam TMY 720p bluetooth - Telón	2	[{"changed": {"fields": ["Discount"]}}]	12	1
1197	2026-01-27 15:47:21.593049+00	42	Proyector - Videobeam TMY 720p bluetooth - Telón	2	[{"changed": {"fields": ["Discount"]}}]	12	1
1198	2026-01-27 15:47:49.308263+00	46	Proyector - Videobeam Nisoo Full HD nativo - Wifi -Bluetooth	2	[{"changed": {"fields": ["Discount"]}}]	12	1
1199	2026-01-27 15:48:16.346878+00	64	Proyector - Videobeam DBPower Full HD nativo wifi - bluetooth - Maleta	2	[{"changed": {"fields": ["Destacado"]}}]	12	1
1200	2026-01-27 15:48:58.137095+00	43	Proyector - Videobeam Happrun Full HD nativo - Bluetooth	2	[{"changed": {"fields": ["Sale price"]}}]	12	1
1201	2026-01-28 16:06:00.643833+00	39	Proyector - VideoBeam HomPow Full HD nativo Bluetooth	2	[{"changed": {"fields": ["Sale price", "Discount"]}}]	12	1
1202	2026-01-28 16:49:43.27634+00	59	Stock Entry for Trimui Smart Pro - Consola Retro - 1	1	[{"added": {}}]	15	1
1203	2026-01-28 16:50:25.195557+00	60	Stock Entry for Control de videojuegos Bluetooth D3 para Telefono Android y Iphone - 2	1	[{"added": {}}]	15	1
1204	2026-01-28 16:51:34.074265+00	61	Stock Entry for Ambernic RG40XX - Consola Retro - 5	1	[{"added": {}}]	15	1
1205	2026-01-28 16:52:15.864075+00	38	Trimui Smart Pro - Consola Retro	2	[{"changed": {"fields": ["Sale price"]}}]	12	1
1206	2026-01-28 17:01:32.516813+00	117	Control Bluetooth V8	2	[{"changed": {"fields": ["Stock"]}}]	12	1
1207	2026-01-28 17:11:41.823243+00	87	Proyector - Videobeam Android MagCubic 720p bluetooth - Wifi	2	[{"changed": {"fields": ["Stock"]}}]	12	1
1208	2026-01-29 02:53:09.947456+00	39	Proyector - VideoBeam HomPow Full HD nativo Bluetooth	2	[{"changed": {"fields": ["Stock"]}}]	12	1
1209	2026-01-29 19:47:22.350301+00	185	Panel Solar TY-106-01P S: X004C1Z3RT	1	[{"added": {}}]	12	1
1210	2026-01-29 19:48:50.113658+00	10	Cámara Wifi Tapo C425 QHD 2K S/N:Y2490T6006056	2	[{"changed": {"fields": ["Name", "Sale price", "Discount"]}}]	12	1
1211	2026-01-30 21:45:08.354652+00	185	Panel Solar 6W TY-106-01P	2	[{"changed": {"fields": ["Name"]}}]	12	1
1212	2026-01-30 21:45:44.701372+00	10	Cámara Wifi Tapo C425 QHD 2K	2	[{"changed": {"fields": ["Name", "Sale price"]}}]	12	1
1213	2026-02-03 00:21:08.93759+00	46	Proyector - Videobeam Nisoo Full HD nativo - Wifi -Bluetooth	2	[{"changed": {"fields": ["Sale price"]}}]	12	1
1214	2026-02-03 14:05:38.283348+00	91	Impresora termica de etiquetas portatil Niimbot D110	2	[{"changed": {"fields": ["Description"]}}]	12	1
1215	2026-02-03 14:08:49.785762+00	186	Impresora termica de etiquetas portatil Niimbot B110	1	[{"added": {}}, {"added": {"name": "product image", "object": "Image for Impresora termica de etiquetas portatil Niimbot B110"}}]	12	1
1216	2026-02-03 14:09:57.06805+00	91	Impresora termica de etiquetas portatil Niimbot D110	2	[{"changed": {"fields": ["Description", "Discount"]}}]	12	1
1217	2026-02-03 14:10:28.603686+00	91	Impresora termica de etiquetas portatil Niimbot D110	2	[{"changed": {"fields": ["Discount"]}}]	12	1
1218	2026-02-03 14:16:53.678676+00	187	Impresora termica de etiquetas portatil Phomemo D30	1	[{"added": {}}, {"added": {"name": "product image", "object": "Image for Impresora termica de etiquetas portatil Phomemo D30"}}]	12	1
1219	2026-02-03 14:17:45.486799+00	170	Mouse Gamer RGB	2	[{"changed": {"fields": ["Stock"]}}]	12	1
1220	2026-02-03 14:20:30.164824+00	62	Stock Entry for Cámaras de seguridad wifi TP-Link Tapo C200 - 4	1	[{"added": {}}]	15	1
1221	2026-02-03 14:21:11.544851+00	5	Cámaras de seguridad wifi TP-Link Tapo C200	2	[{"changed": {"fields": ["Stock"]}}]	12	1
1222	2026-02-03 14:21:39.052904+00	63	Stock Entry for Camara wifi de uso exterior 2k Tapo C216 - 3	1	[{"added": {}}]	15	1
1223	2026-02-03 14:22:22.123235+00	64	Stock Entry for Camara inalambrica Alaga - Wifi para Interiores - 1	1	[{"added": {}}]	15	1
1224	2026-02-03 14:27:53.395586+00	7	Camara wifi de uso exterior 1080p Tapo C500	2	[{"changed": {"fields": ["Name"]}}]	12	1
1225	2026-02-03 14:28:10.298158+00	65	Stock Entry for Camara wifi de uso exterior 1080p Tapo C500 - 2	1	[{"added": {}}]	15	1
1226	2026-02-03 14:29:01.296256+00	5	Cámaras de seguridad wifi TP-Link Tapo C200	2	[{"changed": {"fields": ["Destacado"]}}]	12	1
1227	2026-02-03 14:30:47.090423+00	66	Stock Entry for Onn Full HD TV Box con Android TV - 10	1	[{"added": {}}]	15	1
1228	2026-02-03 14:31:34.350717+00	67	Stock Entry for Onn 4k TV Box con Android TV - 1	1	[{"added": {}}]	15	1
1229	2026-02-03 14:31:52.041119+00	25	Onn 4k TV Box con Android TV	2	[{"changed": {"fields": ["Sale price"]}}]	12	1
1230	2026-02-03 14:31:59.447176+00	98	Onn Full HD TV Box con Android TV	2	[{"changed": {"fields": ["Sale price"]}}]	12	1
1231	2026-02-03 14:34:14.900674+00	188	Tivo 4k TV Box con Android TV	1	[{"added": {}}, {"added": {"name": "product image", "object": "Image for Tivo 4k TV Box con Android TV"}}]	12	1
1232	2026-02-03 14:36:46.298525+00	68	Stock Entry for Control de Videojuegos Gamesir Nova Lite - 2	1	[{"added": {}}]	15	1
1233	2026-02-03 14:38:29.210412+00	69	Stock Entry for Audifonos Headset Gamer HG04L con Cable - 2	1	[{"added": {}}]	15	1
1234	2026-02-03 14:39:40.729826+00	70	Stock Entry for Ventilador de Techo para socket-enchufe comun - control remoto - 1	1	[{"added": {}}]	15	1
1235	2026-02-03 15:02:24.197071+00	189	Bluetooth USB Ugreen	1	[{"added": {}}, {"added": {"name": "product image", "object": "Image for Bluetooth USB Ugreen"}}]	12	1
1236	2026-02-03 15:04:53.966128+00	190	Mouse inalámbrico Tecknet	1	[{"added": {}}, {"added": {"name": "product image", "object": "Image for Mouse inal\\u00e1mbrico Tecknet"}}]	12	1
1237	2026-02-03 22:32:14.656065+00	191	Proyector - VideoBeam Bigasuo Full HD nativo Wifi + Bluetooth + Maleta de viaje	1	[{"added": {}}, {"added": {"name": "product image", "object": "Image for Proyector - VideoBeam Bigasuo Full HD nativo Wifi + Bluetooth + Maleta de viaje"}}]	12	1
1238	2026-02-04 16:09:03.281732+00	7	SOLID10	2	[{"changed": {"fields": ["Total Usos"]}}]	27	1
1239	2026-02-04 17:11:52.857976+00	91	Impresora termica de etiquetas portatil Niimbot D110	2	[{"changed": {"fields": ["Stock"]}}]	12	1
1240	2026-02-06 15:15:27.441906+00	185	Panel Solar 6W TY-106-01P	2	[{"changed": {"fields": ["Stock"]}}]	12	1
1241	2026-02-06 15:16:40.541626+00	186	Impresora termica de etiquetas portatil Niimbot B11	2	[{"changed": {"fields": ["Name"]}}]	12	1
1242	2026-02-06 15:16:49.792873+00	186	Impresora termica de etiquetas portatil Niimbot B1	2	[{"changed": {"fields": ["Name"]}}]	12	1
1243	2026-02-07 15:36:48.391696+00	71	Stock Entry for Onn Full HD TV Box con Android TV - 3	1	[{"added": {}}]	15	1
1244	2026-02-07 16:42:07.610849+00	192	Audifonos Headset inalambricos Bluetooth	1	[{"added": {}}, {"added": {"name": "product image", "object": "Image for Audifonos Headset inalambricos Bluetooth"}}]	12	1
1245	2026-02-07 21:35:14.311947+00	175	Xiaomi Smart Band 9 Pro - Rosa	2	[{"changed": {"fields": ["Destacado"]}}]	12	1
1246	2026-02-07 21:35:14.313967+00	67	Reloj SKMEI 1637	2	[{"changed": {"fields": ["Destacado"]}}]	12	1
1247	2026-02-07 21:35:14.315281+00	59	Alexa - Echo Pop	2	[{"changed": {"fields": ["Destacado"]}}]	12	1
1248	2026-02-07 22:43:01.305291+00	10	Cámara Wifi Tapo C425 QHD 2K S/N:Y249110004625	2	[{"changed": {"fields": ["Name", "Sale price"]}}]	12	1
1249	2026-02-07 22:44:48.57307+00	185	Panel Solar 6W TY-106-01 S: X003YVFVTN	2	[{"changed": {"fields": ["Name"]}}]	12	1
1250	2026-02-09 16:56:42.340225+00	190	Mouse inalámbrico Tecknet	2	[{"changed": {"fields": ["Sale price"]}}]	12	1
1251	2026-02-11 20:14:45.600811+00	11	Cámara wifi exteriores Tapo C402	2	[{"changed": {"fields": ["Discount"]}}]	12	1
1252	2026-02-15 14:41:32.384602+00	182	Cable USB C - USB C Ugreen 100W	2	[{"changed": {"fields": ["Sale price"]}}]	12	1
1253	2026-02-23 14:08:00.797488+00	72	Stock Entry for Reloj SKMEI 1426 - 2	1	[{"added": {}}]	15	1
1254	2026-02-23 14:09:58.444095+00	73	Stock Entry for Proyector - Videobeam Android MagCubic 720p bluetooth - Wifi - 1	1	[{"added": {}}]	15	1
1255	2026-02-23 14:12:20.116517+00	193	Mouse Gamer RGB Havit	1	[{"added": {}}]	12	1
1256	2026-02-23 14:51:33.839055+00	193	Mouse Gamer RGB Havit	2	[{"added": {"name": "product image", "object": "Image for Mouse Gamer RGB Havit"}}]	12	1
1257	2026-02-23 14:53:38.253586+00	194	MouseOficina Havit	1	[{"added": {}}, {"added": {"name": "product image", "object": "Image for MouseOficina Havit"}}]	12	1
1258	2026-02-23 14:54:27.251677+00	195	Teclado Oficina Havit	1	[{"added": {}}, {"added": {"name": "product image", "object": "Image for Teclado Oficina Havit"}}]	12	1
1259	2026-02-23 14:55:27.159291+00	196	Teclado Gamer Redragon	1	[{"added": {}}, {"added": {"name": "product image", "object": "Image for Teclado Gamer Redragon"}}]	12	1
1260	2026-02-23 14:56:43.672641+00	197	Combo Gamer	1	[{"added": {}}, {"added": {"name": "product image", "object": "Image for Combo Gamer"}}]	12	1
1261	2026-02-23 14:57:56.651545+00	198	Wifi - Bluetooth USB 2.4G - 5G	1	[{"added": {}}, {"added": {"name": "product image", "object": "Image for Wifi - Bluetooth USB 2.4G - 5G"}}]	12	1
1262	2026-02-23 14:58:23.65169+00	170	Mouse Gamer RGB	2	[{"added": {"name": "product image", "object": "Image for Mouse Gamer RGB"}}, {"deleted": {"name": "product image", "object": "Image for Mouse Gamer RGB"}}]	12	1
1263	2026-02-23 14:59:17.68011+00	197	Combo Gamer	2	[{"changed": {"fields": ["Destacado"]}}]	12	1
1264	2026-02-23 14:59:17.68202+00	196	Teclado Gamer Redragon	2	[{"changed": {"fields": ["Destacado"]}}]	12	1
1265	2026-02-25 14:42:21.62683+00	147	Xiaomi Smart Band 9 Active	2	[{"changed": {"fields": ["Discount"]}}]	12	1
1266	2026-02-25 16:03:55.940534+00	147	Xiaomi Smart Band 9 Active	2	[{"changed": {"fields": ["Sale price"]}}]	12	1
1267	2026-02-25 16:04:52.691482+00	169	Memoria Micro SD PNY 64GB	2	[{"changed": {"fields": ["Sale price"]}}]	12	1
1268	2026-02-25 16:05:02.96041+00	151	Memoria Micro SD WD 64GB	2	[{"changed": {"fields": ["Sale price"]}}]	12	1
1269	2026-02-25 16:05:19.663132+00	88	Memoria Micro SD Patriot 64GB	2	[{"changed": {"fields": ["Sale price"]}}]	12	1
1270	2026-02-25 16:06:26.769832+00	29	Memoria Micro SD Sandisk 256GB	2	[{"changed": {"fields": ["Sale price"]}}]	12	1
1271	2026-02-25 16:06:40.906165+00	28	Memoria Micro SD Sandisk 128GB	2	[{"changed": {"fields": ["Sale price"]}}]	12	1
1272	2026-02-25 16:07:42.772687+00	125	Cargador Ugreen 30W GaN II + Cable	2	[{"changed": {"fields": ["Sale price"]}}]	12	1
1273	2026-02-25 16:08:05.557508+00	112	Cargador Ugreen 30W GaN II Nexode	2	[{"changed": {"fields": ["Discount"]}}]	12	1
1274	2026-02-25 16:09:08.949257+00	125	Cargador Ugreen 30W GaN II	2	[{"changed": {"fields": ["Name", "Sale price"]}}]	12	1
1275	2026-02-25 16:09:31.056807+00	125	Cargador Ugreen 30W GaN II	2	[{"changed": {"fields": ["Stock"]}}]	12	1
1276	2026-02-25 16:11:17.570084+00	112	Cargador Ugreen 30W GaN II Nexode	2	[{"changed": {"fields": ["Stock"]}}]	12	1
1277	2026-02-27 18:39:14.089957+00	199	SSD Patriot P220 512GB	1	[{"added": {}}]	12	1
1278	2026-02-27 18:43:15.644046+00	26	SSD Patriot P220 256GB	2	[{"changed": {"fields": ["Sale price"]}}]	12	1
1279	2026-02-27 18:44:09.613106+00	200	PATCH CORD CAT6 SIN BLINDAR 2M	1	[{"added": {}}]	12	1
1280	2026-02-27 18:44:51.231642+00	201	PATCH CORD CAT6 SIN BLINDAR 5M	1	[{"added": {}}]	12	1
1281	2026-02-27 18:45:41.834312+00	202	CONECTOR RJ45 CAT5E SIN BLINDAR 50PCS POR BOLSA	1	[{"added": {}}]	12	1
1282	2026-02-27 18:51:02.852467+00	199	SSD Patriot 512GB	2	[{"changed": {"fields": ["Name", "Stock"]}}]	12	1
1283	2026-02-27 18:51:12.737735+00	26	SSD Patriot 256GB	2	[{"changed": {"fields": ["Name"]}}]	12	1
1284	2026-02-28 18:23:27.115804+00	26	SSD Patriot 256GB	2	[{"changed": {"fields": ["Sale price"]}}]	12	1
1285	2026-02-28 18:23:59.3151+00	26	SSD Patriot 256GB	2	[{"changed": {"fields": ["Sale price"]}}]	12	1
1286	2026-02-28 18:24:07.881485+00	199	SSD Patriot 512GB	2	[{"changed": {"fields": ["Stock"]}}]	12	1
1287	2026-02-28 18:24:48.301824+00	202	CONECTOR RJ45 CAT5E SIN BLINDAR 50PCS POR BOLSA	2	[{"changed": {"fields": ["Stock"]}}]	12	1
1288	2026-02-28 18:24:58.41478+00	201	PATCH CORD CAT6 SIN BLINDAR 5M	2	[{"changed": {"fields": ["Stock", "Activo"]}}]	12	1
1289	2026-02-28 18:25:03.278354+00	202	CONECTOR RJ45 CAT5E SIN BLINDAR 50PCS POR BOLSA	2	[{"changed": {"fields": ["Activo"]}}]	12	1
1290	2026-02-28 18:25:09.710597+00	200	PATCH CORD CAT6 SIN BLINDAR 2M	2	[{"changed": {"fields": ["Stock", "Activo"]}}]	12	1
1291	2026-02-28 18:25:16.822421+00	199	SSD Patriot 512GB	2	[]	12	1
1292	2026-02-28 20:06:18.382393+00	74	Stock Entry for Xiaomi Smart Band 9 Pro - Rosa - 2	1	[{"added": {}}]	15	1
1293	2026-03-02 19:37:11.756989+00	203	Xiaomi Smart Band 9 Pro - Plata	1	[{"added": {}}, {"added": {"name": "product image", "object": "Image for Xiaomi Smart Band 9 Pro - Plata"}}]	12	1
1294	2026-03-02 19:38:41.688706+00	204	Xiaomi Smart Band 9 - Plata - Rosa	1	[{"added": {}}, {"added": {"name": "product image", "object": "Image for Xiaomi Smart Band 9 - Plata - Rosa"}}]	12	1
1295	2026-03-02 19:53:27.50129+00	205	Proyector - Videobeam Kogata Full HD Smart wifi - bluetooth	1	[{"added": {}}, {"added": {"name": "product image", "object": "Image for Proyector - Videobeam Kogata Full HD Smart wifi - bluetooth"}}]	12	1
1296	2026-03-02 19:54:04.873427+00	205	Proyector - Videobeam Kogata Full HD Smart wifi - bluetooth	2	[{"changed": {"fields": ["Destacado"]}}]	12	1
1297	2026-03-02 19:54:04.875584+00	204	Xiaomi Smart Band 9 - Plata - Rosa	2	[{"changed": {"fields": ["Destacado"]}}]	12	1
1298	2026-03-02 19:54:04.876889+00	203	Xiaomi Smart Band 9 Pro - Plata	2	[{"changed": {"fields": ["Destacado"]}}]	12	1
1299	2026-03-02 19:54:31.574132+00	150	Proyector - Videobeam HY300ULTRA Smart wifi - bluetooth - Magis	2	[{"changed": {"fields": ["Destacado"]}}]	12	1
1300	2026-03-02 19:54:48.551801+00	10	Cámara Wifi Tapo C425 QHD 2K S/N:Y249110004625	2	[{"changed": {"fields": ["Destacado"]}}]	12	1
1301	2026-03-02 20:03:50.866755+00	203	Xiaomi Smart Band 9 Pro - Plata	2	[{"changed": {"fields": ["Description"]}}]	12	1
1302	2026-03-02 20:04:29.360121+00	204	Xiaomi Smart Band 9 - Plata - Rosa	2	[{"changed": {"fields": ["Description"]}}]	12	1
1303	2026-03-05 16:09:01.236837+00	183	Cargador 20w + Cable USB C	2	[{"changed": {"fields": ["Stock"]}}]	12	1
1304	2026-03-06 14:14:29.914835+00	85	Consola Anbernic RG406h	2	[{"changed": {"fields": ["Discount"]}}]	12	1
1305	2026-03-06 14:14:45.078525+00	57	Case - Funda protectora rigida	2	[{"changed": {"fields": ["Stock"]}}]	12	1
1306	2026-03-06 14:14:55.554557+00	30	Ambernic RG40XX - Consola Retro	2	[{"changed": {"fields": ["Discount"]}}]	12	1
1307	2026-03-06 14:15:22.894215+00	30	Ambernic RG40XX - Consola Retro	2	[{"changed": {"fields": ["Discount"]}}]	12	1
1308	2026-03-06 14:15:39.484126+00	38	Trimui Smart Pro - Consola Retro	2	[{"changed": {"fields": ["Discount"]}}]	12	1
1309	2026-03-06 14:16:00.606986+00	35	R36S - Consola Retro	2	[{"changed": {"fields": ["Discount"]}}]	12	1
1310	2026-03-06 14:16:23.822787+00	35	R36S - Consola Retro	2	[{"changed": {"fields": ["Discount"]}}]	12	1
1311	2026-03-07 22:14:37.804343+00	95	Ventilador de Techo para socket-enchufe comun - control remoto	2	[{"changed": {"fields": ["Discount"]}}]	12	1
1312	2026-03-09 15:33:17.176516+00	206	Tablet Amazon Kindle 7 pulg Usada	1	[{"added": {}}]	12	1
1313	2026-03-09 16:43:55.697812+00	192	Audifonos Headset inalambricos Bluetooth	2	[{"changed": {"fields": ["Stock"]}}]	12	1
1314	2026-03-09 20:19:42.002729+00	165	CAMARA IMOU CRUISER SC Exterior	2	[{"changed": {"fields": ["Name", "Sale price", "Stock"]}}]	12	1
1315	2026-03-09 20:21:53.389666+00	207	Camara IMOU RANGER 2 3MP/2K Interior	1	[{"added": {}}]	12	1
1316	2026-03-09 20:22:21.041519+00	165	Camara IMOU CRUISER SC 3MP/2K Exterior	2	[{"changed": {"fields": ["Name"]}}]	12	1
1317	2026-03-12 19:50:28.810734+00	208	Camara Imou Cruiser Dual 2 8MPX	1	[{"added": {}}]	12	1
1318	2026-03-13 21:20:09.055911+00	42	Proyector - Videobeam TMY 720p bluetooth - Telón	2	[{"changed": {"fields": ["Discount"]}}]	12	1
1319	2026-03-14 19:39:39.912315+00	75	Stock Entry for Pasta Termica Artic MX-4 - 2	1	[{"added": {}}]	15	1
1320	2026-03-14 19:39:59.513901+00	172	Pasta Termica Artic MX-4	2	[{"changed": {"fields": ["Sale price"]}}]	12	1
1321	2026-03-15 15:28:55.342614+00	169	Memoria Micro SD PNY 64GB	2	[{"changed": {"fields": ["Stock"]}}]	12	1
1322	2026-03-15 15:29:43.979251+00	169	Memoria Micro SD PNY 64GB	2	[{"changed": {"fields": ["Stock"]}}]	12	1
1323	2026-03-15 15:37:50.817545+00	169	Memoria Micro SD PNY 64GB	2	[{"changed": {"fields": ["Stock"]}}]	12	1
1324	2026-03-15 17:23:13.668805+00	154	Audifonos Headset Gamer U06 con Cable	2	[{"changed": {"fields": ["Discount"]}}]	12	1
1325	2026-03-17 14:36:26.204602+00	209	Diademas Logitech H390	1	[{"added": {}}]	12	1
1326	2026-03-17 14:37:09.617995+00	210	SSD 256 GB SATA ADATA	1	[{"added": {}}]	12	1
1327	2026-03-17 14:37:45.995358+00	211	SSD 512 GB SATA ADATA	1	[{"added": {}}]	12	1
1328	2026-03-17 14:38:17.915448+00	212	SSD M2 256 GB Patriot Gen 3	1	[{"added": {}}]	12	1
1329	2026-03-17 14:38:57.264843+00	213	Memoria DDR4 4G Crucial 2666Mhz	1	[{"added": {}}]	12	1
1330	2026-03-17 14:39:03.834672+00	211	SSD 512 GB SATA ADATA	2	[{"changed": {"fields": ["Activo"]}}]	12	1
1331	2026-03-17 14:39:37.719401+00	214	Memoria DDR4 8G Crucial 2666Mhz	1	[{"added": {}}]	12	1
1332	2026-03-17 14:40:11.238385+00	215	Combo Teclado y Mouse Genius	1	[{"added": {}}]	12	1
1333	2026-03-17 14:41:54.32334+00	172	Pasta Termica Artic MX-4 4g	2	[{"changed": {"fields": ["Name", "Sale price", "Stock", "Activo"]}}]	12	1
1334	2026-03-17 14:42:38.718257+00	216	Conectores RJ45 x 100	1	[{"added": {}}]	12	1
1335	2026-03-17 14:43:11.418394+00	217	Cable UTP Categoría 6 x 100m	1	[{"added": {}}]	12	1
1336	2026-03-17 14:43:18.080215+00	216	Conectores RJ45 x 100	2	[{"changed": {"fields": ["Activo"]}}]	12	1
1337	2026-03-17 14:44:31.3719+00	218	Limpiador Electrónico 450ml	1	[{"added": {}}]	12	1
1338	2026-03-17 14:45:06.737912+00	219	Alcohol Isopropílico 1L	1	[{"added": {}}]	12	1
1339	2026-03-17 14:45:32.197128+00	220	Switch de Red Giga 5 puertos Tenda	1	[{"added": {}}]	12	1
1340	2026-03-17 14:46:01.103299+00	220	Switch de Red Tenda Gigabyte 5 puertos	2	[{"changed": {"fields": ["Name"]}}]	12	1
1341	2026-03-17 14:50:31.14429+00	216	Conectores RJ45 x 100	2	[{"changed": {"fields": ["Sale price"]}}]	12	1
1342	2026-03-17 14:52:04.608652+00	172	Pasta Termica Artic MX-4 4g	2	[{"changed": {"fields": ["Sale price"]}}]	12	1
1343	2026-03-17 14:54:28.037133+00	209	Diademas Logitech H390	2	[{"changed": {"fields": ["Sale price"]}}]	12	1
1344	2026-03-17 20:58:49.687515+00	221	Camara wifi de uso exterior 2k Tapo C206	1	[{"added": {}}, {"added": {"name": "product image", "object": "Image for Camara wifi de uso exterior 2k Tapo C206"}}]	12	1
1345	2026-03-17 20:58:54.646531+00	163	Camara wifi de uso exterior 2k Tapo C216	2	[{"changed": {"fields": ["Stock"]}}]	12	1
1346	2026-03-18 02:10:41.763477+00	76	Stock Entry for Onn 4k TV Box con Android TV - 5	1	[{"added": {}}]	15	1
1347	2026-03-18 02:11:27.547815+00	25	Onn 4k TV Box con Android TV	2	[{"changed": {"fields": ["Sale price"]}}]	12	1
1348	2026-03-18 02:12:23.992881+00	98	Onn Full HD TV Box con Android TV	2	[{"changed": {"fields": ["Sale price"]}}]	12	1
1349	2026-03-18 15:46:57.56361+00	64	Proyector - Videobeam DBPower Full HD nativo wifi - bluetooth - Maleta	2	[{"changed": {"fields": ["Stock"]}}]	12	1
1350	2026-03-19 19:31:12.067514+00	206	Tablet Amazon Kindle 7 pulg Usada	2	[{"changed": {"fields": ["Activo"]}}]	12	1
1351	2026-03-19 19:32:02.628822+00	49	Soporte para Celular - Control de Xbox one	2	[{"changed": {"fields": ["Stock"]}}]	12	1
1352	2026-03-19 19:33:27.29241+00	208	Camara Imou Cruiser Dual 2 8MPX	2	[{"changed": {"fields": ["Activo"]}}]	12	1
1353	2026-03-19 19:33:27.294377+00	207	Camara IMOU RANGER 2 3MP/2K Interior	2	[{"changed": {"fields": ["Activo"]}}]	12	1
1354	2026-03-19 19:33:27.295622+00	166	CAMARA IP RANGER 2	2	[{"changed": {"fields": ["Activo"]}}]	12	1
1355	2026-03-19 19:33:27.296838+00	165	Camara IMOU CRUISER SC 3MP/2K Exterior	2	[{"changed": {"fields": ["Activo"]}}]	12	1
1356	2026-03-19 19:35:16.622526+00	185	Panel Solar 6W TY-106-01 S: X003YVFVTN	2	[{"added": {"name": "product image", "object": "Image for Panel Solar 6W TY-106-01 S: X003YVFVTN"}}, {"added": {"name": "product image", "object": "Image for Panel Solar 6W TY-106-01 S: X003YVFVTN"}}, {"added": {"name": "product image", "object": "Image for Panel Solar 6W TY-106-01 S: X003YVFVTN"}}]	12	1
1357	2026-03-19 19:36:22.31322+00	185	Panel Solar 6W para camara de seguridad - Resistente al agua	2	[{"changed": {"fields": ["Name", "Sale price", "Discount"]}}]	12	1
1358	2026-03-19 19:36:45.655592+00	185	Panel Solar 6W para camara de seguridad - Resistente al agua	2	[{"changed": {"fields": ["Stock"]}}]	12	1
1359	2026-03-19 19:37:30.225531+00	24	Amazon Fire TV Stick - 2 gen	2	[{"changed": {"fields": ["Discount"]}}]	12	1
1360	2026-03-19 19:37:40.338442+00	24	Amazon Fire TV Stick - 2 gen	2	[{"changed": {"fields": ["Discount"]}}]	12	1
1361	2026-03-19 19:38:33.543136+00	77	Audifonos inalambricos Tozo E2	2	[{"changed": {"fields": ["Stock"]}}]	12	1
1362	2026-03-19 19:38:40.101153+00	18	Audifonos inalambricos Tozo A1	2	[{"changed": {"fields": ["Stock"]}}]	12	1
1363	2026-03-19 19:39:53.479832+00	199	SSD Patriot 512GB	2	[{"changed": {"fields": ["Activo"]}}]	12	1
1364	2026-03-19 19:40:53.040463+00	148	Power Bank Xiaomi 20.000mah - 30w	2	[{"changed": {"fields": ["Discount"]}}]	12	1
1365	2026-03-19 19:41:10.422405+00	51	Altavoz Bluetooth portátil Tazata - BOOMBLAST	2	[{"changed": {"fields": ["Discount"]}}]	12	1
1366	2026-03-24 22:29:01.495508+00	77	Stock Entry for Cable USB C - Lightning - 4	1	[{"added": {}}]	15	1
1367	2026-03-24 22:29:16.028749+00	109	Cable USB C - Lightning	2	[{"changed": {"fields": ["Discount"]}}]	12	1
1368	2026-03-26 02:11:40.488228+00	222	Cargador celular de carro USB	1	[{"added": {}}]	12	1
1369	2026-03-26 23:46:57.98602+00	35	R36S - Consola Retro	2	[{"changed": {"fields": ["Discount"]}}]	12	1
1370	2026-03-27 14:39:48.805139+00	190	Mouse inalámbrico Tecknet	2	[{"changed": {"fields": ["Sale price", "Stock"]}}]	12	1
1371	2026-03-27 14:52:37.291856+00	190	Mouse inalámbrico Tecknet	2	[{"changed": {"name": "product image", "object": "Image for Mouse inal\\u00e1mbrico Tecknet", "fields": ["Image"]}}]	12	1
1372	2026-03-27 16:01:35.204754+00	223	Cámaras de seguridad wifi TP-Link Tapo C100	1	[{"added": {}}, {"added": {"name": "product image", "object": "Image for C\\u00e1maras de seguridad wifi TP-Link Tapo C100"}}]	12	1
1373	2026-03-27 16:02:02.056365+00	223	Cámaras de seguridad wifi TP-Link Tapo C100	2	[{"changed": {"fields": ["Description"]}}]	12	1
1374	2026-03-27 16:05:55.072648+00	224	Cámaras de seguridad wifi TP-Link Tapo C103 Int/Ext	1	[{"added": {}}, {"added": {"name": "product image", "object": "Image for C\\u00e1maras de seguridad wifi TP-Link Tapo C103 Int/Ext"}}]	12	1
1375	2026-03-27 16:09:14.77855+00	78	Stock Entry for Camara wifi de uso exterior 2k Tapo C206 - 3	1	[{"added": {}}]	15	1
1376	2026-03-27 16:11:09.919948+00	79	Stock Entry for Camara inalambrica Alaga - Wifi para Interiores - 5	1	[{"added": {}}]	15	1
1377	2026-03-28 16:12:45.398765+00	35	R36S - Consola Retro	2	[{"changed": {"fields": ["Stock"]}}]	12	1
1378	2026-03-28 20:04:10.23506+00	21	Bombillo Wifi inteligente compatible con Google - Alexa	2	[{"changed": {"fields": ["Discount"]}}]	12	1
1379	2026-03-28 20:04:42.425075+00	121	Mantenimiento de PC - Completo	2	[{"changed": {"fields": ["Sale price"]}}]	12	1
1380	2026-03-28 20:05:07.594597+00	121	Mantenimiento de PC - Completo	2	[{"changed": {"fields": ["Sale price"]}}]	12	1
1381	2026-03-28 20:15:05.701122+00	225	Mantenimiento de PC - Completo, diagnostico y reparacion	1	[{"added": {}}]	12	1
1382	2026-03-30 15:23:53.390552+00	226	Kasa - Timbre con Cámara de Video	1	[{"added": {}}]	12	1
1383	2026-03-30 15:24:56.547258+00	227	Tapo - Timbre con Cámara de Video	1	[{"added": {}}]	12	1
1384	2026-03-30 15:25:28.557411+00	228	Generico - Timbre con Cámara de Video	1	[{"added": {}}]	12	1
1385	2026-03-30 15:27:09.305329+00	8	Camara wifi de uso exterior 2k Tapo C310	2	[{"changed": {"name": "product image", "object": "Image for Camara wifi de uso exterior 2k Tapo C310", "fields": ["Image"]}}]	12	1
1386	2026-03-30 22:25:55.740145+00	18	Audifonos inalambricos Tozo A1	2	[{"changed": {"fields": ["Destacado"]}}]	12	1
1387	2026-03-30 22:26:11.074007+00	38	Trimui Smart Pro - Consola Retro	2	[{"changed": {"fields": ["Destacado"]}}]	12	1
1388	2026-03-30 22:26:41.608386+00	203	Xiaomi Smart Band 9 Pro - Plata	2	[{"changed": {"fields": ["Destacado"]}}]	12	1
1389	2026-03-30 22:26:41.610349+00	175	Xiaomi Smart Band 9 Pro - Rosa	2	[{"changed": {"fields": ["Destacado"]}}]	12	1
1390	2026-03-30 22:26:41.611628+00	147	Xiaomi Smart Band 9 Active	2	[{"changed": {"fields": ["Destacado"]}}]	12	1
1391	2026-03-31 19:03:33.958572+00	94	Camara inalambrica Alaga - Wifi para Interiores	2	[{"changed": {"fields": ["Discount"]}}]	12	1
1392	2026-04-02 17:27:23.158736+00	94	Camara inalambrica Alaga - Wifi para Interiores	2	[{"changed": {"fields": ["Purchase price"]}}]	12	1
1393	2026-04-04 14:27:23.901347+00	183	Cargador 20w + Cable USB C	2	[{"changed": {"fields": ["Discount"]}}]	12	1
1394	2026-04-06 15:05:07.212997+00	229	Nintendo DS Lite Usada	1	[{"added": {}}]	12	1
1395	2026-04-08 19:47:17.754863+00	230	Camara Javiscam Mini	1	[{"added": {}}]	12	1
1396	2026-04-09 15:04:40.337899+00	230	Camara Javiscam Mini	2	[{"changed": {"fields": ["Purchase price"]}}]	12	1
1397	2026-04-09 15:05:30.457044+00	228	Generico - Timbre con Cámara de Video	2	[{"changed": {"fields": ["Stock"]}}]	12	1
1398	2026-04-09 15:06:29.459457+00	226	Kasa - Timbre con Cámara de Video	2	[{"changed": {"fields": ["Stock"]}}]	12	1
1399	2026-04-09 21:36:59.053677+00	80	Stock Entry for Reloj SKMEI 1426 - 6	1	[{"added": {}}]	15	1
1400	2026-04-09 21:41:53.717334+00	70	Reloj SKMEI 1123 - Multiples Colores	2	[{"changed": {"fields": ["Stock", "Discount"]}}]	12	1
1401	2026-04-09 21:45:45.795585+00	231	Reloj SKMEI 1134	1	[{"added": {}}, {"added": {"name": "product image", "object": "Image for Reloj SKMEI 1134"}}]	12	1
1402	2026-04-09 21:47:10.751804+00	232	Reloj SKMEI 1845	1	[{"added": {}}, {"added": {"name": "product image", "object": "Image for Reloj SKMEI 1845"}}]	12	1
1403	2026-04-09 21:48:26.463148+00	233	Reloj SKMEI 2355	1	[{"added": {}}, {"added": {"name": "product image", "object": "Image for Reloj SKMEI 2355"}}]	12	1
1404	2026-04-09 21:50:05.453153+00	234	Reloj SKMEI 2091	1	[{"added": {}}, {"added": {"name": "product image", "object": "Image for Reloj SKMEI 2091"}}, {"added": {"name": "product image", "object": "Image for Reloj SKMEI 2091"}}]	12	1
1405	2026-04-09 21:51:05.263975+00	235	Reloj SKMEI 2351	1	[{"added": {}}, {"added": {"name": "product image", "object": "Image for Reloj SKMEI 2351"}}]	12	1
1406	2026-04-10 14:28:39.296341+00	81	Stock Entry for Smartwatch - Reloj Haylou Solar Ultra - 2	1	[{"added": {}}]	15	1
1407	2026-04-10 14:29:27.553041+00	82	Stock Entry for Smartwatch - Reloj Haylou Solar Neo - 2	1	[{"added": {}}]	15	1
1408	2026-04-10 14:40:44.390741+00	236	Reloj Invicta Pro diver 40mm	1	[{"added": {}}, {"added": {"name": "product image", "object": "Image for Reloj Invicta Pro diver 40mm"}}]	12	1
1409	2026-04-10 14:44:22.34109+00	237	Timex Expedition Scout 40mm	1	[{"added": {}}, {"added": {"name": "product image", "object": "Image for Timex Expedition Scout 40mm"}}]	12	1
1410	2026-04-10 14:48:35.218984+00	238	Reloj Casio AE-1500WHX-3AV	1	[{"added": {}}, {"added": {"name": "product image", "object": "Image for Reloj Casio AE-1500WHX-3AV"}}]	12	1
1411	2026-04-10 14:48:55.956654+00	238	Reloj Casio AE-1500WHX-3AV	2	[{"changed": {"fields": ["Stock", "Discount"]}}]	12	1
1412	2026-04-10 14:49:15.849865+00	238	Reloj Casio AE-1500WHX-3AV	2	[{"changed": {"fields": ["Discount"]}}]	12	1
1413	2026-04-10 14:55:20.208246+00	239	Reloj Invicta Pro diver 37.5mm	1	[{"added": {}}, {"added": {"name": "product image", "object": "Image for Reloj Invicta Pro diver 37.5mm"}}]	12	1
1414	2026-04-10 15:02:52.603122+00	31	Certificado Xbox	1	[{"added": {}}]	11	1
1415	2026-04-10 15:03:39.66318+00	240	Control GameSir G7 HE Cableado	1	[{"added": {}}, {"added": {"name": "product image", "object": "Image for Control GameSir G7 HE Cableado"}}]	12	1
1416	2026-04-10 15:07:01.196242+00	241	Control GameSir X5 Lite	1	[{"added": {}}, {"added": {"name": "product image", "object": "Image for Control GameSir X5 Lite"}}]	12	1
1417	2026-04-10 15:09:25.658982+00	242	Cargador Ugreen 20W GaN I	1	[{"added": {}}, {"added": {"name": "product image", "object": "Image for Cargador Ugreen 20W GaN I"}}]	12	1
1418	2026-04-10 15:10:31.250361+00	83	Stock Entry for Cable USB C - USB C Ugreen 100W - 2	1	[{"added": {}}]	15	1
1419	2026-04-10 15:16:41.011543+00	243	Audifonos inalambricos Ugreen Clip	1	[{"added": {}}, {"added": {"name": "product image", "object": "Image for Audifonos inalambricos Ugreen Clip"}}]	12	1
1420	2026-04-10 15:17:32.003643+00	84	Stock Entry for Audifonos inalambricos Haylou AirFree - 1	1	[{"added": {}}]	15	1
1421	2026-04-10 15:18:14.639986+00	153	Audifonos inalambricos Haylou AirFree	2	[{"changed": {"fields": ["Sale price"]}}]	12	1
1422	2026-04-10 15:20:46.638616+00	244	Audifonos Headset Gamer YPBDAN  Inalambrico	1	[{"added": {}}, {"added": {"name": "product image", "object": "Image for Audifonos Headset Gamer YPBDAN  Inalambrico"}}]	12	1
1423	2026-04-10 15:21:24.212727+00	244	Audifonos Headset Gamer YPBDAN  Inalambrico	2	[{"changed": {"name": "product image", "object": "Image for Audifonos Headset Gamer YPBDAN  Inalambrico", "fields": ["Image"]}}]	12	1
1424	2026-04-10 15:23:05.909719+00	245	Audifonos inalambricos Lenovo LE302 Clip	1	[{"added": {}}, {"added": {"name": "product image", "object": "Image for Audifonos inalambricos Lenovo LE302 Clip"}}]	12	1
1425	2026-04-10 15:34:52.196419+00	246	Audifonos inalambricos Lenovo LE221	1	[{"added": {}}, {"added": {"name": "product image", "object": "Image for Audifonos inalambricos Lenovo LE221"}}]	12	1
1426	2026-04-10 15:35:41.490854+00	247	Audifonos inalambricos Lenovo EA110	1	[{"added": {}}, {"added": {"name": "product image", "object": "Image for Audifonos inalambricos Lenovo EA110"}}]	12	1
1427	2026-04-10 15:35:50.870086+00	246	Audifonos inalambricos Lenovo LE221	2	[{"changed": {"fields": ["Tags"]}}]	12	1
1428	2026-04-10 15:35:57.639132+00	247	Audifonos inalambricos Lenovo EA110	2	[{"changed": {"fields": ["Tags"]}}]	12	1
1429	2026-04-10 15:36:45.905815+00	248	Audifonos inalambricos Lenovo HT38	1	[{"added": {}}, {"added": {"name": "product image", "object": "Image for Audifonos inalambricos Lenovo HT38"}}]	12	1
1430	2026-04-10 15:37:29.463087+00	60	Audifonos Headset Gamer G06 inalambricos Bluetooth - 2.4Ghz	2	[{"changed": {"fields": ["Sale price"]}}]	12	1
1431	2026-04-10 15:38:57.182088+00	51	Altavoz Bluetooth portátil Tazata - BOOMBLAST	2	[{"changed": {"fields": ["Discount"]}}]	12	1
1432	2026-04-10 15:48:49.133068+00	249	Parlante Bluetooth resistente al agua 15w x2 Unidades	1	[{"added": {}}, {"added": {"name": "product image", "object": "Image for Parlante Bluetooth resistente al agua 15w x2 Unidades"}}]	12	1
1433	2026-04-10 15:52:05.347578+00	250	Parlante De escritorio Bluetooth	1	[{"added": {}}, {"added": {"name": "product image", "object": "Image for Parlante De escritorio Bluetooth"}}, {"added": {"name": "product image", "object": "Image for Parlante De escritorio Bluetooth"}}]	12	1
1434	2026-04-10 15:53:22.933335+00	251	Parlante De escritorio USB	1	[{"added": {}}, {"added": {"name": "product image", "object": "Image for Parlante De escritorio USB"}}]	12	1
1435	2026-04-10 15:54:13.541555+00	252	Parlante De escritorio USB	1	[{"added": {}}, {"added": {"name": "product image", "object": "Image for Parlante De escritorio USB"}}]	12	1
1436	2026-04-10 15:54:24.71954+00	251	Parlante De escritorio USB - RGB	2	[{"changed": {"fields": ["Name"]}}]	12	1
1437	2026-04-10 15:56:06.713588+00	253	Altavoz Bluetooth portátil Tazata - BOOMBLAST Pro	1	[{"added": {}}, {"added": {"name": "product image", "object": "Image for Altavoz Bluetooth port\\u00e1til Tazata - BOOMBLAST Pro"}}]	12	1
1438	2026-04-10 15:57:42.125823+00	253	Altavoz Bluetooth portátil Tazata - BOOMBLAST Pro	2	[{"changed": {"fields": ["Description"]}}]	12	1
1439	2026-04-10 15:59:22.693718+00	51	Altavoz Bluetooth portátil Tazata - BOOMBLAST	2	[]	12	1
1440	2026-04-10 16:01:39.355232+00	254	Mouse inalámbrico Tecknet Bluetooth	1	[{"added": {}}, {"added": {"name": "product image", "object": "Image for Mouse inal\\u00e1mbrico Tecknet Bluetooth"}}]	12	1
1441	2026-04-10 16:02:47.047456+00	255	Mouse inalámbrico Ergonómico	1	[{"added": {}}, {"added": {"name": "product image", "object": "Image for Mouse inal\\u00e1mbrico Ergon\\u00f3mico"}}]	12	1
1442	2026-04-10 16:04:14.790446+00	256	Apuntador para Diapositivas - PowerPoint	1	[{"added": {}}, {"added": {"name": "product image", "object": "Image for Apuntador para Diapositivas - PowerPoint"}}]	12	1
1443	2026-04-10 16:05:33.732767+00	85	Stock Entry for Proyector - Videobeam Android MagCubic 720p bluetooth - Wifi - 1	1	[{"added": {}}]	15	1
1444	2026-04-10 16:07:31.352544+00	257	Proyector - Videobeam Android 1080p bluetooth - Wifi	1	[{"added": {}}, {"added": {"name": "product image", "object": "Image for Proyector - Videobeam Android 1080p bluetooth - Wifi"}}]	12	1
1445	2026-04-10 16:09:31.876226+00	258	Proyector - Videobeam Android Lyncast 1080p bluetooth - Wifi	1	[{"added": {}}, {"added": {"name": "product image", "object": "Image for Proyector - Videobeam Android Lyncast 1080p bluetooth - Wifi"}}]	12	1
1446	2026-04-10 16:09:58.027905+00	257	Proyector - Videobeam Android GooDee 1080p bluetooth - Wifi	2	[{"changed": {"fields": ["Name"]}}]	12	1
1447	2026-04-10 20:25:44.962291+00	259	Cargador Generico 20W	1	[{"added": {}}, {"added": {"name": "product image", "object": "Image for Cargador Generico 20W"}}]	12	1
1448	2026-04-10 20:25:52.597021+00	259	Cargador Generico 20W	2	[{"changed": {"fields": ["Stock"]}}]	12	1
1449	2026-04-11 21:42:38.414917+00	260	Router IMOU AC1200 HR12F	1	[{"added": {}}]	12	1
1450	2026-04-11 21:47:47.980474+00	261	Router IMOU AC1200 HR12G	1	[{"added": {}}]	12	1
1451	2026-04-11 21:47:56.777656+00	260	Router IMOU AC1200 HR12F	2	[{"changed": {"fields": ["Activo"]}}]	12	1
1452	2026-04-11 21:48:35.337325+00	7	Camara wifi de uso exterior 1080p Tapo C500	2	[{"changed": {"fields": ["Stock"]}}]	12	1
1453	2026-04-11 21:49:04.080305+00	8	Camara wifi de uso exterior 2k Tapo C310	2	[{"changed": {"fields": ["Stock"]}}]	12	1
1454	2026-04-11 21:54:41.258763+00	262	MICROSD IMOU CLASE 10 256GB PARA VIDEOVIGILANCIA	1	[{"added": {}}]	12	1
1455	2026-04-11 21:57:30.141526+00	261	Router IMOU AC1200 HR12G	2	[{"changed": {"fields": ["Purchase price", "Sale price"]}}]	12	1
1456	2026-04-11 23:14:34.297873+00	63	Proyector - Videobeam Vizony Full HD nativo wifi - bluetooth	2	[{"changed": {"fields": ["Stock"]}}]	12	1
1457	2026-04-11 23:16:08.158533+00	260	Router IMOU AC1200 HR12F	2	[{"added": {"name": "product image", "object": "Image for Router IMOU AC1200 HR12F"}}]	12	1
1458	2026-04-11 23:17:20.927458+00	263	Router Tenda N300 F3	1	[{"added": {}}, {"added": {"name": "product image", "object": "Image for Router Tenda N300 F3"}}]	12	1
1459	2026-04-11 23:17:58.297565+00	260	Router IMOU AC1200 HR12F	2	[{"changed": {"fields": ["Description"]}}]	12	1
1460	2026-04-12 14:29:04.289782+00	178	Reloj Submariner Addiesdive H3	2	[{"changed": {"fields": ["Purchase price"]}}]	12	1
1461	2026-04-12 14:32:55.993853+00	72	Smartwatch - Reloj Haylou Solar Neo	2	[{"changed": {"fields": ["Purchase price"]}}]	12	1
1462	2026-04-12 14:34:27.176265+00	30	Ambernic RG40XX - Consola Retro	2	[{"changed": {"fields": ["Purchase price"]}}]	12	1
1463	2026-04-12 14:35:41.842552+00	35	R36S - Consola Retro	2	[{"changed": {"fields": ["Purchase price"]}}]	12	1
1464	2026-04-12 14:36:40.508499+00	9	Control de Videojuegos Gamesir Nova Lite	2	[{"changed": {"fields": ["Purchase price"]}}]	12	1
1465	2026-04-12 14:37:29.877346+00	33	Control de videojuegos Bluetooth D3 para Telefono Android y Iphone	2	[{"changed": {"fields": ["Purchase price"]}}]	12	1
1466	2026-04-12 14:54:46.761011+00	7	Camara wifi de uso exterior 1080p Tapo C500	2	[{"changed": {"fields": ["Purchase price"]}}]	12	1
1467	2026-04-12 14:57:30.533829+00	98	Onn Full HD TV Box con Android TV	2	[{"changed": {"fields": ["Purchase price"]}}]	12	1
1468	2026-04-12 14:57:43.820048+00	25	Onn 4k TV Box con Android TV	2	[{"changed": {"fields": ["Purchase price"]}}]	12	1
1469	2026-04-12 14:57:50.99293+00	25	Onn 4k TV Box con Android TV	2	[{"changed": {"fields": ["Purchase price"]}}]	12	1
1470	2026-04-12 14:58:45.538494+00	258	Proyector - Videobeam Android Lyncast 1080p bluetooth - Wifi	2	[{"changed": {"fields": ["Destacado"]}}]	12	1
1471	2026-04-12 14:58:45.540447+00	257	Proyector - Videobeam Android GooDee 1080p bluetooth - Wifi	2	[{"changed": {"fields": ["Destacado"]}}]	12	1
1472	2026-04-12 14:58:45.541814+00	87	Proyector - Videobeam Android MagCubic 720p bluetooth - Wifi	2	[{"changed": {"fields": ["Destacado"]}}]	12	1
1473	2026-04-12 14:58:45.543134+00	63	Proyector - Videobeam Vizony Full HD nativo wifi - bluetooth	2	[{"changed": {"fields": ["Destacado"]}}]	12	1
1474	2026-04-12 14:58:45.544363+00	205	Proyector - Videobeam Kogata Full HD Smart wifi - bluetooth	2	[{"changed": {"fields": ["Destacado"]}}]	12	1
1475	2026-04-12 14:59:17.035992+00	42	Proyector - Videobeam TMY 720p bluetooth - Telón	2	[{"changed": {"fields": ["Purchase price"]}}]	12	1
1476	2026-04-12 15:01:06.755293+00	64	Proyector - Videobeam DBPower Full HD nativo wifi - bluetooth - Maleta	2	[{"changed": {"fields": ["Purchase price"]}}]	12	1
1477	2026-04-12 15:01:35.564069+00	87	Proyector - Videobeam Android MagCubic 720p bluetooth - Wifi	2	[{"changed": {"fields": ["Purchase price"]}}]	12	1
1478	2026-04-12 15:02:07.782375+00	63	Proyector - Videobeam Vizony Full HD nativo wifi - bluetooth	2	[{"changed": {"fields": ["Purchase price", "Discount"]}}]	12	1
1479	2026-04-12 15:02:34.234702+00	62	Proyector - Videobeam Panseba 720p bluetooth - Telón	2	[{"changed": {"fields": ["Discount"]}}]	12	1
1480	2026-04-12 15:15:29.474925+00	167	Audifonos inalambricos Monster Open Ear AC336	2	[{"changed": {"fields": ["Purchase price"]}}]	12	1
1481	2026-04-12 15:15:42.874909+00	74	Audifonos inalambricos Monster Open Ear AC322	2	[{"changed": {"fields": ["Purchase price"]}}]	12	1
1482	2026-04-12 15:16:20.208836+00	153	Audifonos inalambricos Haylou AirFree	2	[{"changed": {"fields": ["Purchase price"]}}]	12	1
1483	2026-04-12 15:16:54.572408+00	75	Audifonos inalambricos Oraolo Open OE03	2	[{"changed": {"fields": ["Purchase price"]}}]	12	1
1484	2026-04-12 15:20:49.14348+00	154	Audifonos Headset Gamer U3 con Cable	2	[{"changed": {"fields": ["Name"]}}]	12	1
1485	2026-04-12 15:22:09.028455+00	93	Parlante Bluetooth Xleader resistente al agua	2	[{"changed": {"fields": ["Purchase price"]}}]	12	1
1486	2026-04-12 15:22:46.21213+00	51	Altavoz Bluetooth portátil Tazata - BOOMBLAST	2	[{"changed": {"fields": ["Purchase price"]}}]	12	1
1487	2026-04-12 15:23:27.105037+00	128	Parlante Bluetooth resistente al agua 40w	2	[{"changed": {"fields": ["Purchase price"]}}]	12	1
1488	2026-04-12 15:26:00.032982+00	122	Parlante Bluetooth resistente al agua - RGB	2	[{"changed": {"fields": ["Purchase price"]}}]	12	1
1489	2026-04-12 15:28:06.644577+00	215	Combo Teclado y Mouse Genius	2	[{"changed": {"fields": ["Destacado"]}}]	12	1
1490	2026-04-12 15:30:16.444148+00	370	1 x Tablet Amazon Kindle 7 pulg Usada in Quote 255	3		19	1
1491	2026-04-12 15:30:50.010655+00	206	Tablet Amazon Kindle 7 pulg Usada	3		12	1
1492	2026-04-13 22:13:46.260463+00	250	Parlante De escritorio Bluetooth	2	[{"changed": {"fields": ["Sale price"]}}]	12	1
1493	2026-04-13 22:14:55.131379+00	250	Parlante De escritorio Bluetooth R80	2	[{"changed": {"fields": ["Name"]}}, {"deleted": {"name": "product image", "object": "Image for Parlante De escritorio Bluetooth R80"}}]	12	1
1494	2026-04-13 22:16:35.652876+00	264	Parlante De escritorio Bluetooth R200	1	[{"added": {}}, {"added": {"name": "product image", "object": "Image for Parlante De escritorio Bluetooth R200"}}]	12	1
1495	2026-04-13 22:17:05.649828+00	59	Alexa - Echo Pop - Usada	2	[{"changed": {"fields": ["Name", "Sale price", "Stock"]}}]	12	1
1496	2026-04-13 22:17:22.765343+00	59	Alexa - Echo Pop - Openbox	2	[{"changed": {"fields": ["Name"]}}]	12	1
1497	2026-04-13 22:42:56.299099+00	141	Kit Dahua Dvr 8ch + 6 Cámaras 1080p + Accesorios	2	[{"changed": {"fields": ["Discount"]}}]	12	1
1498	2026-04-13 22:43:09.571238+00	139	Kit Dahua Dvr 8ch + 2 Cámaras 1080p + Accesorios	2	[{"changed": {"fields": ["Discount"]}}]	12	1
1499	2026-04-13 22:43:15.045927+00	140	kIT Dahua Dvr 8ch + 4 Cámaras 1080p + Accesorios	2	[{"changed": {"fields": ["Discount"]}}]	12	1
1500	2026-04-13 22:43:25.465795+00	142	Kit Dahua Dvr 8ch + 8 Cámaras 1080p + Accesorios	2	[{"changed": {"fields": ["Discount"]}}]	12	1
1501	2026-04-14 15:08:17.188653+00	86	Stock Entry for Reloj SKMEI 1637 - 2	1	[{"added": {}}]	15	1
1502	2026-04-14 15:08:42.034363+00	67	Reloj SKMEI 1637	2	[{"changed": {"fields": ["Purchase price", "Sale price"]}}]	12	1
1503	2026-04-14 15:11:12.553693+00	265	Huawei Watch GT6 Pro	1	[{"added": {}}]	12	1
1504	2026-04-14 15:46:40.304182+00	266	Lente Respuesto 3.6mm para Camara de seguridad	1	[{"added": {}}]	12	1
1505	2026-04-14 15:53:11.243834+00	267	Difusor Xeitin	1	[{"added": {}}]	12	1
1506	2026-04-14 15:53:58.563582+00	268	Aromely ARO Bliss	1	[{"added": {}}]	12	1
1507	2026-04-15 17:01:34.775716+00	269	Cable USB A - Micro USB	1	[{"added": {}}, {"added": {"name": "product image", "object": "Image for Cable USB A - Micro USB"}}]	12	1
1508	2026-04-15 17:03:06.391188+00	10	SOLID5	1	[{"added": {}}]	27	1
1509	2026-04-15 17:04:19.07643+00	270	Configuración Basica Celular	1	[{"added": {}}]	12	1
1510	2026-04-16 18:28:57.768549+00	244	Audifonos Headset Gamer YPBDAN  Inalambrico	2	[{"changed": {"fields": ["Purchase price", "Discount"]}}]	12	1
1511	2026-04-16 18:35:03.904761+00	271	Realme Watch 5	1	[{"added": {}}, {"added": {"name": "product image", "object": "Image for Realme Watch 5"}}]	12	1
1512	2026-04-16 21:27:45.718607+00	87	Stock Entry for Case - Caja para Disco Duro - 4	1	[{"added": {}}]	15	1
1513	2026-04-16 21:33:47.524589+00	88	Stock Entry for Onn 4k TV Box con Android TV - 3	1	[{"added": {}}]	15	1
1514	2026-04-16 21:34:06.587194+00	89	Stock Entry for Onn Full HD TV Box con Android TV - 4	1	[{"added": {}}]	15	1
1515	2026-04-16 23:27:34.446891+00	90	Stock Entry for Cargador Ugreen 30W GaN II - 3	1	[{"added": {}}]	15	1
1516	2026-04-16 23:28:00.120605+00	125	Cargador Ugreen 30W GaN II	2	[{"changed": {"fields": ["Purchase price"]}}]	12	1
1517	2026-04-16 23:28:18.949563+00	112	Cargador Ugreen 30W GaN II Nexode	2	[{"changed": {"fields": ["Purchase price"]}}]	12	1
1518	2026-04-18 19:59:58.323927+00	272	Equipamiento Análogo (XVR + 4 Cámaras )	1	[{"added": {}}]	12	1
1519	2026-04-18 20:01:40.56706+00	273	Instalación 5 Camaras (Cableado + Materiales + Accesorios)	1	[{"added": {}}]	12	1
1520	2026-04-18 20:03:05.993171+00	274	INSTALACION ELECTRICA + CABLE + TOMA	1	[{"added": {}}]	12	1
1521	2026-04-18 20:03:39.664424+00	275	CAJA DE SEGURIDAD	1	[{"added": {}}]	12	1
1522	2026-04-18 20:05:43.411184+00	276	INSTALACION CONFIGURACION DVR - NVR  Y APP MOVIL	1	[{"added": {}}]	12	1
1523	2026-04-18 20:08:06.815702+00	272	Equipamiento Análogo (XVR 4 CANALES + 4 Cámaras )	2	[{"changed": {"fields": ["Name"]}}]	12	1
1524	2026-04-18 20:09:17.176402+00	273	Instalación 5 Camaras (Cableado + Accesorios)	2	[{"changed": {"fields": ["Name"]}}]	12	1
1525	2026-04-18 20:13:46.065415+00	275	CAJA DE SEGURIDAD	2	[{"changed": {"fields": ["Sale price"]}}]	12	1
1526	2026-04-18 20:20:34.438708+00	273	Instalación 5 Camaras (Cableado + Accesorios)	2	[{"changed": {"fields": ["Sale price"]}}]	12	1
1527	2026-04-18 20:25:30.010416+00	272	Equipamiento Análogo (XVR 8 CANALES + 4 Cámaras )	2	[{"changed": {"fields": ["Name"]}}]	12	1
1528	2026-04-18 20:27:02.639325+00	273	INSTALACION 5 CAMARAS (CABLEADO + ACCESORIOS)	2	[{"changed": {"fields": ["Name"]}}]	12	1
1529	2026-04-18 20:27:30.315094+00	272	EQUIPO ANALOGO (XVR 8 CANALES + 4 Cámaras )	2	[{"changed": {"fields": ["Name"]}}]	12	1
1530	2026-04-18 20:27:43.079872+00	272	EQUIPO ANALOGO (XVR 8 CANALES + 4 CAMARAS)	2	[{"changed": {"fields": ["Name"]}}]	12	1
1531	2026-04-19 16:29:40.81762+00	166	CAMARA IP RANGER 2	2	[{"changed": {"fields": ["Sale price", "Stock"]}}]	12	1
1532	2026-04-19 16:33:30.840774+00	277	CAMARA UMOU IP BULLET 2E 3MP	1	[{"added": {}}]	12	1
1533	2026-04-19 16:33:57.689546+00	207	CAMARA IMOU RANGER 2 3MP/2K Interior	2	[{"changed": {"fields": ["Name", "Tags", "Stock"]}}]	12	1
1534	2026-04-19 16:35:08.895183+00	277	CAMARA IMOU IP BULLET 2E 3MP	2	[{"changed": {"fields": ["Name"]}}]	12	1
1535	2026-04-19 16:36:34.346963+00	166	CAMARA IP RANGER 2	2	[{"changed": {"fields": ["Stock"]}}]	12	1
1536	2026-04-19 16:43:07.015551+00	278	NVR IMOU WIFI 6 2.4GHZ/5GHZ 8 CANALES	1	[{"added": {}}]	12	1
1537	2026-04-19 16:43:45.055231+00	276	INSTALACION CONFIGURACION DVR Y APP MOVIL	2	[{"changed": {"fields": ["Name"]}}]	12	1
1538	2026-04-19 16:44:23.623217+00	279	INSTALACION CONFIGURACION NVR Y APP MOVIL	1	[{"added": {}}]	12	1
1539	2026-04-19 16:46:09.485769+00	280	DISCO DURO WD PURPLE 2TB	1	[{"added": {}}]	12	1
1540	2026-04-19 16:47:14.143645+00	207	CAMARA IMOU RANGER 2 3MP/2K Interior	2	[{"changed": {"fields": ["Sale price"]}}]	12	1
1541	2026-04-19 16:47:43.707042+00	280	DISCO DURO WD PURPLE 2TB	2	[{"changed": {"fields": ["Sale price"]}}]	12	1
1542	2026-04-19 16:49:12.167444+00	277	CAMARA IMOU IP BULLET 2E 3MP	2	[{"changed": {"fields": ["Sale price"]}}]	12	1
1543	2026-04-22 18:03:52.019907+00	91	Stock Entry for Memoria Micro SD PNY 64GB - 6	1	[{"added": {}}]	15	1
1544	2026-04-23 23:14:05.223156+00	5	SOLID15	2	[{"changed": {"fields": ["Total Usos"]}}]	27	1
1545	2026-04-25 16:50:27.264586+00	92	Stock Entry for Proyector - Videobeam Android MagCubic 720p bluetooth - Wifi - 2	1	[{"added": {}}]	15	1
1546	2026-04-25 16:51:07.208704+00	87	Proyector - Videobeam Android MagCubic 720p bluetooth - Wifi	2	[{"changed": {"fields": ["Stock"]}}]	12	1
1547	2026-04-25 23:10:43.357265+00	93	Stock Entry for Cámaras de seguridad wifi TP-Link Tapo C200 - 5	1	[{"added": {}}]	15	1
1548	2026-04-28 22:51:27.043543+00	278	NVR IMOU WIFI 6 2.4GHZ/5GHZ 10 CANALES	2	[{"changed": {"fields": ["Name", "Description", "Tags", "Purchase price", "Sale price", "Activo"]}}, {"added": {"name": "product image", "object": "Image for NVR IMOU WIFI 6 2.4GHZ/5GHZ 10 CANALES"}}]	12	1
1549	2026-04-28 22:51:49.500763+00	277	CAMARA IMOU IP BULLET 2E 3MP	2	[{"changed": {"fields": ["Stock", "Activo"]}}, {"added": {"name": "product image", "object": "Image for CAMARA IMOU IP BULLET 2E 3MP"}}]	12	1
1550	2026-04-28 22:54:35.012508+00	165	Camara IMOU CRUISER SC 3MP/2K Exterior	2	[{"changed": {"fields": ["Description", "Tags", "Purchase price", "Sale price", "Stock", "Activo"]}}, {"added": {"name": "product image", "object": "Image for Camara IMOU CRUISER SC 3MP/2K Exterior"}}]	12	1
1551	2026-04-28 22:57:05.697214+00	207	CAMARA IMOU RANGER 2 3MP/2K Interior	2	[{"changed": {"fields": ["Description", "Stock", "Activo"]}}, {"added": {"name": "product image", "object": "Image for CAMARA IMOU RANGER 2 3MP/2K Interior"}}]	12	1
1552	2026-04-28 22:58:25.493156+00	277	CAMARA IMOU IP BULLET 2E 3MP	2	[{"changed": {"fields": ["Sale price"]}}]	12	1
1553	2026-04-28 23:04:54.190956+00	281	Cámara Dahua Interior - Exterior Tipo Domo Smart Dual Light	1	[{"added": {}}, {"added": {"name": "product image", "object": "Image for C\\u00e1mara Dahua Interior - Exterior Tipo Domo Smart Dual Light"}}]	12	1
1554	2026-04-28 23:11:06.590277+00	281	Cámara Dahua Interior - Exterior Tipo Domo Smart Dual Light con micrófono	2	[{"changed": {"fields": ["Name"]}}]	12	1
1555	2026-04-28 23:13:49.351206+00	23	Monitores	1	[{"added": {}}]	14	1
1556	2026-04-28 23:14:37.314762+00	282	Monitor Portatil Ultra Slim USB C - HDMI	1	[{"added": {}}, {"added": {"name": "product image", "object": "Image for Monitor Portatil Ultra Slim USB C - HDMI"}}]	12	1
1557	2026-04-28 23:40:27.550374+00	283	Ventilador de Techo para socket-enchufe comun - control remoto	1	[{"added": {}}, {"added": {"name": "product image", "object": "Image for Ventilador de Techo para socket-enchufe comun - control remoto"}}]	12	1
1558	2026-04-28 23:47:17.088088+00	277	CAMARA IMOU IP BULLET 2E 3MP	2	[{"changed": {"fields": ["Description"]}}]	12	1
1559	2026-04-29 14:12:09.027863+00	277	CAMARA IMOU IP BULLET 2E 3MP	2	[]	12	1
1560	2026-04-29 14:12:31.17761+00	277	CAMARA IMOU IP BULLET 2E 3MP	2	[{"changed": {"fields": ["Destacado"]}}]	12	1
1561	2026-04-29 14:12:31.179714+00	260	Router IMOU AC1200 HR12F	2	[{"changed": {"fields": ["Destacado"]}}]	12	1
1562	2026-04-29 14:12:31.181088+00	207	CAMARA IMOU RANGER 2 3MP/2K Interior	2	[{"changed": {"fields": ["Destacado"]}}]	12	1
1563	2026-04-29 14:12:31.182477+00	165	Camara IMOU CRUISER SC 3MP/2K Exterior	2	[{"changed": {"fields": ["Destacado"]}}]	12	1
1564	2026-04-29 14:12:39.586209+00	282	Monitor Portatil Ultra Slim USB C - HDMI	2	[{"changed": {"fields": ["Destacado"]}}]	12	1
1565	2026-04-29 14:12:39.588143+00	271	Realme Watch 5	2	[{"changed": {"fields": ["Destacado"]}}]	12	1
1566	2026-04-30 16:46:30.628717+00	284	INSTALACION DE JUEGO EN PC	1	[{"added": {}}]	12	1
1567	2026-05-01 20:28:22.654831+00	46	Proyector - Videobeam Nisoo Full HD nativo - Wifi -Bluetooth	2	[{"changed": {"fields": ["Discount"]}}]	12	1
1568	2026-05-01 20:28:42.777924+00	46	Proyector - Videobeam Nisoo Full HD nativo - Wifi -Bluetooth	2	[{"changed": {"fields": ["Discount"]}}]	12	1
1569	2026-05-01 20:29:01.027591+00	46	Proyector - Videobeam Nisoo Full HD nativo - Wifi -Bluetooth	2	[{"changed": {"fields": ["Discount"]}}]	12	1
1570	2026-05-03 14:53:29.294901+00	24	Mouse	1	[{"added": {}}]	14	1
1571	2026-05-03 14:54:34.332577+00	285	Mouse Gamer Tecknet RGB	1	[{"added": {}}, {"added": {"name": "product image", "object": "Image for Mouse Gamer Tecknet RGB"}}]	12	1
1572	2026-05-03 14:54:50.909112+00	255	Mouse inalámbrico Ergonómico	2	[{"changed": {"fields": ["Subcategory"]}}]	12	1
1573	2026-05-03 14:55:00.231135+00	254	Mouse inalámbrico Tecknet Bluetooth	2	[{"changed": {"fields": ["Subcategory"]}}]	12	1
1574	2026-05-03 14:55:26.607504+00	194	MouseOficina Havit	2	[{"changed": {"fields": ["Subcategory"]}}]	12	1
1575	2026-05-03 14:55:34.495909+00	193	Mouse Gamer RGB Havit	2	[{"changed": {"fields": ["Subcategory"]}}]	12	1
1576	2026-05-03 14:55:41.485042+00	190	Mouse inalámbrico Tecknet	2	[{"changed": {"fields": ["Subcategory"]}}]	12	1
1577	2026-05-03 14:55:49.218121+00	170	Mouse Gamer RGB	2	[{"changed": {"fields": ["Subcategory"]}}]	12	1
1578	2026-05-03 14:56:01.97146+00	53	Mouse inalámbrico Bluetooth - Blanco	2	[{"changed": {"fields": ["Subcategory"]}}]	12	1
1579	2026-05-03 14:56:39.820238+00	25	Teclados	1	[{"added": {}}]	14	1
1580	2026-05-03 14:56:49.633515+00	196	Teclado Gamer Redragon	2	[{"changed": {"fields": ["Subcategory"]}}]	12	1
1581	2026-05-03 14:56:59.989277+00	195	Teclado Oficina Havit	2	[{"changed": {"fields": ["Subcategory"]}}]	12	1
1582	2026-05-03 15:06:20.878432+00	187	Impresora termica de etiquetas portatil Phomemo D30	2	[]	12	1
1583	2026-05-03 15:06:49.236092+00	26	Cargadores	1	[{"added": {}}]	14	1
1584	2026-05-03 15:06:52.930783+00	259	Cargador Generico 20W	2	[{"changed": {"fields": ["Subcategory"]}}]	12	1
1585	2026-05-03 15:07:19.767247+00	242	Cargador Ugreen 20W GaN I	2	[{"changed": {"fields": ["Subcategory"]}}]	12	1
1586	2026-05-03 15:07:27.959263+00	222	Cargador celular de carro USB	2	[{"changed": {"fields": ["Subcategory"]}}]	12	1
1587	2026-05-03 15:07:37.890224+00	183	Cargador 20w + Cable USB C	2	[{"changed": {"fields": ["Subcategory"]}}]	12	1
1588	2026-05-03 15:08:25.78157+00	149	Power Bank Xiaomi 10.000mah - 22.5w	2	[{"changed": {"fields": ["Subcategory"]}}]	12	1
1589	2026-05-03 15:08:32.478092+00	148	Power Bank Xiaomi 20.000mah - 30w	2	[{"changed": {"fields": ["Subcategory"]}}]	12	1
1590	2026-05-03 15:08:44.381377+00	125	Cargador Ugreen 30W GaN II	2	[{"changed": {"fields": ["Subcategory"]}}]	12	1
1591	2026-05-03 15:08:53.075764+00	113	Cargador Ugreen 45W	2	[{"changed": {"fields": ["Subcategory"]}}]	12	1
1592	2026-05-03 15:09:01.839478+00	112	Cargador Ugreen 30W GaN II Nexode	2	[{"changed": {"fields": ["Subcategory"]}}]	12	1
1593	2026-05-03 15:09:39.146782+00	26	Cargadores	2	[]	14	1
1594	2026-05-04 19:38:19.447125+00	250	Parlante De escritorio Bluetooth R80	2	[{"changed": {"fields": ["Sale price"]}}]	12	1
1595	2026-05-04 19:39:21.859107+00	169	Memoria Micro SD PNY 64GB	2	[{"changed": {"fields": ["Sale price"]}}]	12	1
1596	2026-05-04 19:39:56.009269+00	88	Memoria Micro SD Patriot 64GB	2	[{"changed": {"fields": ["Sale price"]}}]	12	1
1597	2026-05-04 19:42:05.453404+00	98	Onn Full HD TV Box con Android TV	2	[{"changed": {"fields": ["Sale price"]}}]	12	1
1598	2026-05-04 19:42:12.763773+00	25	Onn 4k TV Box con Android TV	2	[{"changed": {"fields": ["Sale price"]}}]	12	1
1599	2026-05-05 19:21:01.801894+00	286	Reloj SKMEI 1568	1	[{"added": {}}, {"added": {"name": "product image", "object": "Image for Reloj SKMEI 1568"}}]	12	1
1600	2026-05-06 17:26:25.422697+00	257	Proyector - Videobeam Android GooDee 1080p bluetooth - Wifi	2	[{"changed": {"name": "product image", "object": "Image for Proyector - Videobeam Android GooDee 1080p bluetooth - Wifi", "fields": ["Image"]}}]	12	1
1601	2026-05-06 17:26:41.104979+00	257	Proyector - Videobeam Android GooDee 1080p bluetooth - Wifi	2	[{"changed": {"fields": ["Discount"]}}]	12	1
1602	2026-05-06 17:26:51.1545+00	257	Proyector - Videobeam Android GooDee 1080p bluetooth - Wifi	2	[{"changed": {"fields": ["Discount"]}}]	12	1
1603	2026-05-06 22:04:26.328662+00	62	Proyector - Videobeam Panseba 720p bluetooth - Telón	2	[{"changed": {"fields": ["Sale price", "Discount"]}}]	12	1
1604	2026-05-07 14:13:22.855958+00	2	Drones	2	[{"changed": {"fields": ["Activo"]}}]	10	1
1605	2026-05-07 22:20:26.546097+00	94	Stock Entry for Onn Full HD TV Box con Android TV - 6	1	[{"added": {}}]	15	1
1606	2026-05-07 22:20:49.61233+00	98	Onn Full HD TV Box con Android TV	2	[{"changed": {"fields": ["Purchase price"]}}]	12	1
1607	2026-05-07 22:21:10.075697+00	25	Onn 4k TV Box con Android TV	2	[{"changed": {"fields": ["Purchase price"]}}]	12	1
1608	2026-05-09 12:36:06.217617+00	172	Pasta Termica Artic MX-4 4g	2	[{"changed": {"fields": ["Sale price"]}}]	12	1
1609	2026-05-10 15:55:40.566595+00	114	Proyector - Videobeam DBPower Full HD nativo Smart wifi - bluetooth - Maleta	2	[{"changed": {"fields": ["Stock"]}}]	12	1
1610	2026-05-10 15:55:55.949542+00	114	Proyector - Videobeam DBPower Full HD nativo Smart wifi - bluetooth - Maleta	2	[{"changed": {"fields": ["Stock"]}}]	12	1
1611	2026-05-10 15:56:18.060561+00	95	Stock Entry for Proyector - Videobeam DBPower Full HD nativo Smart wifi - bluetooth - Maleta - 2	1	[{"added": {}}]	15	1
1612	2026-05-10 15:56:28.394812+00	96	Stock Entry for Cámaras de seguridad wifi TP-Link Tapo C200 - 2	1	[{"added": {}}]	15	1
1613	2026-05-10 15:56:40.3385+00	97	Stock Entry for Cámaras de seguridad wifi Tapo C210 x2 Unid - 1	1	[{"added": {}}]	15	1
1614	2026-05-10 17:53:56.491868+00	87	Proyector - Videobeam Android MagCubic 720p bluetooth - Wifi	2	[{"changed": {"fields": ["Stock"]}}]	12	1
1615	2026-05-11 20:11:09.180072+00	118	Magis	2	[{"changed": {"fields": ["Sale price"]}}]	12	1
1616	2026-05-11 20:11:50.015266+00	270	Configuración Basica Celular	2	[{"changed": {"fields": ["Sale price"]}}]	12	1
1617	2026-05-13 14:49:25.243066+00	287	Memoria Micro SD Kingstore Go 128GB	1	[{"added": {}}]	12	1
1618	2026-05-13 14:50:07.134874+00	288	Memoria Micro SD Kingstore Go 64GB	1	[{"added": {}}]	12	1
1619	2026-05-13 14:50:52.860079+00	289	Memoria Micro SD Kingstore Go 256GB	1	[{"added": {}}]	12	1
1620	2026-05-13 14:53:18.184735+00	290	Memoria Micro SD Kingstore Select 128GB	1	[{"added": {}}]	12	1
1621	2026-05-13 14:53:44.42303+00	291	Memoria Micro SD Kingstore Select 64GB	1	[{"added": {}}]	12	1
1622	2026-05-13 14:54:40.285918+00	292	Memoria Micro SD Kingstore Select 256GB	1	[{"added": {}}]	12	1
1623	2026-05-13 14:56:47.286261+00	289	Memoria Micro SD Kingstone Go 256GB	2	[{"changed": {"fields": ["Name"]}}, {"added": {"name": "product image", "object": "Image for Memoria Micro SD Kingstone Go 256GB"}}]	12	1
1624	2026-05-13 14:57:54.344425+00	289	Memoria Micro SD Kingstone Go 256GB	2	[{"changed": {"fields": ["Stock"]}}]	12	1
1625	2026-05-13 14:58:43.237351+00	289	Memoria Micro SD Kingstone Go 256GB	2	[{"changed": {"fields": ["Tags"]}}]	12	1
1626	2026-05-13 14:59:37.521096+00	289	Memoria Micro SD Kingstone Go 256GB	2	[{"changed": {"name": "product image", "object": "Image for Memoria Micro SD Kingstone Go 256GB", "fields": ["Image"]}}]	12	1
1627	2026-05-13 15:00:43.312526+00	289	Memoria Micro SD Kingstone Go 256GB	2	[{"changed": {"fields": ["Category"]}}]	12	1
1628	2026-05-13 15:02:14.921237+00	288	Memoria Micro SD Kingstone Go 64GB	2	[{"changed": {"fields": ["Name"]}}, {"added": {"name": "product image", "object": "Image for Memoria Micro SD Kingstone Go 64GB"}}]	12	1
1629	2026-05-13 15:04:19.769235+00	292	Memoria Micro SD Kingstone Select 256GB	2	[{"changed": {"fields": ["Name"]}}, {"added": {"name": "product image", "object": "Image for Memoria Micro SD Kingstone Select 256GB"}}]	12	1
1630	2026-05-13 15:04:33.60869+00	291	Memoria Micro SD Kingstone Select 64GB	2	[{"changed": {"fields": ["Name"]}}, {"added": {"name": "product image", "object": "Image for Memoria Micro SD Kingstone Select 64GB"}}]	12	1
1631	2026-05-13 15:04:47.772861+00	290	Memoria Micro SD Kingstone Select 128GB	2	[{"changed": {"fields": ["Name"]}}, {"added": {"name": "product image", "object": "Image for Memoria Micro SD Kingstone Select 128GB"}}]	12	1
1632	2026-05-13 15:05:06.312146+00	287	Memoria Micro SD Kingstone Go 128GB	2	[{"changed": {"fields": ["Name"]}}, {"added": {"name": "product image", "object": "Image for Memoria Micro SD Kingstone Go 128GB"}}]	12	1
1633	2026-05-13 15:05:24.12644+00	292	Memoria Micro SD Kingstone Select 256GB	2	[{"changed": {"fields": ["Tags"]}}]	12	1
1634	2026-05-13 15:05:31.602527+00	291	Memoria Micro SD Kingstone Select 64GB	2	[{"changed": {"fields": ["Tags"]}}]	12	1
1635	2026-05-13 15:05:41.65756+00	290	Memoria Micro SD Kingstone Select 128GB	2	[{"changed": {"fields": ["Tags"]}}]	12	1
1636	2026-05-13 15:05:54.288902+00	288	Memoria Micro SD Kingstone Go 64GB	2	[{"changed": {"fields": ["Tags"]}}]	12	1
1637	2026-05-13 15:06:03.628679+00	287	Memoria Micro SD Kingstone Go 128GB	2	[{"changed": {"fields": ["Tags"]}}]	12	1
1638	2026-05-13 15:07:00.378355+00	98	Stock Entry for Cámaras de seguridad wifi Tapo C210 x2 Unid - 1	1	[{"added": {}}]	15	1
1639	2026-05-13 15:07:14.304522+00	99	Stock Entry for Proyector - Videobeam Android GooDee 1080p bluetooth - Wifi - 1	1	[{"added": {}}]	15	1
1640	2026-05-13 15:07:49.45826+00	100	Stock Entry for Proyector - Videobeam Android MagCubic 720p bluetooth - Wifi - 1	1	[{"added": {}}]	15	1
1641	2026-05-13 15:10:42.813027+00	101	Stock Entry for Audifonos inalambricos Monster N-Lite 203 - 2	1	[{"added": {}}]	15	1
1642	2026-05-13 16:22:16.619177+00	208	Camara Imou Cruiser Dual 2 8MPX	2	[{"changed": {"fields": ["Sale price", "Stock"]}}]	12	1
1643	2026-05-14 17:18:22.632111+00	63	Proyector - Videobeam Vizony Full HD nativo wifi - bluetooth	2	[{"changed": {"fields": ["Discount"]}}]	12	1
1644	2026-05-14 17:19:00.92674+00	127	Pantalla Selfie - Vlog	2	[{"changed": {"fields": ["Sale price", "Discount"]}}]	12	1
1645	2026-05-14 17:19:47.90757+00	65	Smartwatch - Reloj Haylou Solar 5	2	[{"changed": {"fields": ["Sale price", "Discount"]}}]	12	1
1646	2026-05-14 17:22:05.004706+00	11	SOLID35	1	[{"added": {}}]	27	1
1647	2026-05-14 23:21:28.150011+00	102	Stock Entry for Case - Funda protectora rigida - 1	1	[{"added": {}}]	15	1
1648	2026-05-16 17:10:23.869423+00	293	Reloj SKMEI 2126	1	[{"added": {}}]	12	1
1649	2026-05-20 15:45:10.472933+00	294	Reloj Casio AE-1500WH 1AVDF	1	[{"added": {}}, {"added": {"name": "product image", "object": "Image for Reloj Casio AE-1500WH 1AVDF"}}]	12	1
1650	2026-05-20 19:41:24.233879+00	190	Mouse inalámbrico Tecknet	2	[{"changed": {"fields": ["Sale price"]}}]	12	1
1651	2026-05-22 19:10:39.876231+00	258	Proyector - Videobeam Android Lyncast 1080p bluetooth - Wifi	2	[{"changed": {"fields": ["Purchase price", "Sale price", "Stock"]}}]	12	1
1652	2026-05-22 19:11:37.32974+00	103	Stock Entry for Proyector - Videobeam DBPower Full HD nativo Smart wifi - bluetooth - Maleta - 1	1	[{"added": {}}]	15	1
1653	2026-05-22 19:11:51.088322+00	114	Proyector - Videobeam DBPower Full HD nativo Smart wifi - bluetooth - Maleta	2	[{"changed": {"fields": ["Purchase price"]}}]	12	1
1654	2026-05-28 02:14:30.363821+00	104	Stock Entry for Proyector - Videobeam DBPower Full HD nativo wifi - bluetooth - Maleta - 2	1	[{"added": {}}]	15	1
1655	2026-05-28 21:55:45.209087+00	105	Stock Entry for Proyector - Videobeam DBPower Full HD nativo Smart wifi - bluetooth - Maleta - 1	1	[{"added": {}}]	15	1
1656	2026-05-29 15:50:12.989676+00	12	SOLID20	1	[{"added": {}}]	27	1
1657	2026-05-29 19:05:12.040543+00	188	Tivo 4k TV Box con Android TV	2	[{"changed": {"fields": ["Stock"]}}]	12	1
1658	2026-05-29 19:06:37.139134+00	106	Stock Entry for Cable USB C - Lightning - 3	1	[{"added": {}}]	15	1
1659	2026-06-01 23:15:10.213843+00	107	Stock Entry for Camara Javiscam Mini - 1	1	[{"added": {}}]	15	1
1660	2026-06-04 19:05:20.516274+00	108	Stock Entry for Control GameSir X5 Lite - 2	1	[{"added": {}}]	15	1
1661	2026-06-06 18:37:04.859539+00	131	Kit Cámara CCTV Balun + Fuente + Bornera + Caja	2	[{"changed": {"fields": ["Sale price"]}}]	12	1
1662	2026-06-08 14:24:34.849367+00	257	Proyector - Videobeam Android GooDee 1080p bluetooth - Wifi	2	[{"changed": {"fields": ["Subcategory"]}}]	12	1
1663	2026-06-08 14:26:13.673805+00	109	Stock Entry for Smartwatch - Reloj Haylou Solar 5 - 1	1	[{"added": {}}]	15	1
1664	2026-06-08 14:26:45.167773+00	110	Stock Entry for Reloj SKMEI 1816 - 1	1	[{"added": {}}]	15	1
1665	2026-06-08 14:57:57.92131+00	295	Reloj Curren 8402 - Cronografo	1	[{"added": {}}, {"added": {"name": "product image", "object": "Image for Reloj Curren 8402 - Cronografo"}}]	12	1
1666	2026-06-08 15:00:00.848589+00	296	Reloj Naviforce NF8051	1	[{"added": {}}, {"added": {"name": "product image", "object": "Image for Reloj Naviforce NF8051"}}, {"added": {"name": "product image", "object": "Image for Reloj Naviforce NF8051"}}]	12	1
1667	2026-06-08 15:01:38.073965+00	297	Reloj Naviforce NF6101	1	[{"added": {}}, {"added": {"name": "product image", "object": "Image for Reloj Naviforce NF6101"}}, {"added": {"name": "product image", "object": "Image for Reloj Naviforce NF6101"}}, {"added": {"name": "product image", "object": "Image for Reloj Naviforce NF6101"}}]	12	1
1668	2026-06-08 15:04:47.417367+00	298	Huawei Smartwatch gt6 pro	1	[{"added": {}}, {"added": {"name": "product image", "object": "Image for Huawei Smartwatch gt6 pro"}}]	12	1
1669	2026-06-08 15:07:15.515681+00	299	Reloj Casio Marlin - Duro MDV106 - Diver	1	[{"added": {}}, {"added": {"name": "product image", "object": "Image for Reloj Casio Marlin - Duro MDV106 - Diver"}}]	12	1
1670	2026-06-08 15:10:28.259768+00	300	Reloj Invicta 46mm	1	[{"added": {}}, {"added": {"name": "product image", "object": "Image for Reloj Invicta 46mm"}}]	12	1
1671	2026-06-08 15:14:55.151302+00	301	Reloj Skmei Moon watch Caja de Resina	1	[{"added": {}}, {"added": {"name": "product image", "object": "Image for Reloj Skmei Moon watch Caja de Resina"}}]	12	1
1672	2026-06-08 15:23:35.010078+00	302	Cargador Samsung Original 25w	1	[{"added": {}}, {"added": {"name": "product image", "object": "Image for Cargador Samsung Original 25w"}}]	12	1
1673	2026-06-08 16:49:00.783668+00	303	Reloj Naviforce NF8049 42mm	1	[{"added": {}}, {"added": {"name": "product image", "object": "Image for Reloj Naviforce NF8049 42mm"}}]	12	1
1674	2026-06-08 16:51:58.850954+00	304	Reloj Naviforce NF8038	1	[{"added": {}}, {"added": {"name": "product image", "object": "Image for Reloj Naviforce NF8038"}}]	12	1
1675	2026-06-08 16:52:11.593506+00	303	Reloj Naviforce NF8049 42mm	2	[{"changed": {"fields": ["Description"]}}]	12	1
1676	2026-06-08 16:54:01.374659+00	305	Reloj Naviforce NF8070	1	[{"added": {}}, {"added": {"name": "product image", "object": "Image for Reloj Naviforce NF8070"}}]	12	1
1677	2026-06-08 20:39:17.996405+00	98	Onn Full HD TV Box con Android TV	2	[{"changed": {"fields": ["Purchase price"]}}]	12	1
1678	2026-06-08 20:39:43.574682+00	98	Onn Full HD TV Box con Android TV	2	[{"changed": {"fields": ["Purchase price"]}}]	12	1
1679	2026-06-08 22:40:43.547799+00	305	Reloj Naviforce NF8070	2	[{"changed": {"fields": ["Stock"]}}]	12	1
1680	2026-06-08 22:41:24.754436+00	297	Reloj Naviforce NF6101	2	[{"changed": {"fields": ["Stock"]}}]	12	1
1681	2026-06-08 22:44:44.466819+00	306	Reloj Curren 8442 - Cronografo Cuadrado	1	[{"added": {}}, {"added": {"name": "product image", "object": "Image for Reloj Curren 8442 - Cronografo Cuadrado"}}, {"added": {"name": "product image", "object": "Image for Reloj Curren 8442 - Cronografo Cuadrado"}}]	12	1
1682	2026-06-08 22:45:29.301002+00	305	Reloj Naviforce NF8070	2	[{"changed": {"fields": ["Sale price"]}}]	12	1
1683	2026-06-09 16:33:49.285749+00	307	Poco F7 12GB / 512GB	1	[{"added": {}}]	12	1
1684	2026-06-09 16:43:28.935109+00	307	Poco F7 12GB / 512GB	2	[{"added": {"name": "product image", "object": "Image for Poco F7 12GB / 512GB"}}]	12	1
1685	2026-06-09 16:44:15.918844+00	27	Teléfonos	1	[{"added": {}}]	14	1
1686	2026-06-09 16:44:33.502846+00	307	Poco F7 12GB / 512GB	2	[{"changed": {"fields": ["Subcategory"]}}]	12	1
1687	2026-06-09 16:50:33.276021+00	307	Poco F7 12GB / 512GB	2	[{"changed": {"fields": ["Purchase price"]}}]	12	1
1688	2026-06-09 22:46:02.929396+00	293	Reloj SKMEI 2126	2	[{"added": {"name": "product image", "object": "Image for Reloj SKMEI 2126"}}, {"added": {"name": "product image", "object": "Image for Reloj SKMEI 2126"}}]	12	1
1689	2026-06-09 22:49:10.670222+00	306	Reloj Curren 8442 - Cronografo Cuadrado	2	[{"changed": {"fields": ["Destacado"]}}]	12	1
1690	2026-06-09 22:49:10.67293+00	305	Reloj Naviforce NF8070	2	[{"changed": {"fields": ["Destacado"]}}]	12	1
1691	2026-06-09 22:49:10.674112+00	302	Cargador Samsung Original 25w	2	[{"changed": {"fields": ["Destacado"]}}]	12	1
1692	2026-06-09 22:49:10.675249+00	300	Reloj Invicta 46mm	2	[{"changed": {"fields": ["Destacado"]}}]	12	1
1693	2026-06-09 22:49:10.676389+00	299	Reloj Casio Marlin - Duro MDV106 - Diver	2	[{"changed": {"fields": ["Destacado"]}}]	12	1
1694	2026-06-09 22:49:10.677579+00	295	Reloj Curren 8402 - Cronografo	2	[{"changed": {"fields": ["Destacado"]}}]	12	1
1695	2026-06-09 22:49:10.678698+00	294	Reloj Casio AE-1500WH 1AVDF	2	[{"changed": {"fields": ["Destacado"]}}]	12	1
1696	2026-06-09 22:49:10.679879+00	283	Ventilador de Techo para socket-enchufe comun - control remoto	2	[{"changed": {"fields": ["Destacado"]}}]	12	1
1697	2026-06-09 22:49:10.68103+00	265	Huawei Watch GT6 Pro	2	[{"changed": {"fields": ["Destacado"]}}]	12	1
1698	2026-06-09 22:52:09.61781+00	114	Proyector - Videobeam DBPower Full HD nativo Smart wifi - bluetooth - Maleta	2	[{"changed": {"fields": ["Destacado"]}}]	12	1
1699	2026-06-09 22:52:09.619743+00	258	Proyector - Videobeam Android Lyncast 1080p bluetooth - Wifi	2	[{"changed": {"fields": ["Destacado"]}}]	12	1
1700	2026-06-09 22:52:09.621043+00	64	Proyector - Videobeam DBPower Full HD nativo wifi - bluetooth - Maleta	2	[{"changed": {"fields": ["Destacado"]}}]	12	1
1701	2026-06-09 22:52:43.363667+00	298	Huawei Smartwatch gt6 pro	2	[{"changed": {"fields": ["Destacado"]}}]	12	1
1702	2026-06-09 22:56:26.620133+00	308	Robot Aspiradora - Trapeadora Xiaomi X20 PRO	1	[{"added": {}}, {"added": {"name": "product image", "object": "Image for Robot Aspiradora - Trapeadora Xiaomi X20 PRO"}}]	12	1
1703	2026-06-09 22:57:05.986975+00	308	Robot Aspiradora - Trapeadora Xiaomi X20 PRO	2	[{"changed": {"fields": ["Destacado"]}}]	12	1
1704	2026-06-10 14:02:54.08598+00	85	Consola Anbernic RG406h	2	[{"changed": {"fields": ["Destacado"]}}]	12	1
1705	2026-06-10 14:47:21.961077+00	238	Reloj Casio AE-1500WHX-3AV	2	[{"changed": {"fields": ["Destacado"]}}]	12	1
1706	2026-06-10 14:52:37.881964+00	1	Xiaomi	1	[{"added": {}}]	28	1
1707	2026-06-10 14:52:50.368283+00	1	Xiaomi	1	[{"added": {}}]	29	1
1708	2026-06-10 14:52:52.815578+00	308	Robot Aspiradora - Trapeadora Xiaomi X20 PRO	2	[{"changed": {"fields": ["Brand", "Supplier"]}}]	12	1
1709	2026-06-10 15:02:50.150492+00	2	TAPO	1	[{"added": {}}]	28	1
1710	2026-06-10 15:02:55.069459+00	3	IMOU	1	[{"added": {}}]	28	1
1711	2026-06-10 15:03:01.379333+00	4	DAHUA	1	[{"added": {}}]	28	1
1712	2026-06-10 15:03:09.705943+00	5	Haylou	1	[{"added": {}}]	28	1
1713	2026-06-10 15:15:21.935734+00	6	TEST	1	[{"added": {}}]	28	1
1714	2026-06-10 15:21:32.497438+00	7	SKMEI	1	[{"added": {}}]	28	1
1715	2026-06-10 15:21:47.761425+00	8	GENERICO	1	[{"added": {}}]	28	1
1716	2026-06-10 15:21:52.898062+00	9	TENDA	1	[{"added": {}}]	28	1
1717	2026-06-10 15:21:58.011577+00	10	UGREEN	1	[{"added": {}}]	28	1
1718	2026-06-10 15:22:02.466783+00	11	MONSTER	1	[{"added": {}}]	28	1
1719	2026-06-10 15:22:07.494658+00	12	NUBWO	1	[{"added": {}}]	28	1
1720	2026-06-10 15:22:19.824168+00	13	LENOVO	1	[{"added": {}}]	28	1
1721	2026-06-10 15:22:27.086476+00	14	SANDISK	1	[{"added": {}}]	28	1
1722	2026-06-10 15:22:38.517875+00	15	WESTERN DIGITAL	1	[{"added": {}}]	28	1
1723	2026-06-10 15:22:47.517819+00	16	PATRIOT	1	[{"added": {}}]	28	1
1724	2026-06-10 15:22:50.42775+00	17	PNY	1	[{"added": {}}]	28	1
1725	2026-06-10 15:22:57.541983+00	18	KINGSTONE	1	[{"added": {}}]	28	1
1726	2026-06-10 15:23:09.334349+00	19	HILOOK	1	[{"added": {}}]	28	1
1727	2026-06-10 15:23:17.190693+00	20	NIIMBOT	1	[{"added": {}}]	28	1
1728	2026-06-10 15:23:21.115494+00	21	TEKNET	1	[{"added": {}}]	28	1
1729	2026-06-10 15:23:24.919925+00	22	HAVIT	1	[{"added": {}}]	28	1
1730	2026-06-10 15:23:29.341459+00	23	PASSAU	1	[{"added": {}}]	28	1
1731	2026-06-10 15:23:34.055327+00	24	TAZATA	1	[{"added": {}}]	28	1
1732	2026-06-10 15:23:44.167166+00	25	SOULION	1	[{"added": {}}]	28	1
1733	2026-06-10 15:23:50.316457+00	26	DBPOWER	1	[{"added": {}}]	28	1
1734	2026-06-10 15:23:53.616342+00	27	TMY	1	[{"added": {}}]	28	1
1735	2026-06-10 15:23:59.400316+00	28	VIZONY	1	[{"added": {}}]	28	1
1736	2026-06-10 15:24:03.538422+00	29	MAGCUBIC	1	[{"added": {}}]	28	1
1737	2026-06-10 15:24:06.413731+00	30	CASIO	1	[{"added": {}}]	28	1
1738	2026-06-10 15:24:09.732356+00	31	INVICTA	1	[{"added": {}}]	28	1
1739	2026-06-10 15:24:14.228719+00	32	ADDIESDIVE	1	[{"added": {}}]	28	1
1740	2026-06-10 15:24:17.186803+00	33	TIMEX	1	[{"added": {}}]	28	1
1741	2026-06-10 15:24:21.816074+00	34	NAVIFORCE	1	[{"added": {}}]	28	1
1742	2026-06-10 15:24:26.461914+00	35	REALME	1	[{"added": {}}]	28	1
1743	2026-06-10 15:24:29.942241+00	36	ONN	1	[{"added": {}}]	28	1
1744	2026-06-10 15:24:35.068584+00	37	AMAZON	1	[{"added": {}}]	28	1
1745	2026-06-10 15:24:41.898856+00	38	GAMESIR	1	[{"added": {}}]	28	1
1746	2026-06-10 15:24:46.419837+00	39	ANBERNIC	1	[{"added": {}}]	28	1
1747	2026-06-10 15:24:50.109037+00	40	SAMSUNG	1	[{"added": {}}]	28	1
1748	2026-06-10 15:24:55.084256+00	41	CURREN	1	[{"added": {}}]	28	1
1749	2026-06-10 15:25:28.517555+00	2	AMAZON	1	[{"added": {}}]	29	1
1750	2026-06-10 15:25:32.802097+00	3	TEMU	1	[{"added": {}}]	29	1
1751	2026-06-10 15:25:36.777252+00	4	ALIEXPRESS	1	[{"added": {}}]	29	1
1752	2026-06-10 15:25:53.151727+00	5	HOLAU	1	[{"added": {}}]	29	1
1753	2026-06-10 15:26:18.603474+00	6	MERCADOLIBRE	1	[{"added": {}}]	29	1
1754	2026-06-10 15:26:24.210481+00	7	GVS	1	[{"added": {}}]	29	1
1755	2026-06-10 15:26:27.58348+00	8	ALKOSTO	1	[{"added": {}}]	29	1
1756	2026-06-10 15:30:01.804948+00	306	Reloj Curren 8442 - Cronografo Cuadrado	2	[{"changed": {"fields": ["Brand", "Supplier"]}}]	12	1
1757	2026-06-10 15:30:20.511311+00	305	Reloj Naviforce NF8070	2	[{"changed": {"fields": ["Brand", "Supplier"]}}]	12	1
1758	2026-06-10 15:31:25.038603+00	304	Reloj Naviforce NF8038	2	[{"changed": {"fields": ["Brand", "Supplier"]}}]	12	1
1759	2026-06-10 15:31:40.246711+00	303	Reloj Naviforce NF8049 42mm	2	[{"changed": {"fields": ["Brand", "Supplier"]}}]	12	1
1760	2026-06-10 15:31:56.304584+00	301	Reloj Skmei Moon watch Caja de Resina	2	[{"changed": {"fields": ["Brand", "Supplier"]}}]	12	1
1761	2026-06-10 15:32:07.34044+00	300	Reloj Invicta 46mm	2	[{"changed": {"fields": ["Brand", "Supplier"]}}]	12	1
1762	2026-06-10 15:32:28.71501+00	299	Reloj Casio Marlin - Duro MDV106 - Diver	2	[{"changed": {"fields": ["Brand", "Supplier"]}}]	12	1
1763	2026-06-10 15:34:28.600062+00	42	HUAWEI	1	[{"added": {}}]	28	1
1764	2026-06-10 15:34:35.764966+00	10	HUAWEI	1	[{"added": {}}]	29	1
1765	2026-06-10 15:34:38.41269+00	298	Huawei Smartwatch gt6 pro	2	[{"changed": {"fields": ["Brand", "Supplier"]}}]	12	1
1766	2026-06-10 15:35:09.021511+00	297	Reloj Naviforce NF6101	2	[{"changed": {"fields": ["Brand", "Supplier"]}}]	12	1
1767	2026-06-10 15:35:24.457012+00	296	Reloj Naviforce NF8051	2	[{"changed": {"fields": ["Brand", "Supplier"]}}]	12	1
1768	2026-06-10 15:35:34.686888+00	295	Reloj Curren 8402 - Cronografo	2	[{"changed": {"fields": ["Brand", "Supplier"]}}]	12	1
1769	2026-06-10 15:35:43.546672+00	294	Reloj Casio AE-1500WH 1AVDF	2	[{"changed": {"fields": ["Brand", "Supplier"]}}]	12	1
1770	2026-06-10 15:35:55.527834+00	293	Reloj SKMEI 2126	2	[{"changed": {"fields": ["Brand", "Supplier"]}}]	12	1
1771	2026-06-10 15:36:09.592383+00	286	Reloj SKMEI 1568	2	[{"changed": {"fields": ["Brand", "Supplier"]}}]	12	1
1772	2026-06-10 15:36:21.744144+00	271	Realme Watch 5	2	[{"changed": {"fields": ["Brand", "Supplier"]}}]	12	1
1773	2026-06-10 15:36:35.738882+00	265	Huawei Watch GT6 Pro	2	[{"changed": {"fields": ["Brand", "Supplier"]}}]	12	1
1774	2026-06-10 15:36:48.172908+00	239	Reloj Invicta Pro diver 37.5mm	2	[{"changed": {"fields": ["Brand", "Supplier"]}}]	12	1
1775	2026-06-10 15:37:00.573345+00	238	Reloj Casio AE-1500WHX-3AV	2	[{"changed": {"fields": ["Brand", "Supplier"]}}]	12	1
1776	2026-06-10 15:37:52.399731+00	237	Timex Expedition Scout 40mm	2	[{"changed": {"fields": ["Brand", "Supplier"]}}]	12	1
1777	2026-06-10 15:38:06.346287+00	236	Reloj Invicta Pro diver 40mm	2	[{"changed": {"fields": ["Brand", "Supplier"]}}]	12	1
1778	2026-06-10 15:38:18.762595+00	235	Reloj SKMEI 2351	2	[{"changed": {"fields": ["Brand", "Supplier"]}}]	12	1
1779	2026-06-10 15:38:29.685177+00	234	Reloj SKMEI 2091	2	[{"changed": {"fields": ["Brand", "Supplier"]}}]	12	1
1780	2026-06-10 15:38:39.364898+00	233	Reloj SKMEI 2355	2	[{"changed": {"fields": ["Brand", "Supplier"]}}]	12	1
1781	2026-06-10 15:38:47.582041+00	232	Reloj SKMEI 1845	2	[{"changed": {"fields": ["Brand", "Supplier"]}}]	12	1
1782	2026-06-10 15:38:58.087812+00	231	Reloj SKMEI 1134	2	[{"changed": {"fields": ["Brand", "Supplier"]}}]	12	1
1783	2026-06-10 15:39:06.92038+00	204	Xiaomi Smart Band 9 - Plata - Rosa	2	[{"changed": {"fields": ["Brand", "Supplier"]}}]	12	1
1784	2026-06-10 15:39:15.034675+00	203	Xiaomi Smart Band 9 Pro - Plata	2	[{"changed": {"fields": ["Brand", "Supplier"]}}]	12	1
1785	2026-06-10 15:39:25.797599+00	184	Reloj SKMEI 1816	2	[{"changed": {"fields": ["Brand", "Supplier"]}}]	12	1
1786	2026-06-10 15:39:34.96698+00	178	Reloj Submariner Addiesdive H3	2	[{"changed": {"fields": ["Brand", "Supplier"]}}]	12	1
1787	2026-06-10 15:39:44.444122+00	177	Reloj Submariner Addiesdive AD2040	2	[{"changed": {"fields": ["Brand", "Supplier"]}}]	12	1
1788	2026-06-10 15:39:52.832458+00	175	Xiaomi Smart Band 9 Pro - Rosa	2	[{"changed": {"fields": ["Brand", "Supplier"]}}]	12	1
1789	2026-06-10 15:40:27.51723+00	43	PAGANI	1	[{"added": {}}]	28	1
1790	2026-06-10 15:40:30.84522+00	164	Pagani Design Daytona	2	[{"changed": {"fields": ["Brand", "Supplier"]}}]	12	1
1791	2026-06-10 15:40:40.139308+00	155	Smartwatch - Reloj Haylou Solar Ultra	2	[{"changed": {"fields": ["Brand", "Supplier"]}}]	12	1
1792	2026-06-10 15:40:49.184831+00	147	Xiaomi Smart Band 9 Active	2	[{"changed": {"fields": ["Brand", "Supplier"]}}]	12	1
1793	2026-06-10 15:41:07.518256+00	96	Reloj Iluoke Metalico	2	[{"changed": {"fields": ["Supplier"]}}]	12	1
1794	2026-06-10 15:41:20.050506+00	86	Reloj Casio MTP-VD01D	2	[{"changed": {"fields": ["Brand", "Supplier"]}}]	12	1
1795	2026-06-10 15:41:30.980468+00	84	Reloj Invicta Specialty	2	[{"changed": {"fields": ["Brand", "Supplier"]}}]	12	1
1796	2026-06-10 15:41:42.123771+00	83	Reloj Invicta Pro diver Automatico	2	[{"changed": {"fields": ["Brand", "Supplier"]}}]	12	1
1797	2026-06-10 15:41:51.281757+00	82	Reloj Submariner Addiesdive AD2089	2	[{"changed": {"fields": ["Brand", "Supplier"]}}]	12	1
1798	2026-06-10 15:42:03.201234+00	81	Reloj SKMEI 2505	2	[{"changed": {"fields": ["Brand", "Supplier"]}}]	12	1
1799	2026-06-10 15:42:12.287458+00	80	Reloj SKMEI 2264	2	[{"changed": {"fields": ["Brand", "Supplier"]}}]	12	1
1800	2026-06-10 15:42:21.380417+00	79	Reloj SKMEI 1389	2	[{"changed": {"fields": ["Brand", "Supplier"]}}]	12	1
1801	2026-06-10 15:42:29.359165+00	78	Reloj SKMEI 1335	2	[{"changed": {"fields": ["Brand", "Supplier"]}}]	12	1
1802	2026-06-10 15:42:40.188039+00	72	Smartwatch - Reloj Haylou Solar Neo	2	[{"changed": {"fields": ["Brand", "Supplier"]}}]	12	1
1803	2026-06-10 15:42:56.896607+00	71	Reloj SKMEI 1988	2	[{"changed": {"fields": ["Brand", "Supplier"]}}]	12	1
1804	2026-06-10 15:43:14.457835+00	70	Reloj SKMEI 1123 - Multiples Colores	2	[{"changed": {"fields": ["Brand", "Supplier"]}}]	12	1
1805	2026-06-10 15:43:24.767475+00	69	Reloj SKMEI 1426	2	[{"changed": {"fields": ["Brand", "Supplier"]}}]	12	1
1806	2026-06-10 15:43:36.252495+00	68	Reloj SKMEI 1628 | Azul - Negro	2	[{"changed": {"fields": ["Brand", "Supplier"]}}]	12	1
1807	2026-06-10 15:43:54.154225+00	67	Reloj SKMEI 1637	2	[{"changed": {"fields": ["Brand", "Supplier"]}}]	12	1
1808	2026-06-10 15:44:02.672412+00	66	Reloj SKMEI 1270 | Rojo - Negro	2	[{"changed": {"fields": ["Brand", "Supplier"]}}]	12	1
1809	2026-06-10 15:44:13.918158+00	65	Smartwatch - Reloj Haylou Solar 5	2	[{"changed": {"fields": ["Brand", "Supplier"]}}]	12	1
1810	2026-06-10 15:44:32.157645+00	44	COLMI	1	[{"added": {}}]	28	1
1811	2026-06-10 15:44:35.76756+00	47	Smartwatch - Reloj Colmi P81	2	[{"changed": {"fields": ["Brand", "Supplier"]}}]	12	1
1812	2026-06-10 15:44:44.018258+00	48	Smartwatch - Reloj Colmi P71	2	[{"changed": {"fields": ["Brand", "Supplier"]}}]	12	1
1813	2026-06-10 15:45:05.489744+00	241	Control GameSir X5 Lite	2	[{"changed": {"fields": ["Brand", "Supplier"]}}]	12	1
1814	2026-06-10 15:45:17.155761+00	240	Control GameSir G7 HE Cableado	2	[{"changed": {"fields": ["Brand", "Supplier"]}}]	12	1
1815	2026-06-10 15:45:43.494658+00	157	Control GameSir X5S	2	[{"changed": {"fields": ["Brand", "Supplier"]}}]	12	1
1816	2026-06-10 15:45:54.841153+00	117	Control Bluetooth V8	2	[{"changed": {"fields": ["Brand", "Supplier"]}}]	12	1
1817	2026-06-10 15:46:08.003797+00	116	Control de Videojuegos Bluetooth Voyee	2	[{"changed": {"fields": ["Supplier"]}}]	12	1
1818	2026-06-10 15:46:20.285514+00	85	Consola Anbernic RG406h	2	[{"changed": {"fields": ["Brand", "Supplier"]}}]	12	1
1819	2026-06-10 15:46:36.518477+00	50	Soporte para Celular - Control de Ps4	2	[{"changed": {"fields": ["Supplier"]}}]	12	1
1820	2026-06-10 15:46:42.19933+00	49	Soporte para Celular - Control de Xbox one	2	[{"changed": {"fields": ["Supplier"]}}]	12	1
1821	2026-06-10 15:46:48.844617+00	38	Trimui Smart Pro - Consola Retro	2	[{"changed": {"fields": ["Supplier"]}}]	12	1
1822	2026-06-10 15:46:58.288339+00	37	Retroid Pocket 5 128GB Color Morado	2	[{"changed": {"fields": ["Supplier"]}}]	12	1
1823	2026-06-10 15:47:15.067796+00	33	Control de videojuegos Bluetooth D3 para Telefono Android y Iphone	2	[{"changed": {"fields": ["Brand", "Supplier"]}}]	12	1
1824	2026-06-10 15:47:24.809766+00	32	Control MG25Z inalámbrico PC-Android-Switch-Iphone-TvBox	2	[{"changed": {"fields": ["Brand", "Supplier"]}}]	12	1
1825	2026-06-10 15:47:31.529011+00	31	Vortex F5 128GB - Consola Retro	2	[{"changed": {"fields": ["Supplier"]}}]	12	1
1826	2026-06-10 15:47:38.197548+00	30	Ambernic RG40XX - Consola Retro	2	[{"changed": {"fields": ["Brand", "Supplier"]}}]	12	1
1827	2026-06-10 15:47:53.725992+00	9	Control de Videojuegos Gamesir Nova Lite	2	[{"changed": {"fields": ["Brand", "Supplier"]}}]	12	1
1828	2026-06-10 15:47:59.604224+00	35	R36S - Consola Retro	2	[{"changed": {"fields": ["Supplier"]}}]	12	1
1829	2026-06-10 15:48:06.039005+00	36	Kinhank K36 - Consola Retro	2	[{"changed": {"fields": ["Supplier"]}}]	12	1
1830	2026-06-10 15:49:23.00824+00	281	Cámara Dahua Interior - Exterior Tipo Domo Smart Dual Light con micrófono	2	[{"changed": {"fields": ["Brand", "Supplier"]}}]	12	1
1831	2026-06-10 15:49:36.500716+00	278	NVR IMOU WIFI 6 2.4GHZ/5GHZ 10 CANALES	2	[{"changed": {"fields": ["Brand", "Supplier"]}}]	12	1
1832	2026-06-10 15:49:44.335644+00	277	CAMARA IMOU IP BULLET 2E 3MP	2	[{"changed": {"fields": ["Brand", "Supplier"]}}]	12	1
1833	2026-06-10 15:50:27.032506+00	263	Router Tenda N300 F3	2	[{"changed": {"fields": ["Brand", "Supplier"]}}]	12	1
1834	2026-06-10 15:50:35.975538+00	260	Router IMOU AC1200 HR12F	2	[{"changed": {"fields": ["Brand", "Supplier"]}}]	12	1
1835	2026-06-10 15:50:51.018036+00	45	JAVISCAM	1	[{"added": {}}]	28	1
1836	2026-06-10 15:50:54.208515+00	230	Camara Javiscam Mini	2	[{"changed": {"fields": ["Brand", "Supplier"]}}]	12	1
1837	2026-06-10 15:51:11.49878+00	224	Cámaras de seguridad wifi TP-Link Tapo C103 Int/Ext	2	[{"changed": {"fields": ["Brand", "Supplier"]}}]	12	1
1838	2026-06-10 15:51:20.830693+00	223	Cámaras de seguridad wifi TP-Link Tapo C100	2	[{"changed": {"fields": ["Brand", "Supplier"]}}]	12	1
1839	2026-06-10 15:51:28.613032+00	221	Camara wifi de uso exterior 2k Tapo C206	2	[{"changed": {"fields": ["Brand", "Supplier"]}}]	12	1
1840	2026-06-10 15:51:37.110713+00	207	CAMARA IMOU RANGER 2 3MP/2K Interior	2	[{"changed": {"fields": ["Brand", "Supplier"]}}]	12	1
1841	2026-06-10 15:53:57.306357+00	185	Panel Solar 6W para camara de seguridad - Resistente al agua	2	[{"changed": {"fields": ["Brand", "Supplier"]}}]	12	1
1842	2026-06-10 15:54:10.599145+00	165	Camara IMOU CRUISER SC 3MP/2K Exterior	2	[{"changed": {"fields": ["Brand", "Supplier"]}}]	12	1
1843	2026-06-10 15:54:18.519104+00	163	Camara wifi de uso exterior 2k Tapo C216	2	[{"changed": {"fields": ["Brand", "Supplier"]}}]	12	1
1844	2026-06-10 15:54:25.499843+00	162	Camara wifi de uso exterior de doble lente 2k Tapo C246D	2	[{"changed": {"fields": ["Brand", "Supplier"]}}]	12	1
1845	2026-06-10 15:54:51.434035+00	146	Cámara Dahua Interior Tipo Domo DH-HAC-T1A21N-U-0280B	2	[{"changed": {"fields": ["Brand", "Supplier"]}}]	12	1
1846	2026-06-10 15:54:59.959017+00	145	Cámara Dahua Exterior Tipo Bala DH-HAC-B1A21N-U-0360B	2	[{"changed": {"fields": ["Brand", "Supplier"]}}]	12	1
1847	2026-06-10 15:55:09.902506+00	144	Cámara Dahua Exterior Tipo Bala DH-HAC-B1A21N-U-0280B	2	[{"changed": {"fields": ["Brand", "Supplier"]}}]	12	1
1848	2026-06-10 15:55:19.429887+00	143	DVR Dahua de 8 Canales 1080p DH-XVR1B08-I-T	2	[{"changed": {"fields": ["Brand", "Supplier"]}}]	12	1
1849	2026-06-10 15:55:36.28656+00	142	Kit Dahua Dvr 8ch + 8 Cámaras 1080p + Accesorios	2	[{"changed": {"fields": ["Brand", "Supplier"]}}]	12	1
1850	2026-06-10 15:55:46.493497+00	141	Kit Dahua Dvr 8ch + 6 Cámaras 1080p + Accesorios	2	[{"changed": {"fields": ["Brand", "Supplier"]}}]	12	1
1851	2026-06-10 15:55:54.963534+00	140	kIT Dahua Dvr 8ch + 4 Cámaras 1080p + Accesorios	2	[{"changed": {"fields": ["Brand", "Supplier"]}}]	12	1
1852	2026-06-10 15:56:02.920706+00	139	Kit Dahua Dvr 8ch + 2 Cámaras 1080p + Accesorios	2	[{"changed": {"fields": ["Brand", "Supplier"]}}]	12	1
1853	2026-06-10 15:56:14.41593+00	129	Video Balum HD x 2 unidades	2	[{"changed": {"fields": ["Brand", "Supplier"]}}]	12	1
1854	2026-06-10 15:56:42.549653+00	11	HIKVISION	1	[{"added": {}}]	29	1
1855	2026-06-10 15:56:44.310513+00	108	Kit HILOOK Dvr 8ch + 2 Cámaras 1080p + Accesorios	2	[{"changed": {"fields": ["Brand", "Supplier"]}}]	12	1
1856	2026-06-10 15:56:54.531274+00	107	Kit HILOOK Dvr 8ch + 4 Cámaras 1080p + Accesorios	2	[{"changed": {"fields": ["Brand", "Supplier"]}}]	12	1
1857	2026-06-10 15:57:02.04141+00	106	Kit HILOOK Dvr 8ch + 6 Cámaras 1080p + Accesorios	2	[{"changed": {"fields": ["Brand", "Supplier"]}}]	12	1
1858	2026-06-10 15:57:09.305356+00	105	Kit HILOOK Dvr 8ch + 8 Cámaras 1080p + Accesorios	2	[{"changed": {"fields": ["Brand", "Supplier"]}}]	12	1
1859	2026-06-10 15:57:17.030798+00	101	DVR Hilook de 8 Canales 1080p 108G-F1	2	[{"changed": {"fields": ["Brand", "Supplier"]}}]	12	1
1860	2026-06-10 15:57:25.768827+00	100	Cámara Hilook Exterior Tipo Bala Thc-B120	2	[{"changed": {"fields": ["Brand", "Supplier"]}}]	12	1
1861	2026-06-10 15:57:36.091661+00	99	Cámara Hilook Interior Tipo Domo Thc-T120	2	[{"changed": {"fields": ["Brand", "Supplier"]}}]	12	1
1862	2026-06-10 15:57:55.334547+00	46	ALAGA	1	[{"added": {}}]	28	1
1863	2026-06-10 15:57:59.389868+00	94	Camara inalambrica Alaga - Wifi para Interiores	2	[{"changed": {"fields": ["Brand", "Supplier"]}}]	12	1
1864	2026-06-10 15:58:17.781627+00	12	Cámara wifi exteriores Tapo C402 con Panel solar	2	[{"changed": {"fields": ["Brand", "Supplier"]}}]	12	1
1865	2026-06-10 15:58:26.45418+00	11	Cámara wifi exteriores Tapo C402	2	[{"changed": {"fields": ["Brand", "Supplier"]}}]	12	1
1866	2026-06-10 15:58:37.288749+00	10	Cámara Wifi Tapo C425 QHD 2K S/N:Y249110004625	2	[{"changed": {"fields": ["Brand", "Supplier"]}}]	12	1
1867	2026-06-10 15:58:48.464596+00	8	Camara wifi de uso exterior 2k Tapo C310	2	[{"changed": {"fields": ["Brand", "Supplier"]}}]	12	1
1868	2026-06-10 15:58:56.357436+00	7	Camara wifi de uso exterior 1080p Tapo C500	2	[{"changed": {"fields": ["Brand", "Supplier"]}}]	12	1
1869	2026-06-10 15:59:42.374759+00	7	Camara wifi de uso exterior 1080p Tapo C500	2	[{"changed": {"fields": ["Stock"]}}]	12	1
1870	2026-06-10 16:00:07.452719+00	6	Cámaras de seguridad wifi Tapo C210 x2 Unid	2	[{"changed": {"fields": ["Brand", "Supplier"]}}]	12	1
1871	2026-06-10 16:00:20.316353+00	5	Cámaras de seguridad wifi TP-Link Tapo C200	2	[{"changed": {"fields": ["Brand", "Supplier"]}}]	12	1
1872	2026-06-10 16:02:21.647577+00	12	LOTES ONN	1	[{"added": {}}]	29	1
1873	2026-06-10 16:02:24.020117+00	188	Tivo 4k TV Box con Android TV	2	[{"changed": {"fields": ["Brand", "Supplier"]}}]	12	1
1874	2026-06-10 16:02:39.925429+00	188	Tivo 4k TV Box con Android TV	2	[{"changed": {"fields": ["Brand", "Supplier"]}}]	12	1
1875	2026-06-10 16:02:49.133889+00	98	Onn Full HD TV Box con Android TV	2	[{"changed": {"fields": ["Brand", "Supplier"]}}]	12	1
1876	2026-06-10 16:02:57.485803+00	25	Onn 4k TV Box con Android TV	2	[{"changed": {"fields": ["Brand", "Supplier"]}}]	12	1
1877	2026-06-10 16:03:06.283916+00	24	Amazon Fire TV Stick - 2 gen	2	[{"changed": {"fields": ["Brand", "Supplier"]}}]	12	1
1878	2026-06-10 16:03:20.269331+00	258	Proyector - Videobeam Android Lyncast 1080p bluetooth - Wifi	2	[{"changed": {"fields": ["Supplier"]}}]	12	1
1879	2026-06-10 16:03:48.321096+00	47	GOODEE	1	[{"added": {}}]	28	1
1880	2026-06-10 16:03:50.831704+00	257	Proyector - Videobeam Android GooDee 1080p bluetooth - Wifi	2	[{"changed": {"fields": ["Brand", "Supplier"]}}]	12	1
1881	2026-06-10 16:04:04.263287+00	48	KOGATA	1	[{"added": {}}]	28	1
1882	2026-06-10 16:04:08.588878+00	205	Proyector - Videobeam Kogata Full HD Smart wifi - bluetooth	2	[{"changed": {"fields": ["Brand", "Supplier"]}}]	12	1
1883	2026-06-10 16:04:18.512083+00	49	BIGASUO	1	[{"added": {}}]	28	1
1884	2026-06-10 16:04:23.071057+00	191	Proyector - VideoBeam Bigasuo Full HD nativo Wifi + Bluetooth + Maleta de viaje	2	[{"changed": {"fields": ["Brand", "Supplier"]}}]	12	1
1885	2026-06-10 16:04:43.564417+00	150	Proyector - Videobeam HY300ULTRA Smart wifi - bluetooth - Magis	2	[{"changed": {"fields": ["Brand", "Supplier"]}}]	12	1
1886	2026-06-10 16:04:52.422283+00	115	Proyector - Videobeam Mentech Smart wifi - bluetooth - Magis	2	[{"changed": {"fields": ["Supplier"]}}]	12	1
1887	2026-06-10 16:05:13.990459+00	114	Proyector - Videobeam DBPower Full HD nativo Smart wifi - bluetooth - Maleta	2	[{"changed": {"fields": ["Brand", "Supplier"]}}]	12	1
1888	2026-06-10 16:05:25.958781+00	90	Proyector - Videobeam 720p bluetooth	2	[{"changed": {"fields": ["Brand", "Supplier"]}}]	12	1
1889	2026-06-10 16:05:46.787165+00	50	HOMPOW	1	[{"added": {}}]	28	1
1890	2026-06-10 16:05:50.438846+00	89	Mini Proyector - Videobeam Hompow 720p bluetooth	2	[{"changed": {"fields": ["Brand", "Supplier"]}}]	12	1
1891	2026-06-10 16:06:01.120078+00	87	Proyector - Videobeam Android MagCubic 720p bluetooth - Wifi	2	[{"changed": {"fields": ["Brand", "Supplier"]}}]	12	1
1892	2026-06-10 16:06:10.278905+00	64	Proyector - Videobeam DBPower Full HD nativo wifi - bluetooth - Maleta	2	[{"changed": {"fields": ["Brand", "Supplier"]}}]	12	1
1893	2026-06-10 16:06:19.597151+00	63	Proyector - Videobeam Vizony Full HD nativo wifi - bluetooth	2	[{"changed": {"fields": ["Brand", "Supplier"]}}]	12	1
1894	2026-06-10 16:06:32.896735+00	51	PANSEBA	1	[{"added": {}}]	28	1
1895	2026-06-10 16:06:36.654937+00	62	Proyector - Videobeam Panseba 720p bluetooth - Telón	2	[{"changed": {"fields": ["Brand", "Supplier"]}}]	12	1
1896	2026-06-10 16:06:48.413455+00	58	Proyector - Videobeam TMY 1080p bluetooth - Wifi	2	[{"changed": {"fields": ["Brand", "Supplier"]}}]	12	1
1897	2026-06-10 16:07:35.735698+00	52	NIISO	1	[{"added": {}}]	28	1
1898	2026-06-10 16:07:38.551701+00	46	Proyector - Videobeam Nisoo Full HD nativo - Wifi -Bluetooth	2	[{"changed": {"fields": ["Brand", "Supplier"]}}]	12	1
1899	2026-06-10 16:07:49.214492+00	53	JOWLURK	1	[{"added": {}}]	28	1
1900	2026-06-10 16:07:52.933253+00	45	Proyector - Videobeam Jowlurk Full HD nativo - Wifi -Bluetooth	2	[{"changed": {"fields": ["Brand", "Supplier"]}}]	12	1
1901	2026-06-10 16:08:13.32357+00	44	Proyector - Videobeam Cibest Full HD nativo - Bluetooth	2	[{"changed": {"fields": ["Supplier"]}}]	12	1
1902	2026-06-10 16:08:26.350278+00	54	HAPPRUN	1	[{"added": {}}]	28	1
1903	2026-06-10 16:08:28.605999+00	43	Proyector - Videobeam Happrun Full HD nativo - Bluetooth	2	[{"changed": {"fields": ["Brand", "Supplier"]}}]	12	1
1904	2026-06-10 16:08:37.479171+00	55	CIBEST	1	[{"added": {}}]	28	1
1905	2026-06-10 16:08:39.487786+00	44	Proyector - Videobeam Cibest Full HD nativo - Bluetooth	2	[{"changed": {"fields": ["Brand"]}}]	12	1
1906	2026-06-10 16:08:47.683607+00	42	Proyector - Videobeam TMY 720p bluetooth - Telón	2	[{"changed": {"fields": ["Brand", "Supplier"]}}]	12	1
1907	2026-06-10 16:08:58.723193+00	41	Proyector - Videobeam 720p	2	[{"changed": {"fields": ["Brand", "Supplier"]}}]	12	1
1908	2026-06-10 16:09:06.890473+00	40	Proyector - Videobeam Vizony Full HD nativo wifi - bluetooth	2	[{"changed": {"fields": ["Brand", "Supplier"]}}]	12	1
1909	2026-06-10 16:09:18.401738+00	39	Proyector - VideoBeam HomPow Full HD nativo Bluetooth	2	[{"changed": {"fields": ["Brand", "Supplier"]}}]	12	1
1910	2026-06-10 16:10:20.872012+00	264	Parlante De escritorio Bluetooth R200	2	[{"changed": {"fields": ["Brand", "Supplier"]}}]	12	1
1911	2026-06-10 16:10:44.877038+00	253	Altavoz Bluetooth portátil Tazata - BOOMBLAST Pro	2	[{"changed": {"fields": ["Brand", "Supplier"]}}]	12	1
1912	2026-06-10 16:11:11.19234+00	252	Parlante De escritorio USB	2	[{"changed": {"fields": ["Brand", "Supplier"]}}]	12	1
1913	2026-06-10 16:11:22.352889+00	251	Parlante De escritorio USB - RGB	2	[{"changed": {"fields": ["Brand", "Supplier"]}}]	12	1
1914	2026-06-10 16:11:34.113132+00	250	Parlante De escritorio Bluetooth R80	2	[{"changed": {"fields": ["Brand", "Supplier"]}}]	12	1
1915	2026-06-10 16:12:01.374688+00	249	Parlante Bluetooth resistente al agua 15w x2 Unidades	2	[{"changed": {"fields": ["Brand", "Supplier"]}}]	12	1
1916	2026-06-10 16:12:22.221372+00	56	KMAG	1	[{"added": {}}]	28	1
1917	2026-06-10 16:12:25.764122+00	152	Parlante Bluetooth resistente al agua 80w - RGB	2	[{"changed": {"fields": ["Brand", "Supplier"]}}]	12	1
1918	2026-06-10 16:13:27.993367+00	128	Parlante Bluetooth resistente al agua 40w	2	[{"changed": {"fields": ["Brand", "Supplier"]}}]	12	1
1919	2026-06-10 16:13:54.828533+00	57	ROFALL	1	[{"added": {}}]	28	1
1920	2026-06-10 16:13:59.163239+00	122	Parlante Bluetooth resistente al agua - RGB	2	[{"changed": {"fields": ["Brand", "Supplier"]}}]	12	1
1921	2026-06-10 16:14:10.109808+00	58	XLEADER	1	[{"added": {}}]	28	1
1922	2026-06-10 16:14:14.168296+00	93	Parlante Bluetooth Xleader resistente al agua	2	[{"changed": {"fields": ["Brand", "Supplier"]}}]	12	1
1923	2026-06-10 16:14:23.869117+00	59	VANZON	1	[{"added": {}}]	28	1
1924	2026-06-10 16:14:27.743654+00	92	Parlante Bluetooth Vanzon resistente al agua	2	[{"changed": {"fields": ["Brand", "Supplier"]}}]	12	1
1925	2026-06-10 16:14:39.792857+00	59	Alexa - Echo Pop - Openbox	2	[{"changed": {"fields": ["Brand", "Supplier"]}}]	12	1
1926	2026-06-10 16:14:52.801333+00	51	Altavoz Bluetooth portátil Tazata - BOOMBLAST	2	[{"changed": {"fields": ["Brand", "Supplier"]}}]	12	1
1927	2026-06-10 16:15:16.159195+00	4	Parlante portatil - inalámbrico Lenovo	2	[{"changed": {"fields": ["Brand", "Supplier"]}}]	12	1
1928	2026-06-10 16:15:29.51881+00	1	Parlante Bluetooth resistente al agua	2	[{"changed": {"fields": ["Brand", "Supplier"]}}]	12	1
1929	2026-06-10 16:16:28.479001+00	248	Audifonos inalambricos Lenovo HT38	2	[{"changed": {"fields": ["Brand", "Supplier"]}}]	12	1
1930	2026-06-10 16:16:35.922131+00	247	Audifonos inalambricos Lenovo EA110	2	[{"changed": {"fields": ["Brand", "Supplier"]}}]	12	1
1931	2026-06-10 16:16:42.806455+00	246	Audifonos inalambricos Lenovo LE221	2	[{"changed": {"fields": ["Brand", "Supplier"]}}]	12	1
1932	2026-06-10 16:16:49.500354+00	245	Audifonos inalambricos Lenovo LE302 Clip	2	[{"changed": {"fields": ["Brand", "Supplier"]}}]	12	1
1933	2026-06-10 16:17:18.764179+00	60	YPBDAN	1	[{"added": {}}]	28	1
1934	2026-06-10 16:17:22.382346+00	244	Audifonos Headset Gamer YPBDAN  Inalambrico	2	[{"changed": {"fields": ["Brand", "Supplier"]}}]	12	1
1935	2026-06-10 16:17:36.160439+00	243	Audifonos inalambricos Ugreen Clip	2	[{"changed": {"fields": ["Brand", "Supplier"]}}]	12	1
1936	2026-06-10 16:17:53.560188+00	61	DOQAU	1	[{"added": {}}]	28	1
1937	2026-06-10 16:17:57.66526+00	192	Audifonos Headset inalambricos Bluetooth	2	[{"changed": {"fields": ["Brand", "Supplier"]}}]	12	1
1938	2026-06-10 16:18:18.324908+00	174	Audifonos Headset Gamer HG04L con Cable	2	[{"changed": {"fields": ["Brand", "Supplier"]}}]	12	1
1939	2026-06-10 16:18:26.169138+00	62	RORSOU	1	[{"added": {}}]	28	1
1940	2026-06-10 16:18:29.046906+00	173	Audifonos Headset RORSOU R10 con Cable	2	[{"changed": {"fields": ["Brand", "Supplier"]}}]	12	1
1941	2026-06-10 16:18:39.887111+00	168	Audifonos inalambricos Monster N-Lite 210	2	[{"changed": {"fields": ["Brand", "Supplier"]}}]	12	1
1942	2026-06-10 16:18:50.399675+00	167	Audifonos inalambricos Monster Open Ear AC336	2	[{"changed": {"fields": ["Brand", "Supplier"]}}]	12	1
1943	2026-06-10 16:19:11.798904+00	154	Audifonos Headset Gamer U3 con Cable	2	[{"changed": {"fields": ["Brand", "Supplier"]}}]	12	1
1944	2026-06-10 16:19:31.523887+00	153	Audifonos inalambricos Haylou AirFree	2	[{"changed": {"fields": ["Brand", "Supplier"]}}]	12	1
1945	2026-06-10 16:20:51.236877+00	63	TOZO	1	[{"added": {}}]	28	1
1946	2026-06-10 16:20:55.705702+00	77	Audifonos inalambricos Tozo E2	2	[{"changed": {"fields": ["Brand", "Supplier"]}}]	12	1
1947	2026-06-10 16:21:08.848481+00	76	Audifonos inalambricos Monster N-Lite 203	2	[{"changed": {"fields": ["Brand", "Supplier"]}}]	12	1
1948	2026-06-10 16:21:20.663012+00	64	ORAOLO	1	[{"added": {}}]	28	1
1949	2026-06-10 16:21:24.487708+00	75	Audifonos inalambricos Oraolo Open OE03	2	[{"changed": {"fields": ["Brand", "Supplier"]}}]	12	1
1950	2026-06-10 16:21:33.691073+00	74	Audifonos inalambricos Monster Open Ear AC322	2	[{"changed": {"fields": ["Brand", "Supplier"]}}]	12	1
1951	2026-06-10 16:21:51.483654+00	73	Audifonos inalambricos Tozo Open Ear-ring	2	[{"changed": {"fields": ["Brand", "Supplier"]}}]	12	1
1952	2026-06-10 16:22:02.737842+00	60	Audifonos Headset Gamer G06 inalambricos Bluetooth - 2.4Ghz	2	[{"changed": {"fields": ["Brand", "Supplier"]}}]	12	1
1953	2026-06-10 16:22:12.370043+00	18	Audifonos inalambricos Tozo A1	2	[{"changed": {"fields": ["Brand", "Supplier"]}}]	12	1
1954	2026-06-10 16:22:25.181216+00	65	REDMI	1	[{"added": {}}]	28	1
1955	2026-06-10 16:22:34.000436+00	3	Audifonos inalambricos Redmi Buds 6 Active	2	[{"changed": {"fields": ["Brand", "Supplier"]}}]	12	1
1956	2026-06-10 16:22:50.251288+00	2	Audifonos Headset Gamer G08 inalambricos Bluetooth - 2.4Ghz	2	[{"changed": {"fields": ["Brand", "Supplier"]}}]	12	1
1957	2026-06-10 16:23:05.826577+00	97	Airpods 3Gen AAA	2	[{"changed": {"fields": ["Brand", "Supplier"]}}]	12	1
1958	2026-06-10 16:23:25.367292+00	283	Ventilador de Techo para socket-enchufe comun - control remoto	2	[{"changed": {"fields": ["Brand", "Supplier"]}}]	12	1
1959	2026-06-10 16:23:34.275513+00	95	Ventilador de Techo para socket-enchufe comun - control remoto	2	[{"changed": {"fields": ["Brand", "Supplier"]}}]	12	1
1960	2026-06-10 16:23:56.672201+00	56	Interruptor inteligente wifi	2	[{"changed": {"fields": ["Brand", "Supplier"]}}]	12	1
1961	2026-06-10 16:24:28.12222+00	55	Sensor de puerta y ventana Wifi	2	[{"changed": {"fields": ["Brand", "Supplier"]}}]	12	1
1962	2026-06-10 16:24:50.471015+00	21	Bombillo Wifi inteligente compatible con Google - Alexa	2	[{"changed": {"fields": ["Supplier"]}}]	12	1
1963	2026-06-10 16:25:00.349462+00	20	Lampara Led solar	2	[{"changed": {"fields": ["Brand", "Supplier"]}}]	12	1
1964	2026-06-10 16:25:13.753149+00	17	Tapo P125 Enchufe Inteligente - version apple x 2 unid	2	[{"changed": {"fields": ["Brand", "Supplier"]}}]	12	1
1965	2026-06-10 16:25:20.836901+00	16	Tapo P115 Enchufe Inteligente y Monitor de energía x 1 unid	2	[{"changed": {"fields": ["Brand", "Supplier"]}}]	12	1
1966	2026-06-10 16:25:30.257773+00	15	Tp-Link P115 Enchufe Inteligente y Monitor de energia x 2 unidades	2	[{"changed": {"fields": ["Brand", "Supplier"]}}]	12	1
1967	2026-06-10 16:25:41.310762+00	14	Interruptor de Luz Smart Wifi Tapo S505 x 2 unidades	2	[{"changed": {"fields": ["Brand", "Supplier"]}}]	12	1
1968	2026-06-10 16:25:49.349991+00	13	Interruptor de Luz Smart Wifi Tapo S505	2	[{"changed": {"fields": ["Brand", "Supplier"]}}]	12	1
1969	2026-06-10 16:26:41.168756+00	21	TECKNET	2	[{"changed": {"fields": ["Name"]}}]	28	1
1970	2026-06-10 16:26:55.74696+00	285	Mouse Gamer Tecknet RGB	2	[{"changed": {"fields": ["Brand", "Supplier"]}}]	12	1
1971	2026-06-10 16:27:27.191721+00	66	KTC	1	[{"added": {}}]	28	1
1972	2026-06-10 16:27:32.807778+00	282	Monitor Portatil Ultra Slim USB C - HDMI	2	[{"changed": {"fields": ["Brand", "Supplier"]}}]	12	1
1973	2026-06-10 16:27:47.278672+00	256	Apuntador para Diapositivas - PowerPoint	2	[{"changed": {"fields": ["Brand", "Supplier"]}}]	12	1
1974	2026-06-10 16:28:13.919483+00	67	BNNWA	1	[{"added": {}}]	28	1
1975	2026-06-10 16:28:19.505417+00	255	Mouse inalámbrico Ergonómico	2	[{"changed": {"fields": ["Brand", "Supplier"]}}]	12	1
1976	2026-06-10 16:28:30.597695+00	254	Mouse inalámbrico Tecknet Bluetooth	2	[{"changed": {"fields": ["Brand", "Supplier"]}}]	12	1
1977	2026-06-10 16:28:44.180567+00	198	Wifi - Bluetooth USB 2.4G - 5G	2	[{"changed": {"fields": ["Brand", "Supplier"]}}]	12	1
1978	2026-06-10 16:28:55.275914+00	197	Combo Gamer	2	[{"changed": {"fields": ["Brand", "Supplier"]}}]	12	1
1979	2026-06-10 16:29:17.197973+00	68	REDRAGON	1	[{"added": {}}]	28	1
1980	2026-06-10 16:29:20.649535+00	196	Teclado Gamer Redragon	2	[{"changed": {"fields": ["Brand", "Supplier"]}}]	12	1
1981	2026-06-10 16:29:28.977081+00	195	Teclado Oficina Havit	2	[{"changed": {"fields": ["Brand", "Supplier"]}}]	12	1
1982	2026-06-10 16:29:36.51917+00	194	MouseOficina Havit	2	[{"changed": {"fields": ["Brand", "Supplier"]}}]	12	1
1983	2026-06-10 16:29:45.409265+00	193	Mouse Gamer RGB Havit	2	[{"changed": {"fields": ["Brand", "Supplier"]}}]	12	1
1984	2026-06-10 16:29:55.642495+00	190	Mouse inalámbrico Tecknet	2	[{"changed": {"fields": ["Brand", "Supplier"]}}]	12	1
1985	2026-06-10 16:30:04.288531+00	189	Bluetooth USB Ugreen	2	[{"changed": {"fields": ["Brand", "Supplier"]}}]	12	1
1986	2026-06-10 16:30:17.925169+00	69	PHOMEMO	1	[{"added": {}}]	28	1
1987	2026-06-10 16:30:21.317285+00	187	Impresora termica de etiquetas portatil Phomemo D30	2	[{"changed": {"fields": ["Brand", "Supplier"]}}]	12	1
1988	2026-06-10 16:30:32.62628+00	186	Impresora termica de etiquetas portatil Niimbot B1	2	[{"changed": {"fields": ["Brand", "Supplier"]}}]	12	1
1989	2026-06-10 16:30:52.115918+00	171	Wifi USB Tenda AX900	2	[{"changed": {"fields": ["Brand", "Supplier"]}}]	12	1
1990	2026-06-10 16:31:14.09475+00	170	Mouse Gamer RGB	2	[{"changed": {"fields": ["Brand", "Supplier"]}}]	12	1
1991	2026-06-10 16:31:25.828415+00	91	Impresora termica de etiquetas portatil Niimbot D110	2	[{"changed": {"fields": ["Brand", "Supplier"]}}]	12	1
1992	2026-06-10 16:31:39.22203+00	61	Impresora termica de etiquetas portatil	2	[{"changed": {"fields": ["Brand", "Supplier"]}}]	12	1
1993	2026-06-10 16:32:00.257328+00	54	Lector de Memorias USB 3.0	2	[{"changed": {"fields": ["Brand", "Supplier"]}}]	12	1
1994	2026-06-10 16:32:19.084316+00	53	Mouse inalámbrico Bluetooth - Blanco	2	[{"changed": {"fields": ["Brand", "Supplier"]}}]	12	1
1995	2026-06-10 16:32:39.216933+00	52	Impresora termica de recibos portatil	2	[{"changed": {"fields": ["Brand", "Supplier"]}}]	12	1
1996	2026-06-10 16:33:01.417273+00	307	Poco F7 12GB / 512GB	2	[{"changed": {"fields": ["Brand", "Supplier"]}}]	12	1
1997	2026-06-10 16:33:09.22767+00	302	Cargador Samsung Original 25w	2	[{"changed": {"fields": ["Brand", "Supplier"]}}]	12	1
1998	2026-06-10 16:33:38.994796+00	259	Cargador Generico 20W	2	[{"changed": {"fields": ["Brand", "Supplier"]}}]	12	1
1999	2026-06-10 16:33:47.28849+00	242	Cargador Ugreen 20W GaN I	2	[{"changed": {"fields": ["Brand", "Supplier"]}}]	12	1
2000	2026-06-10 16:33:57.983294+00	222	Cargador celular de carro USB	2	[{"changed": {"fields": ["Brand", "Supplier"]}}]	12	1
2001	2026-06-10 16:34:07.517266+00	183	Cargador 20w + Cable USB C	2	[{"changed": {"fields": ["Brand", "Supplier"]}}]	12	1
2002	2026-06-10 16:34:14.529673+00	182	Cable USB C - USB C Ugreen 100W	2	[{"changed": {"fields": ["Brand", "Supplier"]}}]	12	1
2003	2026-06-10 16:34:29.70565+00	149	Power Bank Xiaomi 10.000mah - 22.5w	2	[{"changed": {"fields": ["Brand", "Supplier"]}}]	12	1
2004	2026-06-10 16:34:35.609461+00	148	Power Bank Xiaomi 20.000mah - 30w	2	[{"changed": {"fields": ["Brand", "Supplier"]}}]	12	1
2005	2026-06-10 16:34:45.055168+00	127	Pantalla Selfie - Vlog	2	[{"changed": {"fields": ["Brand", "Supplier"]}}]	12	1
2006	2026-06-10 16:34:52.601393+00	125	Cargador Ugreen 30W GaN II	2	[{"changed": {"fields": ["Brand", "Supplier"]}}]	12	1
2007	2026-06-10 16:34:59.583487+00	113	Cargador Ugreen 45W	2	[{"changed": {"fields": ["Brand", "Supplier"]}}]	12	1
2008	2026-06-10 16:35:07.938555+00	112	Cargador Ugreen 30W GaN II Nexode	2	[{"changed": {"fields": ["Brand", "Supplier"]}}]	12	1
2009	2026-06-10 16:35:28.344179+00	292	Memoria Micro SD Kingstone Select 256GB	2	[{"changed": {"fields": ["Brand", "Supplier"]}}]	12	1
2010	2026-06-10 16:35:34.102432+00	291	Memoria Micro SD Kingstone Select 64GB	2	[{"changed": {"fields": ["Brand", "Supplier"]}}]	12	1
2011	2026-06-10 16:35:41.624028+00	290	Memoria Micro SD Kingstone Select 128GB	2	[{"changed": {"fields": ["Brand", "Supplier"]}}]	12	1
2012	2026-06-10 16:35:48.654136+00	289	Memoria Micro SD Kingstone Go 256GB	2	[{"changed": {"fields": ["Brand", "Supplier"]}}]	12	1
2013	2026-06-10 16:35:55.715781+00	288	Memoria Micro SD Kingstone Go 64GB	2	[{"changed": {"fields": ["Brand", "Supplier"]}}]	12	1
2014	2026-06-10 16:36:02.432413+00	287	Memoria Micro SD Kingstone Go 128GB	2	[{"changed": {"fields": ["Brand", "Supplier"]}}]	12	1
2015	2026-06-10 16:36:12.582504+00	176	Memoria USB PNY 32GB	2	[{"changed": {"fields": ["Brand", "Supplier"]}}]	12	1
2016	2026-06-10 16:36:24.596178+00	169	Memoria Micro SD PNY 64GB	2	[{"changed": {"fields": ["Brand", "Supplier"]}}]	12	1
2017	2026-06-10 16:36:44.494593+00	151	Memoria Micro SD WD 64GB	2	[{"changed": {"fields": ["Brand", "Supplier"]}}]	12	1
2018	2026-06-10 16:37:21.361027+00	126	Case - Caja para Disco Duro	2	[{"changed": {"fields": ["Brand", "Supplier"]}}]	12	1
2019	2026-06-10 16:37:32.567158+00	88	Memoria Micro SD Patriot 64GB	2	[{"changed": {"fields": ["Brand", "Supplier"]}}]	12	1
2020	2026-06-10 16:37:43.497403+00	29	Memoria Micro SD Sandisk 256GB	2	[{"changed": {"fields": ["Brand", "Supplier"]}}]	12	1
2021	2026-06-10 16:37:51.582114+00	28	Memoria Micro SD Sandisk 128GB	2	[{"changed": {"fields": ["Brand", "Supplier"]}}]	12	1
2022	2026-06-10 16:38:05.976715+00	27	Memoria Micro SD Sandisk 64GB	2	[{"changed": {"fields": ["Brand", "Supplier"]}}]	12	1
2023	2026-06-10 16:38:15.030154+00	26	SSD Patriot 256GB	2	[{"changed": {"fields": ["Brand", "Supplier"]}}]	12	1
2024	2026-06-10 16:38:35.299168+00	23	Drone S80 con camara y 2 baterias	2	[{"changed": {"fields": ["Brand", "Supplier"]}}]	12	1
2025	2026-06-10 16:38:40.368155+00	70	SYMA	1	[{"added": {}}]	28	1
2026	2026-06-10 16:38:45.50208+00	22	Drone Syma X200W con Camara	2	[{"changed": {"fields": ["Brand", "Supplier"]}}]	12	1
2027	2026-06-10 16:42:53.479472+00	178	Reloj Submariner Addiesdive H3	2	[{"changed": {"fields": ["Stock en Tr\\u00e1nsito"]}}]	30	1
2028	2026-06-10 16:45:05.214358+00	178	Reloj Submariner Addiesdive H3	2	[{"changed": {"fields": ["Purchase price", "Costo USD (Referencia)"]}}]	30	1
2029	2026-06-10 16:45:05.216274+00	177	Reloj Submariner Addiesdive AD2040	2	[{"changed": {"fields": ["Costo USD (Referencia)"]}}]	30	1
2030	2026-06-10 16:51:23.047781+00	164	Pagani Design Daytona	2	[{"changed": {"fields": ["Costo USD (Referencia)"]}}]	30	1
2031	2026-06-10 16:51:23.049815+00	300	Reloj Invicta 46mm	2	[{"changed": {"fields": ["Costo USD (Referencia)"]}}]	30	1
2032	2026-06-10 16:51:23.051041+00	239	Reloj Invicta Pro diver 37.5mm	2	[{"changed": {"fields": ["Costo USD (Referencia)"]}}]	30	1
2033	2026-06-10 16:51:23.052286+00	236	Reloj Invicta Pro diver 40mm	2	[{"changed": {"fields": ["Costo USD (Referencia)"]}}]	30	1
2034	2026-06-10 16:51:23.053522+00	84	Reloj Invicta Specialty	2	[{"changed": {"fields": ["Costo USD (Referencia)"]}}]	30	1
2035	2026-06-10 16:51:23.054675+00	305	Reloj Naviforce NF8070	2	[{"changed": {"fields": ["Purchase price"]}}]	30	1
2036	2026-06-10 16:51:23.05584+00	237	Timex Expedition Scout 40mm	2	[{"changed": {"fields": ["Costo USD (Referencia)"]}}]	30	1
2037	2026-06-10 21:14:36.114406+00	271	Realme Watch 5	2	[{"changed": {"fields": ["Costo USD (Referencia)"]}}]	30	1
2038	2026-06-10 21:14:36.116279+00	155	Smartwatch - Reloj Haylou Solar Ultra	2	[{"changed": {"fields": ["Purchase price", "Costo USD (Referencia)"]}}]	30	1
2039	2026-06-10 21:14:36.117624+00	72	Smartwatch - Reloj Haylou Solar Neo	2	[{"changed": {"fields": ["Costo USD (Referencia)"]}}]	30	1
2040	2026-06-10 21:14:36.118951+00	65	Smartwatch - Reloj Haylou Solar 5	2	[{"changed": {"fields": ["Costo USD (Referencia)"]}}]	30	1
2041	2026-06-10 21:25:59.416326+00	309	Router IMOU HR340	1	[{"added": {}}]	12	1
2042	2026-06-10 21:28:08.400644+00	230	Camara Javiscam Mini	2	[{"changed": {"fields": ["Costo USD (Referencia)", "Stock en Tr\\u00e1nsito"]}}]	30	1
2043	2026-06-10 22:11:01.791331+00	228	Generico - Timbre con Cámara de Video	2	[{"changed": {"fields": ["Activo"]}}]	30	1
2044	2026-06-10 22:11:01.793236+00	227	Tapo - Timbre con Cámara de Video	2	[{"changed": {"fields": ["Activo"]}}]	30	1
2045	2026-06-10 22:11:01.79452+00	224	Cámaras de seguridad wifi TP-Link Tapo C103 Int/Ext	2	[{"changed": {"fields": ["Activo"]}}]	30	1
2046	2026-06-10 22:11:01.796955+00	94	Camara inalambrica Alaga - Wifi para Interiores	2	[{"changed": {"fields": ["Costo USD (Referencia)"]}}]	30	1
2047	2026-06-10 22:11:01.798226+00	8	Camara wifi de uso exterior 2k Tapo C310	2	[{"changed": {"fields": ["Costo USD (Referencia)"]}}]	30	1
2048	2026-06-10 22:11:01.799443+00	7	Camara wifi de uso exterior 1080p Tapo C500	2	[{"changed": {"fields": ["Costo USD (Referencia)"]}}]	30	1
2049	2026-06-10 22:11:01.800663+00	6	Cámaras de seguridad wifi Tapo C210 x2 Unid	2	[{"changed": {"fields": ["Costo USD (Referencia)"]}}]	30	1
2050	2026-06-10 22:11:01.801961+00	5	Cámaras de seguridad wifi TP-Link Tapo C200	2	[{"changed": {"fields": ["Costo USD (Referencia)"]}}]	30	1
2051	2026-06-10 22:12:33.71245+00	8	Camara wifi de uso exterior 2k Tapo C310	2	[{"changed": {"fields": ["Stock"]}}]	12	1
2052	2026-06-10 22:13:10.995701+00	5	Cámaras de seguridad wifi TP-Link Tapo C200	2	[{"changed": {"fields": ["Stock en Tr\\u00e1nsito"]}}]	30	1
2053	2026-06-10 22:14:41.436328+00	98	Onn Full HD TV Box con Android TV	2	[{"changed": {"fields": ["Stock en Tr\\u00e1nsito"]}}]	30	1
2054	2026-06-10 22:14:41.438198+00	25	Onn 4k TV Box con Android TV	2	[{"changed": {"fields": ["Stock en Tr\\u00e1nsito"]}}]	30	1
2055	2026-06-10 22:22:09.33974+00	258	Proyector - Videobeam Android Lyncast 1080p bluetooth - Wifi	2	[{"changed": {"fields": ["Costo USD (Referencia)"]}}]	30	1
2056	2026-06-10 22:22:09.341897+00	257	Proyector - Videobeam Android GooDee 1080p bluetooth - Wifi	2	[{"changed": {"fields": ["Costo USD (Referencia)"]}}]	30	1
2057	2026-06-10 22:22:09.34313+00	205	Proyector - Videobeam Kogata Full HD Smart wifi - bluetooth	2	[{"changed": {"fields": ["Costo USD (Referencia)"]}}]	30	1
2058	2026-06-10 22:22:09.344347+00	191	Proyector - VideoBeam Bigasuo Full HD nativo Wifi + Bluetooth + Maleta de viaje	2	[{"changed": {"fields": ["Costo USD (Referencia)"]}}]	30	1
2059	2026-06-10 22:22:09.345631+00	150	Proyector - Videobeam HY300ULTRA Smart wifi - bluetooth - Magis	2	[{"changed": {"fields": ["Costo USD (Referencia)"]}}]	30	1
2060	2026-06-10 22:22:09.346844+00	115	Proyector - Videobeam Mentech Smart wifi - bluetooth - Magis	2	[{"changed": {"fields": ["Costo USD (Referencia)"]}}]	30	1
2061	2026-06-10 22:22:09.348076+00	114	Proyector - Videobeam DBPower Full HD nativo Smart wifi - bluetooth - Maleta	2	[{"changed": {"fields": ["Costo USD (Referencia)"]}}]	30	1
2062	2026-06-10 22:22:09.349345+00	90	Proyector - Videobeam 720p bluetooth	2	[{"changed": {"fields": ["Costo USD (Referencia)"]}}]	30	1
2063	2026-06-10 22:22:09.350553+00	89	Mini Proyector - Videobeam Hompow 720p bluetooth	2	[{"changed": {"fields": ["Costo USD (Referencia)"]}}]	30	1
2064	2026-06-10 22:22:09.351769+00	87	Proyector - Videobeam Android MagCubic 720p bluetooth - Wifi	2	[{"changed": {"fields": ["Costo USD (Referencia)"]}}]	30	1
2065	2026-06-10 22:22:09.352988+00	64	Proyector - Videobeam DBPower Full HD nativo wifi - bluetooth - Maleta	2	[{"changed": {"fields": ["Costo USD (Referencia)"]}}]	30	1
2066	2026-06-10 22:22:09.35423+00	63	Proyector - Videobeam Vizony Full HD nativo wifi - bluetooth	2	[{"changed": {"fields": ["Costo USD (Referencia)"]}}]	30	1
2067	2026-06-10 22:22:09.355436+00	62	Proyector - Videobeam Panseba 720p bluetooth - Telón	2	[{"changed": {"fields": ["Costo USD (Referencia)"]}}]	30	1
2068	2026-06-10 22:22:09.356633+00	58	Proyector - Videobeam TMY 1080p bluetooth - Wifi	2	[{"changed": {"fields": ["Costo USD (Referencia)"]}}]	30	1
2069	2026-06-10 22:22:09.357852+00	46	Proyector - Videobeam Nisoo Full HD nativo - Wifi -Bluetooth	2	[{"changed": {"fields": ["Costo USD (Referencia)"]}}]	30	1
2070	2026-06-10 22:22:09.359044+00	45	Proyector - Videobeam Jowlurk Full HD nativo - Wifi -Bluetooth	2	[{"changed": {"fields": ["Costo USD (Referencia)"]}}]	30	1
2071	2026-06-10 22:22:09.360218+00	44	Proyector - Videobeam Cibest Full HD nativo - Bluetooth	2	[{"changed": {"fields": ["Costo USD (Referencia)"]}}]	30	1
2072	2026-06-10 22:22:09.361451+00	43	Proyector - Videobeam Happrun Full HD nativo - Bluetooth	2	[{"changed": {"fields": ["Costo USD (Referencia)"]}}]	30	1
2073	2026-06-10 22:22:09.362626+00	42	Proyector - Videobeam TMY 720p bluetooth - Telón	2	[{"changed": {"fields": ["Costo USD (Referencia)"]}}]	30	1
2074	2026-06-10 22:22:09.363803+00	41	Proyector - Videobeam 720p	2	[{"changed": {"fields": ["Costo USD (Referencia)"]}}]	30	1
2075	2026-06-10 22:22:09.365355+00	40	Proyector - Videobeam Vizony Full HD nativo wifi - bluetooth	2	[{"changed": {"fields": ["Costo USD (Referencia)"]}}]	30	1
2076	2026-06-10 22:22:09.366528+00	39	Proyector - VideoBeam HomPow Full HD nativo Bluetooth	2	[{"changed": {"fields": ["Costo USD (Referencia)"]}}]	30	1
2077	2026-06-10 22:25:16.329382+00	264	Parlante De escritorio Bluetooth R200	2	[{"changed": {"fields": ["Costo USD (Referencia)"]}}]	30	1
2078	2026-06-10 22:25:16.331245+00	253	Altavoz Bluetooth portátil Tazata - BOOMBLAST Pro	2	[{"changed": {"fields": ["Costo USD (Referencia)", "Stock en Tr\\u00e1nsito"]}}]	30	1
2079	2026-06-10 22:25:16.332531+00	250	Parlante De escritorio Bluetooth R80	2	[{"changed": {"fields": ["Costo USD (Referencia)"]}}]	30	1
2080	2026-06-10 22:25:16.333803+00	249	Parlante Bluetooth resistente al agua 15w x2 Unidades	2	[{"changed": {"fields": ["Costo USD (Referencia)"]}}]	30	1
2081	2026-06-10 22:25:16.335012+00	128	Parlante Bluetooth resistente al agua 40w	2	[{"changed": {"fields": ["Costo USD (Referencia)"]}}]	30	1
2082	2026-06-10 22:25:16.336202+00	122	Parlante Bluetooth resistente al agua - RGB	2	[{"changed": {"fields": ["Costo USD (Referencia)"]}}]	30	1
2083	2026-06-10 22:25:16.33746+00	93	Parlante Bluetooth Xleader resistente al agua	2	[{"changed": {"fields": ["Costo USD (Referencia)"]}}]	30	1
2084	2026-06-10 22:25:16.338656+00	92	Parlante Bluetooth Vanzon resistente al agua	2	[{"changed": {"fields": ["Costo USD (Referencia)"]}}]	30	1
2085	2026-06-10 22:25:16.339845+00	59	Alexa - Echo Pop - Openbox	2	[{"changed": {"fields": ["Costo USD (Referencia)"]}}]	30	1
2086	2026-06-10 22:25:16.341259+00	51	Altavoz Bluetooth portátil Tazata - BOOMBLAST	2	[{"changed": {"fields": ["Costo USD (Referencia)"]}}]	30	1
2087	2026-06-10 22:28:10.752084+00	244	Audifonos Headset Gamer YPBDAN  Inalambrico	2	[{"changed": {"fields": ["Costo USD (Referencia)"]}}]	30	1
2088	2026-06-10 22:28:10.754169+00	243	Audifonos inalambricos Ugreen Clip	2	[{"changed": {"fields": ["Costo USD (Referencia)"]}}]	30	1
2089	2026-06-10 22:28:10.75539+00	192	Audifonos Headset inalambricos Bluetooth	2	[{"changed": {"fields": ["Costo USD (Referencia)"]}}]	30	1
2090	2026-06-10 22:28:10.756612+00	174	Audifonos Headset Gamer HG04L con Cable	2	[{"changed": {"fields": ["Costo USD (Referencia)"]}}]	30	1
2091	2026-06-10 22:28:10.757866+00	173	Audifonos Headset RORSOU R10 con Cable	2	[{"changed": {"fields": ["Costo USD (Referencia)"]}}]	30	1
2092	2026-06-10 22:28:10.759075+00	154	Audifonos Headset Gamer U3 con Cable	2	[{"changed": {"fields": ["Costo USD (Referencia)"]}}]	30	1
2093	2026-06-10 22:28:10.760285+00	153	Audifonos inalambricos Haylou AirFree	2	[{"changed": {"fields": ["Costo USD (Referencia)"]}}]	30	1
2094	2026-06-10 22:28:10.763635+00	60	Audifonos Headset Gamer G06 inalambricos Bluetooth - 2.4Ghz	2	[{"changed": {"fields": ["Costo USD (Referencia)"]}}]	30	1
2095	2026-06-10 22:28:10.764877+00	2	Audifonos Headset Gamer G08 inalambricos Bluetooth - 2.4Ghz	2	[{"changed": {"fields": ["Costo USD (Referencia)"]}}]	30	1
2096	2026-06-10 22:32:44.222926+00	283	Ventilador de Techo para socket-enchufe comun - control remoto	2	[{"changed": {"fields": ["Costo USD (Referencia)"]}}]	30	1
2097	2026-06-10 22:32:44.22479+00	95	Ventilador de Techo para socket-enchufe comun - control remoto	2	[{"changed": {"fields": ["Costo USD (Referencia)"]}}]	30	1
2098	2026-06-10 22:32:44.226072+00	17	Tapo P125 Enchufe Inteligente - version apple x 2 unid	2	[{"changed": {"fields": ["Costo USD (Referencia)"]}}]	30	1
2099	2026-06-10 22:32:44.227269+00	16	Tapo P115 Enchufe Inteligente y Monitor de energía x 1 unid	2	[{"changed": {"fields": ["Purchase price", "Stock en Tr\\u00e1nsito"]}}]	30	1
2100	2026-06-10 22:32:44.228471+00	14	Interruptor de Luz Smart Wifi Tapo S505 x 2 unidades	2	[{"changed": {"fields": ["Costo USD (Referencia)"]}}]	30	1
2101	2026-06-10 22:32:44.229733+00	13	Interruptor de Luz Smart Wifi Tapo S505	2	[{"changed": {"fields": ["Costo USD (Referencia)"]}}]	30	1
2102	2026-06-10 22:33:20.470308+00	21	Bombillo Wifi inteligente compatible con Google - Alexa	2	[{"changed": {"fields": ["Stock en Tr\\u00e1nsito"]}}]	30	1
2103	2026-06-10 22:37:56.726018+00	285	Mouse Gamer Tecknet RGB	2	[{"changed": {"fields": ["Costo USD (Referencia)"]}}]	30	1
2104	2026-06-10 22:37:56.72796+00	282	Monitor Portatil Ultra Slim USB C - HDMI	2	[{"changed": {"fields": ["Costo USD (Referencia)"]}}]	30	1
2105	2026-06-10 22:37:56.729249+00	255	Mouse inalámbrico Ergonómico	2	[{"changed": {"fields": ["Costo USD (Referencia)"]}}]	30	1
2106	2026-06-10 22:37:56.730486+00	254	Mouse inalámbrico Tecknet Bluetooth	2	[{"changed": {"fields": ["Costo USD (Referencia)"]}}]	30	1
2107	2026-06-10 22:37:56.731719+00	196	Teclado Gamer Redragon	2	[{"changed": {"fields": ["Costo USD (Referencia)"]}}]	30	1
2108	2026-06-10 22:37:56.732942+00	190	Mouse inalámbrico Tecknet	2	[{"changed": {"fields": ["Costo USD (Referencia)"]}}]	30	1
2109	2026-06-10 22:37:56.734156+00	187	Impresora termica de etiquetas portatil Phomemo D30	2	[{"changed": {"fields": ["Costo USD (Referencia)"]}}]	30	1
2110	2026-06-10 22:37:56.735325+00	186	Impresora termica de etiquetas portatil Niimbot B1	2	[{"changed": {"fields": ["Costo USD (Referencia)"]}}]	30	1
2111	2026-06-10 22:37:56.736497+00	91	Impresora termica de etiquetas portatil Niimbot D110	2	[{"changed": {"fields": ["Costo USD (Referencia)"]}}]	30	1
2112	2026-06-10 22:37:56.737729+00	61	Impresora termica de etiquetas portatil	2	[{"changed": {"fields": ["Costo USD (Referencia)"]}}]	30	1
2113	2026-06-10 22:40:10.606761+00	242	Cargador Ugreen 20W GaN I	2	[{"changed": {"fields": ["Costo USD (Referencia)"]}}]	30	1
2114	2026-06-10 22:40:10.608658+00	182	Cable USB C - USB C Ugreen 100W	2	[{"changed": {"fields": ["Costo USD (Referencia)"]}}]	30	1
2115	2026-06-10 22:40:10.610127+00	125	Cargador Ugreen 30W GaN II	2	[{"changed": {"fields": ["Costo USD (Referencia)"]}}]	30	1
2116	2026-06-10 22:40:10.611343+00	113	Cargador Ugreen 45W	2	[{"changed": {"fields": ["Costo USD (Referencia)"]}}]	30	1
2117	2026-06-10 22:40:10.612552+00	112	Cargador Ugreen 30W GaN II Nexode	2	[{"changed": {"fields": ["Costo USD (Referencia)"]}}]	30	1
2118	2026-06-11 02:03:22.765752+00	191	Proyector - VideoBeam Bigasuo Full HD nativo Wifi + Bluetooth + Maleta de viaje	2	[{"changed": {"fields": ["Purchase price", "Costo Promedio"]}}]	12	1
2119	2026-06-11 18:35:00.987099+00	230	Camara Javiscam Mini	2	[{"added": {"name": "product image", "object": "Image for Camara Javiscam Mini"}}]	12	1
2120	2026-06-11 18:39:24.028137+00	220	Switch de Red Tenda Gigabyte 5 puertos	2	[{"changed": {"fields": ["Es un Servicio"]}}]	12	1
2121	2026-06-11 18:39:45.693431+00	220	Switch de Red Tenda Gigabyte 5 puertos	2	[{"changed": {"fields": ["Es un Servicio"]}}]	12	1
2122	2026-06-11 18:45:23.431152+00	309	Router IMOU HR340	2	[]	12	1
2123	2026-06-11 18:46:38.245251+00	309	Router IMOU HR340	2	[{"added": {"name": "product image", "object": "Image for Router IMOU HR340"}}]	12	1
2124	2026-06-11 18:49:39.056208+00	71	KINGSPEC	1	[{"added": {}}]	28	1
2125	2026-06-11 18:50:28.513526+00	310	SSD Sata KingSpec 256GB	1	[{"added": {}}, {"added": {"name": "product image", "object": "Image for SSD Sata KingSpec 256GB"}}]	12	1
2126	2026-06-11 18:51:37.454805+00	28	MEMORIA USB	1	[{"added": {}}]	14	1
2127	2026-06-11 18:55:42.410217+00	311	Memoria USB PNY 64GB 2.0	1	[{"added": {}}, {"added": {"name": "product image", "object": "Image for Memoria USB PNY 64GB 2.0"}}]	12	1
2128	2026-06-11 19:01:18.450886+00	10	IMPRESORAS-COMPUTADORES-REDES	2	[{"changed": {"fields": ["Name"]}}]	10	1
2129	2026-06-11 19:01:46.360057+00	29	REDES	1	[{"added": {}}]	14	1
2130	2026-06-11 19:03:41.730579+00	312	Extensor de senal xiaomi N300	1	[{"added": {}}, {"added": {"name": "product image", "object": "Image for Extensor de senal xiaomi N300"}}]	12	1
2131	2026-06-11 19:04:04.67752+00	309	Router IMOU HR340	2	[{"changed": {"fields": ["Subcategory"]}}]	12	1
2132	2026-06-11 19:04:15.740374+00	263	Router Tenda N300 F3	2	[{"changed": {"fields": ["Subcategory"]}}]	12	1
2133	2026-06-11 19:04:31.976352+00	261	Router IMOU AC1200 HR12G	2	[{"changed": {"fields": ["Subcategory", "Brand", "Supplier"]}}]	12	1
2134	2026-06-11 19:04:41.538765+00	260	Router IMOU AC1200 HR12F	2	[{"changed": {"fields": ["Subcategory"]}}]	12	1
2135	2026-06-11 19:05:08.173049+00	309	Router IMOU HR340	2	[{"changed": {"fields": ["Category"]}}]	12	1
2136	2026-06-11 19:05:13.166866+00	263	Router Tenda N300 F3	2	[{"changed": {"fields": ["Category"]}}]	12	1
2137	2026-06-11 19:05:22.761356+00	261	Router IMOU AC1200 HR12G	2	[{"changed": {"fields": ["Category"]}}]	12	1
2138	2026-06-11 19:05:28.464118+00	260	Router IMOU AC1200 HR12F	2	[{"changed": {"fields": ["Category"]}}]	12	1
2139	2026-06-11 19:09:24.280318+00	313	Monitor Portatil  Slim USB C - HDMI	1	[{"added": {}}, {"added": {"name": "product image", "object": "Image for Monitor Portatil  Slim USB C - HDMI"}}]	12	1
2140	2026-06-11 19:11:32.917558+00	282	Monitor Portatil Ultra Slim USB C - HDMI	2	[{"changed": {"fields": ["Sale price"]}}]	12	1
2141	2026-06-11 19:49:59.864684+00	314	Proyector - Videobeam Android GooDee MINI 1080p bluetooth - Wifi	1	[{"added": {}}, {"added": {"name": "product image", "object": "Image for Proyector - Videobeam Android GooDee MINI 1080p bluetooth - Wifi"}}]	12	1
2142	2026-06-11 19:51:33.690683+00	72	TAMROAD	1	[{"added": {}}]	28	1
2143	2026-06-11 19:53:05.233247+00	315	Parlante Bluetooth 80w - RGB	1	[{"added": {}}, {"added": {"name": "product image", "object": "Image for Parlante Bluetooth 80w - RGB"}}]	12	1
2144	2026-06-11 19:57:52.023565+00	27	TELÉFONOS - TABLETS	2	[{"changed": {"fields": ["Name"]}}]	14	1
2145	2026-06-11 19:58:42.7079+00	316	Tablet RedmiPad 2 4GB/128GB	1	[{"added": {}}, {"added": {"name": "product image", "object": "Image for Tablet RedmiPad 2 4GB/128GB"}}]	12	1
2146	2026-06-11 20:02:05.776171+00	28	Memoria Micro SD Sandisk 128GB	2	[{"changed": {"fields": ["Stock"]}}]	12	1
2147	2026-06-11 20:03:51.284586+00	88	Memoria Micro SD Patriot 64GB	2	[{"changed": {"fields": ["Stock"]}}]	12	1
2148	2026-06-11 20:21:45.394664+00	317	Redmi Buds 6 Active	1	[{"added": {}}]	12	1
2149	2026-06-11 20:25:33.03742+00	11	Cámara wifi exteriores Tapo C402	2	[{"changed": {"fields": ["Discount"]}}]	12	1
2150	2026-06-11 20:28:34.356514+00	30	ACCESORIOS - REPUESTOS	1	[{"added": {}}]	14	1
2151	2026-06-11 20:29:19.914384+00	318	Lente 3.6mm	1	[{"added": {}}]	12	1
2152	2026-06-11 20:30:34.091598+00	319	Lente 3.6mm	1	[{"added": {}}]	12	1
2153	2026-06-11 20:31:38.409326+00	318	Lente 3.6mm	3		12	1
2154	2026-06-11 20:31:59.427074+00	30	ACCESORIOS - REPUESTOS	3		14	1
2155	2026-06-11 20:32:23.665987+00	18	ACCESORIOS-REPUESTOS CAMARAS	2	[{"changed": {"fields": ["Name"]}}]	14	1
2156	2026-06-11 20:32:59.864565+00	185	Panel Solar 6W para camara de seguridad - Resistente al agua	2	[{"changed": {"fields": ["Discount"]}}]	12	1
2157	2026-06-11 20:35:59.414373+00	99	Cámara Hilook Interior Tipo Domo Thc-T120	2	[{"changed": {"fields": ["Stock"]}}]	12	1
2158	2026-06-11 20:36:05.584035+00	100	Cámara Hilook Exterior Tipo Bala Thc-B120	2	[{"changed": {"fields": ["Stock"]}}]	12	1
2159	2026-06-11 20:36:53.444971+00	146	Cámara Dahua Interior Tipo Domo DH-HAC-T1A21N-U-0280B	2	[{"changed": {"fields": ["Stock"]}}]	12	1
2160	2026-06-11 20:37:10.889258+00	145	Cámara Dahua Exterior Tipo Bala DH-HAC-B1A21N-U-0360B	2	[{"changed": {"fields": ["Stock"]}}]	12	1
2161	2026-06-11 20:37:39.108791+00	143	DVR Dahua de 8 Canales 1080p DH-XVR1B08-I-T	2	[{"changed": {"fields": ["Stock"]}}]	12	1
2162	2026-06-11 20:41:05.038599+00	131	Kit Cámara CCTV Balun + Fuente + Bornera + Caja	2	[{"changed": {"fields": ["Stock"]}}]	12	1
2163	2026-06-11 20:42:30.302878+00	320	Fuente 12V 1A	1	[{"added": {}}]	12	1
2164	2026-06-11 20:43:24.092201+00	129	Video Balum HD x 2 unidades	2	[{"changed": {"fields": ["Sale price"]}}]	12	1
2165	2026-06-11 20:44:57.00862+00	321	Canaleta CANALETA 30 X 10	1	[{"added": {}}]	12	1
2166	2026-06-11 20:45:09.228836+00	321	Canaleta CANALETA 30 X 10	2	[{"changed": {"fields": ["Activo", "Es un Servicio"]}}]	12	1
2167	2026-06-11 20:45:26.596199+00	138	Canaleta CANALETA 12 X 9	2	[{"changed": {"fields": ["Supplier", "Stock"]}}]	12	1
2168	2026-06-11 20:45:44.57594+00	136	Canaleta CANALETA 20 X 10	2	[{"changed": {"fields": ["Brand", "Supplier", "Stock"]}}]	12	1
2169	2026-06-11 20:47:06.827615+00	132	Caja de paso 10cmx10cm	2	[{"changed": {"fields": ["Stock"]}}]	12	1
2170	2026-06-11 20:48:20.462913+00	322	Bornera x2	1	[{"added": {}}]	12	1
2171	2026-06-11 20:50:34.289593+00	323	Cable Duplex Metro	1	[{"added": {}}]	12	1
2172	2026-06-11 20:51:26.298408+00	324	Soporte Camara para Poste	1	[{"added": {}}]	12	1
2173	2026-06-11 20:52:17.795259+00	325	Techo Proteccion para camara	1	[{"added": {}}]	12	1
2174	2026-06-11 20:52:46.903961+00	133	Cable UTP Interior x Metro	2	[{"changed": {"fields": ["Stock"]}}]	12	1
2175	2026-06-11 20:52:58.966972+00	134	Cable UTP Exterior x Metro	2	[{"changed": {"fields": ["Stock"]}}]	12	1
2176	2026-06-11 20:55:48.018887+00	259	Cargador Generico 20W	2	[{"changed": {"fields": ["Stock"]}}]	12	1
2177	2026-06-11 20:56:00.546583+00	183	Cargador 20w + Cable USB C	2	[{"changed": {"fields": ["Stock"]}}]	12	1
2178	2026-06-11 20:59:08.617332+00	326	Cargador Ugreen 30W GaN II + Cable USB C	1	[{"added": {}}, {"added": {"name": "product image", "object": "Image for Cargador Ugreen 30W GaN II + Cable USB C"}}]	12	1
2179	2026-06-11 20:59:21.369574+00	326	Cargador Ugreen 30W GaN II + Cable USB C	2	[{"changed": {"fields": ["Description"]}}]	12	1
2180	2026-06-11 21:03:42.630496+00	302	Cargador Samsung Original 25w	2	[{"changed": {"fields": ["Subcategory"]}}]	12	1
2181	2026-06-11 21:08:18.227973+00	327	Hub USB C + Lector de Tarjetas	1	[{"added": {}}]	12	1
2182	2026-06-11 21:08:48.824435+00	172	Pasta Termica Artic MX-4 4g	2	[{"changed": {"fields": ["Stock"]}}]	12	1
2183	2026-06-11 21:10:02.538856+00	328	Hub USB C + HDMI	1	[{"added": {}}]	12	1
2184	2026-06-11 21:11:54.331349+00	126	Case - Caja para Disco Duro	2	[{"changed": {"fields": ["Stock"]}}]	12	1
2185	2026-06-11 21:15:04.713879+00	329	Conversor HDMI - RCA	1	[{"added": {}}]	12	1
2186	2026-06-11 21:22:51.828188+00	330	Conversor HDMI - VGA	1	[{"added": {}}]	12	1
2187	2026-06-11 21:23:33.186635+00	331	Conversor Displayport a VGA	1	[{"added": {}}]	12	1
2188	2026-06-11 21:24:25.290905+00	332	Adaptador HDMI - mini HDMI	1	[{"added": {}}]	12	1
2189	2026-06-11 21:25:48.398475+00	333	USB C OTG	1	[{"added": {}}]	12	1
2190	2026-06-11 21:26:24.776008+00	334	Conversor USB C - USB A	1	[{"added": {}}]	12	1
2191	2026-06-11 21:32:58.658596+00	16	Tapo P110 Enchufe Inteligente y Monitor de energía x 1 unid	2	[{"changed": {"fields": ["Name"]}}]	12	1
2192	2026-06-11 21:36:22.28516+00	335	Rollo Niimbot B1	1	[{"added": {}}]	12	1
2193	2026-06-11 21:38:26.625426+00	336	Rollo Niimbot D110	1	[{"added": {}}]	12	1
2194	2026-06-11 21:39:19.176255+00	337	Rollos D30	1	[{"added": {}}]	12	1
2195	2026-06-11 21:39:28.183112+00	336	Rollo Niimbot D110	2	[{"changed": {"fields": ["Brand"]}}]	12	1
2196	2026-06-11 21:39:36.512649+00	335	Rollo Niimbot B1	2	[{"changed": {"fields": ["Brand"]}}]	12	1
2197	2026-06-11 21:40:21.684468+00	338	Rollo Stickers termicos	1	[{"added": {}}]	12	1
2198	2026-06-11 21:41:26.393161+00	339	Rollos Impresora de Recibos	1	[{"added": {}}]	12	1
2199	2026-06-11 21:43:46.740449+00	193	Mouse Gamer RGB Havit 1010	2	[{"changed": {"fields": ["Name"]}}]	12	1
2200	2026-06-11 21:47:39.825104+00	194	MouseOficina Havit	2	[{"changed": {"fields": ["Stock"]}}]	12	1
2201	2026-06-11 21:48:01.08983+00	194	Mouse Oficina Havit MS753	2	[{"changed": {"fields": ["Name"]}}]	12	1
2202	2026-06-11 21:58:06.247516+00	250	Parlante De escritorio Bluetooth R80	2	[{"changed": {"fields": ["Stock"]}}]	12	1
2203	2026-06-11 22:06:29.660229+00	73	JEECOO	1	[{"added": {}}]	28	1
2204	2026-06-11 22:07:00.280576+00	340	Parlante de Escritorio JeeCoo 10W	1	[{"added": {}}, {"added": {"name": "product image", "object": "Image for Parlante de Escritorio JeeCoo 10W"}}]	12	1
2205	2026-06-11 22:10:13.963362+00	191	Proyector - VideoBeam Bigasuo Full HD nativo Wifi + Bluetooth + Maleta de viaje	2	[{"changed": {"fields": ["Sale price"]}}]	12	1
2206	2026-06-11 22:11:47.028961+00	42	Proyector - Videobeam TMY 720p bluetooth - Telón	2	[{"changed": {"fields": ["Sale price"]}}]	12	1
2207	2026-06-11 22:12:19.26381+00	74	PURCHE	1	[{"added": {}}]	28	1
2208	2026-06-11 22:12:21.512602+00	90	Proyector - Videobeam 720p bluetooth	2	[{"changed": {"fields": ["Brand"]}}]	12	1
2209	2026-06-11 22:14:13.792347+00	261	Router IMOU AC1200 HR12G	2	[{"changed": {"fields": ["Stock"]}}]	12	1
2210	2026-06-11 22:15:34.396093+00	171	Wifi USB Tenda AX900	2	[{"changed": {"fields": ["Subcategory", "Stock"]}}]	12	1
2211	2026-06-11 22:15:48.160647+00	220	Switch de Red Tenda Gigabyte 5 puertos	2	[{"changed": {"fields": ["Stock"]}}]	12	1
2212	2026-06-11 22:16:17.171019+00	189	Bluetooth USB Ugreen	2	[{"changed": {"fields": ["Subcategory"]}}]	12	1
2213	2026-06-11 22:16:53.280497+00	198	Wifi - Bluetooth USB 2.4G - 5G	2	[{"changed": {"fields": ["Subcategory"]}}]	12	1
2214	2026-06-11 23:31:06.526278+00	233	Reloj SKMEI 2355	2	[{"changed": {"fields": ["Tags"]}}]	12	1
2215	2026-06-11 23:37:28.568315+00	341	Reloj Naviforce NF7104	1	[{"added": {}}, {"added": {"name": "product image", "object": "Image for Reloj Naviforce NF7104"}}, {"added": {"name": "product image", "object": "Image for Reloj Naviforce NF7104"}}]	12	1
2216	2026-06-11 23:41:48.593587+00	342	Reloj Naviforce NF6104	1	[{"added": {}}, {"added": {"name": "product image", "object": "Image for Reloj Naviforce NF6104"}}]	12	1
2217	2026-06-11 23:42:20.23175+00	341	Reloj Naviforce NF7104	2	[{"changed": {"fields": ["Description"]}}]	12	1
2218	2026-06-11 23:42:29.653773+00	342	Reloj Naviforce NF6104	2	[{"changed": {"fields": ["Description"]}}]	12	1
2219	2026-06-11 23:43:20.674404+00	343	Reloj Naviforce NF7133	1	[{"added": {}}, {"added": {"name": "product image", "object": "Image for Reloj Naviforce NF7133"}}]	12	1
2220	2026-06-11 23:44:20.78772+00	344	Reloj Naviforce NF7127	1	[{"added": {}}, {"added": {"name": "product image", "object": "Image for Reloj Naviforce NF7127"}}]	12	1
2221	2026-06-11 23:46:22.44282+00	86	Reloj Casio MTP-VD01D	2	[{"changed": {"fields": ["Discount"]}}]	12	1
2222	2026-06-11 23:49:07.68967+00	184	Reloj SKMEI 1816	2	[{"changed": {"fields": ["Sale price"]}}]	30	1
2223	2026-06-11 23:51:36.156918+00	342	Reloj Naviforce NF6104	2	[{"changed": {"fields": ["Stock en Tr\\u00e1nsito"]}}]	30	1
2224	2026-06-12 00:01:32.744503+00	286	Reloj SKMEI 1568	2	[{"changed": {"fields": ["Stock"]}}]	12	1
2225	2026-06-12 00:02:15.803406+00	68	Reloj SKMEI 1628 Negro	2	[{"changed": {"fields": ["Name", "Stock"]}}]	12	1
2226	2026-06-12 00:02:23.648918+00	68	Reloj SKMEI 1628 Negro	2	[{"deleted": {"name": "product image", "object": "Image for Reloj SKMEI 1628 Negro"}}]	12	1
2227	2026-06-12 00:03:25.052765+00	71	Reloj SKMEI 1988	2	[{"changed": {"fields": ["Stock"]}}]	12	1
2228	2026-06-12 00:07:41.002306+00	317	Redmi Buds 6 Active	2	[{"added": {"name": "product image", "object": "Image for Redmi Buds 6 Active"}}]	12	1
2229	2026-06-12 00:10:38.690955+00	197	Combo Gamer	2	[{"changed": {"fields": ["Subcategory"]}}]	12	1
2230	2026-06-12 16:25:25.860211+00	257	Proyector - Videobeam Android GooDee 1080p bluetooth - Wifi	2	[{"changed": {"fields": ["Stock en Tr\\u00e1nsito"]}}]	30	1
2231	2026-06-12 16:25:40.509117+00	257	Proyector - Videobeam Android GooDee 1080p bluetooth - Wifi	2	[{"changed": {"fields": ["Sale price"]}}]	30	1
2232	2026-06-12 16:35:13.726301+00	317	Redmi Buds 6 Play	2	[{"changed": {"fields": ["Name"]}}, {"changed": {"name": "product image", "object": "Image for Redmi Buds 6 Play", "fields": ["Image"]}}]	12	1
2233	2026-06-12 16:57:39.72082+00	257	Proyector - Videobeam Android GooDee mini 1080p bluetooth - Wifi	2	[{"changed": {"fields": ["Name", "Sale price"]}}]	12	1
2234	2026-06-12 16:57:55.034261+00	314	Proyector - Videobeam Android GooDee 1080p bluetooth - Wifi	2	[{"changed": {"fields": ["Name"]}}]	12	1
2235	2026-06-12 16:58:18.067246+00	314	Proyector - Videobeam Android GooDee 1080p bluetooth - Wifi	2	[{"changed": {"fields": ["Stock en Tr\\u00e1nsito"]}}]	30	1
2236	2026-06-12 17:37:53.491631+00	222	Cargador celular de carro USB	2	[{"added": {"name": "product image", "object": "Image for Cargador celular de carro USB"}}]	12	1
2237	2026-06-15 14:25:43.323466+00	114	Proyector - Videobeam DBPower Full HD nativo Smart wifi - bluetooth - Maleta	2	[{"changed": {"fields": ["Sale price"]}}]	30	1
2238	2026-06-15 15:46:38.456196+00	65	Smartwatch - Reloj Haylou Solar 5	2	[{"changed": {"fields": ["Stock"]}}]	12	1
2239	2026-06-15 15:49:27.829173+00	114	Proyector - Videobeam DBPower Full HD nativo Smart wifi - bluetooth - Maleta	2	[{"changed": {"fields": ["Sale price"]}}]	30	1
2240	2026-06-17 14:52:30.821957+00	133	Cable UTP Interior x Metro	2	[{"changed": {"fields": ["Stock"]}}]	12	1
2241	2026-06-17 15:29:17.920181+00	142	Kit Dahua Dvr 8ch + 8 Cámaras 1080p + Accesorios	2	[{"changed": {"fields": ["Es un Kit/Combo"]}}]	12	1
2242	2026-06-17 15:29:17.922473+00	141	Kit Dahua Dvr 8ch + 6 Cámaras 1080p + Accesorios	2	[{"changed": {"fields": ["Es un Kit/Combo"]}}]	12	1
2243	2026-06-17 15:29:17.923759+00	140	kIT Dahua Dvr 8ch + 4 Cámaras 1080p + Accesorios	2	[{"changed": {"fields": ["Es un Kit/Combo"]}}]	12	1
2244	2026-06-17 15:29:17.924993+00	139	Kit Dahua Dvr 8ch + 2 Cámaras 1080p + Accesorios	2	[{"changed": {"fields": ["Es un Kit/Combo"]}}]	12	1
2245	2026-06-17 15:29:17.926233+00	131	Kit Cámara CCTV Balun + Fuente + Bornera + Caja	2	[{"changed": {"fields": ["Es un Kit/Combo"]}}]	12	1
2246	2026-06-17 15:29:17.927496+00	108	Kit HILOOK Dvr 8ch + 2 Cámaras 1080p + Accesorios	2	[{"changed": {"fields": ["Es un Kit/Combo"]}}]	12	1
2247	2026-06-17 15:29:17.928713+00	107	Kit HILOOK Dvr 8ch + 4 Cámaras 1080p + Accesorios	2	[{"changed": {"fields": ["Es un Kit/Combo"]}}]	12	1
2248	2026-06-17 15:29:17.930003+00	106	Kit HILOOK Dvr 8ch + 6 Cámaras 1080p + Accesorios	2	[{"changed": {"fields": ["Es un Kit/Combo"]}}]	12	1
2249	2026-06-17 15:29:17.931214+00	105	Kit HILOOK Dvr 8ch + 8 Cámaras 1080p + Accesorios	2	[{"changed": {"fields": ["Es un Kit/Combo"]}}]	12	1
2250	2026-06-17 15:33:47.869161+00	320	Fuente 12V 1A	2	[{"changed": {"fields": ["Activo"]}}, {"added": {"name": "product image", "object": "Image for Fuente 12V 1A"}}]	12	1
2251	2026-06-17 15:34:55.498353+00	320	Fuente 12V 1A	2	[{"changed": {"fields": ["Activo"]}}]	12	1
2252	2026-06-17 15:34:55.500253+00	316	Tablet RedmiPad 2 4GB/128GB	2	[{"changed": {"fields": ["Es un Kit/Combo"]}}]	12	1
2253	2026-06-17 15:47:15.017085+00	339	Rollos Impresora de Recibos	2	[{"changed": {"fields": ["Es un Servicio"]}}, {"added": {"name": "product image", "object": "Image for Rollos Impresora de Recibos"}}]	12	1
2254	2026-06-17 15:50:12.682896+00	336	Rollo Niimbot D110 12x40mm	2	[{"changed": {"fields": ["Name"]}}, {"added": {"name": "product image", "object": "Image for Rollo Niimbot D110 12x40mm"}}]	12	1
2255	2026-06-17 15:52:30.276346+00	339	Rollos Impresora de Recibos 57mmx30mm	2	[{"changed": {"fields": ["Name"]}}, {"changed": {"name": "product image", "object": "Image for Rollos Impresora de Recibos 57mmx30mm", "fields": ["Image"]}}]	12	1
2256	2026-06-17 15:53:28.539567+00	336	Rollo Niimbot D110 12x40mm	2	[{"changed": {"name": "product image", "object": "Image for Rollo Niimbot D110 12x40mm", "fields": ["Image"]}}]	12	1
2257	2026-06-17 15:54:46.162835+00	336	Rollo Niimbot D110 12x40mm	2	[{"changed": {"name": "product image", "object": "Image for Rollo Niimbot D110 12x40mm", "fields": ["Image"]}}]	12	1
2258	2026-06-17 15:55:56.003551+00	337	Rollos D30	2	[{"added": {"name": "product image", "object": "Image for Rollos D30"}}]	12	1
2259	2026-06-17 15:56:32.293748+00	335	Rollo Niimbot B1 25x15m Doble fila	2	[{"changed": {"fields": ["Name"]}}, {"added": {"name": "product image", "object": "Image for Rollo Niimbot B1 25x15m Doble fila"}}]	12	1
2260	2026-06-17 15:59:26.56249+00	337	Rollos D30	2	[{"changed": {"name": "product image", "object": "Image for Rollos D30", "fields": ["Image"]}}]	12	1
2261	2026-06-17 16:01:19.736878+00	338	Rollo Stickers termicos	2	[{"added": {"name": "product image", "object": "Image for Rollo Stickers termicos"}}]	12	1
2262	2026-06-17 16:01:51.978311+00	338	Rollo Stickers termicos	2	[{"changed": {"fields": ["Es un Servicio"]}}]	12	1
2263	2026-06-17 16:01:51.980213+00	337	Rollos D30	2	[{"changed": {"fields": ["Es un Servicio"]}}]	12	1
2264	2026-06-17 16:01:51.981535+00	336	Rollo Niimbot D110 12x40mm	2	[{"changed": {"fields": ["Es un Servicio"]}}]	12	1
2265	2026-06-17 16:01:51.982896+00	335	Rollo Niimbot B1 25x15m Doble fila	2	[{"changed": {"fields": ["Es un Servicio"]}}]	12	1
2266	2026-06-17 16:05:11.151835+00	321	Canaleta CANALETA 30 X 10	2	[{"added": {"name": "product image", "object": "Image for Canaleta CANALETA 30 X 10"}}]	12	1
2267	2026-06-17 16:05:22.378797+00	136	Canaleta CANALETA 20 X 10	2	[{"added": {"name": "product image", "object": "Image for Canaleta CANALETA 20 X 10"}}]	12	1
2268	2026-06-17 16:05:32.04786+00	136	Canaleta CANALETA 20 X 10	2	[{"changed": {"name": "product image", "object": "Image for Canaleta CANALETA 20 X 10", "fields": ["Image"]}}]	12	1
2269	2026-06-17 16:05:39.823894+00	321	Canaleta CANALETA 30 X 10	2	[{"changed": {"fields": ["Es un Servicio"]}}]	12	1
2270	2026-06-17 16:05:39.825889+00	138	Canaleta CANALETA 12 X 9	2	[{"changed": {"fields": ["Es un Servicio"]}}]	12	1
2271	2026-06-17 16:05:39.827116+00	136	Canaleta CANALETA 20 X 10	2	[{"changed": {"fields": ["Es un Servicio"]}}]	12	1
2272	2026-06-17 16:05:53.817259+00	138	Canaleta CANALETA 12 X 9	2	[{"changed": {"fields": ["Subcategory", "Brand"]}}]	12	1
2273	2026-06-17 16:06:14.471316+00	136	Canaleta CANALETA 20 X 10	2	[{"changed": {"fields": ["Subcategory"]}}]	12	1
2274	2026-06-17 16:07:46.670058+00	319	Lente 3.6mm	2	[{"added": {"name": "product image", "object": "Image for Lente 3.6mm"}}]	12	1
2275	2026-06-17 16:08:14.978508+00	266	Lente Respuesto 3.6mm para Camara de seguridad	2	[{"added": {"name": "product image", "object": "Image for Lente Respuesto 3.6mm para Camara de seguridad"}}]	12	1
2276	2026-06-17 16:08:26.815632+00	266	Lente Respuesto 3.6mm para Camara de seguridad	2	[{"changed": {"fields": ["Activo"]}}]	12	1
2277	2026-06-17 16:08:54.463842+00	319	Lente 3.6mm	3		12	1
2278	2026-06-17 16:14:05.415964+00	330	Conversor HDMI - VGA	2	[{"changed": {"fields": ["Es un Servicio"]}}, {"added": {"name": "product image", "object": "Image for Conversor HDMI - VGA"}}]	12	1
2279	2026-06-17 16:14:52.684672+00	389	10 x Combo Teclado y Mouse Genius in Quote 266	3		19	1
2280	2026-06-17 16:15:08.017314+00	215	Combo Teclado y Mouse Genius	3		12	1
2281	2026-06-17 16:17:27.268255+00	331	Conversor DVI a VGA	2	[{"changed": {"fields": ["Name", "Es un Servicio"]}}, {"added": {"name": "product image", "object": "Image for Conversor DVI a VGA"}}]	12	1
2282	2026-06-17 16:21:27.491233+00	325	Techo Proteccion para camara	2	[{"changed": {"fields": ["Es un Servicio"]}}, {"added": {"name": "product image", "object": "Image for Techo Proteccion para camara"}}]	12	1
2283	2026-06-17 16:23:27.083637+00	324	Soporte Camara para Poste	2	[{"changed": {"fields": ["Es un Servicio"]}}, {"added": {"name": "product image", "object": "Image for Soporte Camara para Poste"}}]	12	1
2284	2026-06-17 16:24:06.73171+00	329	Conversor HDMI - RCA	2	[{"changed": {"fields": ["Es un Servicio"]}}, {"added": {"name": "product image", "object": "Image for Conversor HDMI - RCA"}}]	12	1
2285	2026-06-17 16:25:05.954284+00	323	Cable Duplex Metro	2	[{"changed": {"fields": ["Es un Servicio"]}}, {"added": {"name": "product image", "object": "Image for Cable Duplex Metro"}}]	12	1
2286	2026-06-17 16:25:42.432184+00	322	Bornera x2	2	[{"changed": {"fields": ["Es un Servicio"]}}, {"added": {"name": "product image", "object": "Image for Bornera x2"}}]	12	1
2287	2026-06-17 16:26:16.27871+00	421	1 x Generico - Timbre con Cámara de Video in Quote 288	3		19	1
2288	2026-06-17 16:26:19.124857+00	422	1 x Tapo - Timbre con Cámara de Video in Quote 288	3		19	1
2289	2026-06-17 16:26:22.196702+00	423	1 x Kasa - Timbre con Cámara de Video in Quote 288	3		19	1
2290	2026-06-17 16:26:28.717145+00	228	Generico - Timbre con Cámara de Video	3		12	1
2291	2026-06-17 16:26:28.71718+00	227	Tapo - Timbre con Cámara de Video	3		12	1
2292	2026-06-17 16:26:28.717196+00	226	Kasa - Timbre con Cámara de Video	3		12	1
2293	2026-06-17 16:30:12.360322+00	275	Gabinete - Rack para DVR 8 CH	2	[{"changed": {"fields": ["Name", "Brand", "Supplier", "Activo"]}}, {"added": {"name": "product image", "object": "Image for Gabinete - Rack para DVR 8 CH"}}, {"added": {"name": "product image", "object": "Image for Gabinete - Rack para DVR 8 CH"}}]	12	1
2294	2026-06-17 16:41:00.597675+00	126	Case - Caja para Disco Duro	2	[{"changed": {"fields": ["Category"]}}]	12	1
2295	2026-06-17 16:47:11.308505+00	345	Case Mmagnetico USB 3.2 para NVME y SSD MM.2	1	[{"added": {}}, {"added": {"name": "product image", "object": "Image for Case Mmagnetico USB 3.2 para NVME y SSD MM.2"}}]	12	1
2296	2026-06-17 16:47:29.350594+00	345	Case Mmagnetico USB 3.2 para NVME y SSD MM.2	2	[{"added": {"name": "product image", "object": "Image for Case Mmagnetico USB 3.2 para NVME y SSD MM.2"}}]	12	1
2297	2026-06-17 16:52:49.140331+00	334	Conversor USB C - USB A	2	[{"added": {"name": "product image", "object": "Image for Conversor USB C - USB A"}}]	12	1
2298	2026-06-17 16:55:38.710753+00	333	USB C OTG	2	[{"changed": {"fields": ["Stock", "Es un Servicio"]}}, {"added": {"name": "product image", "object": "Image for USB C OTG"}}]	12	1
2299	2026-06-17 16:55:54.53586+00	333	USB C OTG	2	[{"changed": {"fields": ["Sale price"]}}]	12	1
2300	2026-06-17 17:29:43.463792+00	332	Adaptador HDMI - mini HDMI	2	[{"added": {"name": "product image", "object": "Image for Adaptador HDMI - mini HDMI"}}]	12	1
2301	2026-06-17 17:30:02.600109+00	333	USB C OTG	2	[{"changed": {"fields": ["Stock"]}}]	12	1
2302	2026-06-17 17:36:34.984937+00	328	Hub USB C + HDMI	2	[{"added": {"name": "product image", "object": "Image for Hub USB C + HDMI"}}]	12	1
2303	2026-06-17 17:36:51.464408+00	327	Hub USB C + Lector de Tarjetas	2	[{"added": {"name": "product image", "object": "Image for Hub USB C + Lector de Tarjetas"}}]	12	1
2304	2026-06-17 17:39:07.720661+00	133	Cable UTP Interior x Metro	2	[{"changed": {"fields": ["Es un Servicio"]}}, {"added": {"name": "product image", "object": "Image for Cable UTP Interior x Metro"}}]	12	1
2305	2026-06-17 17:39:25.521842+00	134	Cable UTP Exterior x Metro	2	[{"changed": {"fields": ["Es un Servicio"]}}, {"added": {"name": "product image", "object": "Image for Cable UTP Exterior x Metro"}}]	12	1
2306	2026-06-17 17:40:05.298644+00	134	Cable UTP Exterior x Metro	2	[{"changed": {"fields": ["Category", "Subcategory"]}}]	12	1
2307	2026-06-17 17:40:28.366081+00	133	Cable UTP Interior x Metro	2	[{"changed": {"fields": ["Category", "Subcategory"]}}]	12	1
2308	2026-06-17 17:41:42.885747+00	133	Cable UTP Interior x Metro	2	[{"changed": {"fields": ["Brand", "Supplier"]}}]	12	1
2309	2026-06-17 17:42:27.618325+00	133	Cable UTP Interior x Metro	2	[{"changed": {"name": "product image", "object": "Image for Cable UTP Interior x Metro", "fields": ["Image"]}}]	12	1
2310	2026-06-17 17:42:39.128648+00	134	Cable UTP Exterior x Metro	2	[{"changed": {"name": "product image", "object": "Image for Cable UTP Exterior x Metro", "fields": ["Image"]}}]	12	1
2311	2026-06-17 17:43:41.288911+00	334	Conversor USB C - USB A	2	[{"changed": {"fields": ["Es un Servicio"]}}]	12	1
2312	2026-06-17 17:43:41.290796+00	332	Adaptador HDMI - mini HDMI	2	[{"changed": {"fields": ["Es un Servicio"]}}]	12	1
2313	2026-06-17 17:43:41.291995+00	328	Hub USB C + HDMI	2	[{"changed": {"fields": ["Es un Servicio"]}}]	12	1
2314	2026-06-17 17:43:41.293193+00	327	Hub USB C + Lector de Tarjetas	2	[{"changed": {"fields": ["Es un Servicio"]}}]	12	1
2315	2026-06-17 17:44:30.4249+00	198	40 x Cable Interior in Quote 122	3		19	1
2316	2026-06-17 17:44:59.534126+00	160	Cable Interior	3		12	1
2317	2026-06-17 17:45:15.169286+00	158	Disco Duro Western Digital 1TB	2	[{"changed": {"fields": ["Stock"]}}]	12	1
2318	2026-06-17 17:45:50.092993+00	132	Caja de paso 10cmx10cm	2	[{"changed": {"fields": ["Es un Servicio"]}}, {"added": {"name": "product image", "object": "Image for Caja de paso 10cmx10cm"}}]	12	1
2319	2026-06-17 18:29:40.600077+00	262	MICROSD IMOU CLASE 10 256GB PARA VIDEOVIGILANCIA	2	[{"changed": {"fields": ["Stock"]}}]	12	1
2320	2026-06-17 18:30:44.979697+00	224	Cámaras de seguridad wifi TP-Link Tapo C103 Int/Ext	2	[{"changed": {"fields": ["Activo"]}}]	12	1
2321	2026-06-17 18:30:54.102579+00	320	Fuente 12V 1A	2	[{"changed": {"fields": ["Activo"]}}]	12	1
2322	2026-06-17 18:30:54.104451+00	224	Cámaras de seguridad wifi TP-Link Tapo C103 Int/Ext	2	[{"changed": {"fields": ["Activo"]}}]	12	1
2323	2026-06-17 18:31:15.254331+00	224	Cámaras de seguridad wifi TP-Link Tapo C103 Int/Ext	2	[{"changed": {"fields": ["Activo"]}}]	12	1
2324	2026-06-17 18:32:44.492614+00	172	Pasta Termica Artic MX-4 4g	2	[{"changed": {"fields": ["Activo"]}}]	12	1
2325	2026-06-17 19:05:03.843732+00	31	PARLANTES INTELIGENTES	1	[{"added": {}}]	14	1
2326	2026-06-17 19:08:47.349653+00	346	Amazon - Alexa Echo Spot	1	[{"added": {}}]	12	1
2327	2026-06-17 19:09:44.400964+00	346	Amazon - Alexa Echo Spot	2	[{"changed": {"fields": ["Purchase price", "Costo Promedio", "Sale price"]}}]	12	1
2328	2026-06-17 19:11:50.4638+00	347	Amazon - Alexa Echo Dot 5	1	[{"added": {}}]	12	1
2329	2026-06-17 19:14:38.14303+00	348	Amazon - Alexa Echo Dot Max	1	[{"added": {}}]	12	1
2330	2026-06-17 19:20:23.851843+00	349	Amazon - Alexa Echo Show 8 - Ultima Generacion	1	[{"added": {}}]	12	1
2331	2026-06-17 19:24:19.39222+00	349	Amazon - Alexa Echo Show 8 - Ultima Generacion	2	[{"changed": {"fields": ["Stock en Tr\\u00e1nsito"]}}]	30	1
2332	2026-06-17 19:24:19.394143+00	348	Amazon - Alexa Echo Dot Max	2	[{"changed": {"fields": ["Stock en Tr\\u00e1nsito"]}}]	30	1
2333	2026-06-17 19:24:19.395387+00	347	Amazon - Alexa Echo Dot 5	2	[{"changed": {"fields": ["Stock en Tr\\u00e1nsito"]}}]	30	1
2334	2026-06-17 19:24:19.396617+00	346	Amazon - Alexa Echo Spot	2	[{"changed": {"fields": ["Stock en Tr\\u00e1nsito"]}}]	30	1
2335	2026-06-17 19:24:19.397954+00	59	Alexa - Echo Pop - Openbox	2	[{"changed": {"fields": ["Stock en Tr\\u00e1nsito"]}}]	30	1
2336	2026-06-17 19:48:32.808546+00	59	Alexa - Echo Pop - Openbox	2	[{"changed": {"fields": ["Purchase price"]}}]	30	1
2337	2026-06-17 19:58:31.805904+00	59	Alexa - Echo Pop - Openbox	2	[{"changed": {"fields": ["Costo Promedio"]}}]	12	1
2338	2026-06-17 19:58:49.187731+00	349	Amazon - Alexa Echo Show 8 - Ultima Generacion	2	[{"changed": {"fields": ["Activo", "Es un Servicio"]}}]	12	1
2339	2026-06-17 19:58:49.189743+00	348	Amazon - Alexa Echo Dot Max	2	[{"changed": {"fields": ["Activo", "Es un Servicio"]}}]	12	1
2340	2026-06-17 19:58:49.191078+00	347	Amazon - Alexa Echo Dot 5	2	[{"changed": {"fields": ["Activo", "Es un Servicio"]}}]	12	1
2341	2026-06-17 19:58:49.192323+00	346	Amazon - Alexa Echo Spot	2	[{"changed": {"fields": ["Activo", "Es un Servicio"]}}]	12	1
2342	2026-06-17 19:59:17.597685+00	349	Amazon - Alexa Echo Show 8 - Ultima Generacion	2	[{"changed": {"fields": ["Es un Servicio"]}}]	12	1
2343	2026-06-17 19:59:17.599478+00	348	Amazon - Alexa Echo Dot Max	2	[{"changed": {"fields": ["Es un Servicio"]}}]	12	1
2344	2026-06-17 19:59:17.600713+00	347	Amazon - Alexa Echo Dot 5	2	[{"changed": {"fields": ["Es un Servicio"]}}]	12	1
2345	2026-06-17 19:59:17.601982+00	346	Amazon - Alexa Echo Spot	2	[{"changed": {"fields": ["Es un Servicio"]}}]	12	1
2346	2026-06-17 20:05:07.71341+00	327	Hub USB C + Lector de Tarjetas 8 en 1	2	[{"changed": {"fields": ["Name"]}}, {"changed": {"name": "product image", "object": "Image for Hub USB C + Lector de Tarjetas 8 en 1", "fields": ["Image"]}}]	12	1
2347	2026-06-17 20:06:05.68813+00	328	Hub USB C + HDMI	2	[{"changed": {"fields": ["Stock en Tr\\u00e1nsito"]}}]	30	1
2348	2026-06-17 20:12:45.258656+00	350	Conversor Audio 3.5mm a USB c	1	[{"added": {}}, {"added": {"name": "product image", "object": "Image for Conversor Audio 3.5mm a USB c"}}]	12	1
2349	2026-06-17 20:13:51.782932+00	351	Conversor Audio 3.5mm a USB C - Corto	1	[{"added": {}}, {"added": {"name": "product image", "object": "Image for Conversor Audio 3.5mm a USB C - Corto"}}]	12	1
2350	2026-06-17 20:14:37.309004+00	351	Conversor Audio 3.5mm a USB C - Corto	2	[{"changed": {"fields": ["Stock en Tr\\u00e1nsito"]}}]	30	1
2351	2026-06-17 20:14:37.31086+00	350	Conversor Audio 3.5mm a USB c	2	[{"changed": {"fields": ["Stock en Tr\\u00e1nsito"]}}]	30	1
2352	2026-06-17 23:19:51.41021+00	221	Camara wifi de uso exterior 2k Tapo C206	2	[{"changed": {"fields": ["Stock en Tr\\u00e1nsito"]}}]	30	1
2353	2026-06-17 23:19:57.447856+00	7	Camara wifi de uso exterior 1080p Tapo C500	2	[{"changed": {"fields": ["Stock en Tr\\u00e1nsito"]}}]	30	1
2354	2026-06-18 19:45:47.319896+00	349	Amazon - Alexa Echo Show 8 - Ultima Generacion	2	[{"added": {"name": "product image", "object": "Image for Amazon - Alexa Echo Show 8 - Ultima Generacion"}}]	12	1
2355	2026-06-18 19:45:57.452091+00	348	Amazon - Alexa Echo Dot Max	2	[{"added": {"name": "product image", "object": "Image for Amazon - Alexa Echo Dot Max"}}]	12	1
2356	2026-06-18 19:46:06.900197+00	347	Amazon - Alexa Echo Dot 5	2	[{"added": {"name": "product image", "object": "Image for Amazon - Alexa Echo Dot 5"}}]	12	1
2357	2026-06-18 19:46:17.741556+00	346	Amazon - Alexa Echo Spot	2	[{"added": {"name": "product image", "object": "Image for Amazon - Alexa Echo Spot"}}]	12	1
2414	2026-06-25 14:04:29.838855+00	353	Memoria Micro SD Maxell 64GB	2	[{"changed": {"fields": ["Stock en Tr\\u00e1nsito"]}}]	30	1
2358	2026-06-18 19:46:37.813589+00	59	Alexa - Echo Pop - Openbox	2	[{"changed": {"name": "product image", "object": "Image for Alexa - Echo Pop - Openbox", "fields": ["Image"]}}]	12	1
2359	2026-06-18 19:48:53.522617+00	352	Alexa - Echo Pop - Marvel	1	[{"added": {}}, {"added": {"name": "product image", "object": "Image for Alexa - Echo Pop - Marvel"}}]	12	1
2360	2026-06-18 19:49:22.431555+00	59	Alexa - Echo Pop - Openbox	2	[{"changed": {"fields": ["Description", "Subcategory", "Tags"]}}, {"changed": {"name": "product image", "object": "Image for Alexa - Echo Pop - Openbox", "fields": ["Image"]}}]	12	1
2361	2026-06-18 19:49:38.025327+00	352	Alexa - Echo Pop - Marvel	2	[{"changed": {"fields": ["Tags"]}}]	12	1
2362	2026-06-18 19:49:45.447308+00	349	Amazon - Alexa Echo Show 8 - Ultima Generacion	2	[{"changed": {"fields": ["Tags"]}}]	12	1
2363	2026-06-18 19:49:55.379465+00	348	Amazon - Alexa Echo Dot Max	2	[{"changed": {"fields": ["Tags"]}}]	12	1
2364	2026-06-18 19:50:02.982871+00	347	Amazon - Alexa Echo Dot 5	2	[{"changed": {"fields": ["Tags"]}}]	12	1
2365	2026-06-18 19:50:10.862673+00	346	Amazon - Alexa Echo Spot	2	[{"changed": {"fields": ["Tags"]}}]	12	1
2366	2026-06-18 19:50:24.70037+00	59	Alexa - Echo Pop - Openbox	2	[{"changed": {"fields": ["Tags"]}}]	12	1
2367	2026-06-18 21:22:04.353969+00	352	Alexa - Echo Pop - Marvel	2	[{"changed": {"fields": ["Stock en Tr\\u00e1nsito"]}}]	30	1
2368	2026-06-18 23:22:39.853835+00	24	Amazon Fire TV Stick - 2 gen	2	[{"changed": {"fields": ["Discount"]}}]	12	1
2369	2026-06-18 23:22:50.827224+00	24	Amazon Fire TV Stick - 2 gen	2	[{"changed": {"fields": ["Discount"]}}]	12	1
2370	2026-06-18 23:22:58.522295+00	24	Amazon Fire TV Stick - 2 gen	2	[{"changed": {"fields": ["Discount"]}}]	12	1
2371	2026-06-19 16:18:59.239974+00	51	Altavoz Bluetooth portátil Tazata - BOOMBLAST	2	[{"changed": {"fields": ["Stock"]}}]	12	1
2372	2026-06-19 16:30:03.921277+00	51	Altavoz Bluetooth portátil Tazata - BOOMBLAST	2	[{"changed": {"fields": ["Discount"]}}]	12	1
2373	2026-06-19 16:30:30.525516+00	253	Altavoz Bluetooth portátil Tazata - BOOMBLAST Pro	2	[{"changed": {"fields": ["Sale price"]}}]	12	1
2374	2026-06-19 19:17:14.963887+00	230	Camara Javiscam Mini	2	[{"changed": {"fields": ["Sale price"]}}]	12	1
2375	2026-06-19 19:56:52.710214+00	295	Reloj Curren 8402 - Cronografo	2	[{"changed": {"fields": ["Stock en Tr\\u00e1nsito"]}}]	30	1
2376	2026-06-19 19:57:11.5341+00	296	Reloj Naviforce NF8051	2	[{"changed": {"fields": ["Stock en Tr\\u00e1nsito"]}}]	30	1
2377	2026-06-19 20:02:30.854343+00	205	Proyector - Videobeam Kogata Full HD Smart wifi - bluetooth	2	[{"changed": {"fields": ["Stock en Tr\\u00e1nsito"]}}]	30	1
2378	2026-06-20 16:18:21.554114+00	258	Proyector - Videobeam Android Lyncast 1080p bluetooth - Wifi	2	[{"changed": {"fields": ["Stock en Tr\\u00e1nsito"]}}]	30	1
2379	2026-06-20 16:18:45.52246+00	294	Reloj Casio AE-1500WH 1AVDF	2	[{"changed": {"fields": ["Purchase price", "Stock en Tr\\u00e1nsito"]}}]	30	1
2380	2026-06-20 16:30:14.594837+00	344	Reloj Naviforce NF7127	2	[{"changed": {"fields": ["Sale price"]}}]	12	1
2381	2026-06-20 16:30:26.472176+00	343	Reloj Naviforce NF7133	2	[{"changed": {"fields": ["Sale price"]}}]	12	1
2382	2026-06-20 16:30:38.364994+00	341	Reloj Naviforce NF7104	2	[{"changed": {"fields": ["Sale price"]}}]	12	1
2383	2026-06-20 16:31:41.450472+00	342	Reloj Naviforce NF6104	2	[{"changed": {"fields": ["Sale price"]}}]	12	1
2384	2026-06-20 16:32:29.410854+00	304	Reloj Naviforce NF8038	2	[{"changed": {"fields": ["Sale price"]}}]	30	1
2385	2026-06-20 16:41:59.961505+00	205	Proyector - Videobeam Kogata Full HD Smart wifi - bluetooth	2	[{"changed": {"fields": ["Destacado"]}}]	12	1
2386	2026-06-20 16:41:59.96343+00	87	Proyector - Videobeam Android MagCubic 720p bluetooth - Wifi	2	[{"changed": {"fields": ["Destacado"]}}]	12	1
2387	2026-06-20 21:32:28.075437+00	315	Parlante Bluetooth 80w - RGB	2	[{"changed": {"fields": ["Sale price"]}}]	12	1
2388	2026-06-20 22:39:29.418234+00	150	Proyector - Videobeam HY300ULTRA Smart wifi - bluetooth - Magis	2	[{"changed": {"fields": ["Sale price", "Stock en Tr\\u00e1nsito"]}}]	30	1
2389	2026-06-21 14:57:27.235024+00	197	Combo Gamer	2	[{"changed": {"fields": ["Discount"]}}]	12	1
2390	2026-06-21 14:57:37.723016+00	197	Combo Gamer	2	[{"changed": {"fields": ["Discount"]}}]	12	1
2391	2026-06-22 14:34:14.810072+00	315	Parlante Tamroad Bluetooth 80w - RGB	2	[{"changed": {"fields": ["Name"]}}]	12	1
2392	2026-06-22 14:34:32.673174+00	315	Parlante Tamroad Bluetooth 80w - RGB	2	[{"changed": {"fields": ["Sale price", "Discount"]}}]	12	1
2393	2026-06-22 14:34:50.697883+00	315	Parlante Tamroad Bluetooth 80w - RGB	2	[{"changed": {"fields": ["Sale price"]}}]	12	1
2394	2026-06-22 14:37:34.62108+00	72	TAMPROAD	2	[{"changed": {"fields": ["Name"]}}]	28	1
2395	2026-06-22 14:37:36.991269+00	315	Parlante Tamproad Bluetooth 80w - RGB	2	[{"changed": {"fields": ["Name"]}}]	12	1
2396	2026-06-22 15:04:29.461879+00	175	Xiaomi Smart Band 9 Pro - Rosa	2	[{"changed": {"fields": ["Tags"]}}]	12	1
2397	2026-06-22 15:05:25.118741+00	298	Huawei Smartwatch gt6 pro	2	[{"changed": {"fields": ["Tags"]}}]	12	1
2398	2026-06-22 15:05:36.882644+00	271	Realme Watch 5	2	[{"changed": {"fields": ["Tags"]}}]	12	1
2399	2026-06-22 15:05:51.763178+00	204	Xiaomi Smart Band 9 - Plata - Rosa	2	[{"changed": {"fields": ["Tags"]}}]	12	1
2400	2026-06-22 15:06:10.162103+00	203	Xiaomi Smart Band 9 Pro - Plata	2	[{"changed": {"fields": ["Tags"]}}]	12	1
2401	2026-06-22 15:06:27.239326+00	175	Xiaomi Smart Band 9 Pro - Rosa	2	[{"changed": {"fields": ["Tags"]}}]	12	1
2402	2026-06-22 15:06:40.913138+00	155	Smartwatch - Reloj Haylou Solar Ultra	2	[{"changed": {"fields": ["Tags"]}}]	12	1
2403	2026-06-22 15:06:56.832337+00	72	Smartwatch - Reloj Haylou Solar Neo	2	[{"changed": {"fields": ["Tags"]}}]	12	1
2404	2026-06-22 15:07:11.883517+00	298	Huawei Smartwatch gt6 pro	2	[{"changed": {"fields": ["Tags"]}}]	12	1
2405	2026-06-22 16:20:01.216449+00	24	Amazon Fire TV Stick - 2 gen	2	[{"changed": {"fields": ["Discount"]}}]	12	1
2406	2026-06-22 16:20:09.842886+00	24	Amazon Fire TV Stick - 2 gen	2	[{"changed": {"fields": ["Discount"]}}]	12	1
2407	2026-06-22 21:56:39.61312+00	98	Onn Full HD TV Box con Android TV	2	[{"changed": {"fields": ["Stock en Tr\\u00e1nsito"]}}]	30	1
2408	2026-06-22 23:41:56.267068+00	314	Proyector - Videobeam Android GooDee 1080p bluetooth - Wifi	2	[{"changed": {"fields": ["Stock en Tr\\u00e1nsito"]}}]	30	1
2409	2026-06-22 23:42:45.513598+00	221	Camara wifi de uso exterior 2k Tapo C206	2	[{"changed": {"fields": ["Stock en Tr\\u00e1nsito"]}}]	30	1
2410	2026-06-22 23:43:09.551789+00	87	Proyector - Videobeam Android MagCubic 720p bluetooth - Wifi	2	[{"changed": {"fields": ["Stock en Tr\\u00e1nsito"]}}]	30	1
2411	2026-06-25 14:02:14.704922+00	75	MAXELL	1	[{"added": {}}]	28	1
2412	2026-06-25 14:02:24.727636+00	13	FALABELLA	1	[{"added": {}}]	29	1
2413	2026-06-25 14:04:15.271274+00	353	Memoria Micro SD Maxell 64GB	1	[{"added": {}}]	12	1
2415	2026-06-25 14:04:41.234582+00	258	Proyector - Videobeam Android Lyncast 1080p bluetooth - Wifi	2	[{"changed": {"fields": ["Stock en Tr\\u00e1nsito"]}}]	30	1
2416	2026-06-25 14:05:19.340304+00	64	Proyector - Videobeam DBPower Full HD nativo wifi - bluetooth - Maleta	2	[{"changed": {"fields": ["Stock en Tr\\u00e1nsito"]}}]	30	1
2417	2026-06-25 14:05:39.157745+00	310	SSD Sata KingSpec 256GB	2	[{"changed": {"fields": ["Stock en Tr\\u00e1nsito"]}}]	30	1
2418	2026-06-25 14:06:04.350559+00	87	Proyector - Videobeam Android MagCubic 720p bluetooth - Wifi	2	[{"changed": {"fields": ["Stock en Tr\\u00e1nsito"]}}]	30	1
2419	2026-06-25 14:07:21.860484+00	221	Camara wifi de uso exterior 2k Tapo C206	2	[{"changed": {"fields": ["Stock en Tr\\u00e1nsito"]}}]	30	1
2420	2026-06-25 14:07:31.916068+00	221	Camara wifi de uso exterior 2k Tapo C206	2	[{"changed": {"fields": ["Stock en Tr\\u00e1nsito"]}}]	30	1
2421	2026-06-25 14:12:57.106101+00	354	Tag Rastreador UGREEN FineTrack (Iphone)	1	[{"added": {}}]	12	1
2422	2026-06-25 14:15:25.335385+00	355	Cargador Ugreen Uno 30W GaN II - Robot	1	[{"added": {}}]	12	1
2423	2026-06-25 14:17:02.59287+00	356	Audifonos Cableado	1	[{"added": {}}]	12	1
2424	2026-06-25 14:19:34.133727+00	357	Mouse Pad Negro 22x28cm	1	[{"added": {}}]	12	1
2425	2026-06-25 14:20:00.187247+00	357	Mouse Pad Negro 22x28cm	2	[{"changed": {"fields": ["Stock en Tr\\u00e1nsito"]}}]	30	1
2426	2026-06-25 14:20:00.1891+00	356	Audifonos Cableado	2	[{"changed": {"fields": ["Stock en Tr\\u00e1nsito"]}}]	30	1
2427	2026-06-25 14:20:00.190334+00	355	Cargador Ugreen Uno 30W GaN II - Robot	2	[{"changed": {"fields": ["Stock en Tr\\u00e1nsito"]}}]	30	1
2428	2026-06-25 14:20:00.191526+00	354	Tag Rastreador UGREEN FineTrack (Iphone)	2	[{"changed": {"fields": ["Stock en Tr\\u00e1nsito"]}}]	30	1
2429	2026-06-25 17:06:26.387833+00	14	SAMSUNG	1	[{"added": {}}]	29	1
2430	2026-06-25 17:09:32.74931+00	358	Samsung S25 Ultra 12/256GB - Como Nuevo	1	[{"added": {}}, {"added": {"name": "product image", "object": "Image for Samsung S25 Ultra 12/256GB - Como Nuevo"}}, {"added": {"name": "product image", "object": "Image for Samsung S25 Ultra 12/256GB - Como Nuevo"}}, {"added": {"name": "product image", "object": "Image for Samsung S25 Ultra 12/256GB - Como Nuevo"}}, {"added": {"name": "product image", "object": "Image for Samsung S25 Ultra 12/256GB - Como Nuevo"}}, {"added": {"name": "product image", "object": "Image for Samsung S25 Ultra 12/256GB - Como Nuevo"}}, {"added": {"name": "product image", "object": "Image for Samsung S25 Ultra 12/256GB - Como Nuevo"}}, {"added": {"name": "product image", "object": "Image for Samsung S25 Ultra 12/256GB - Como Nuevo"}}, {"added": {"name": "product image", "object": "Image for Samsung S25 Ultra 12/256GB - Como Nuevo"}}, {"added": {"name": "product image", "object": "Image for Samsung S25 Ultra 12/256GB - Como Nuevo"}}]	12	1
2431	2026-06-26 14:54:06.223559+00	326	Cargador Ugreen 30W GaN II + Cable USB C	2	[{"changed": {"fields": ["Stock"]}}]	12	1
2432	2026-06-26 15:05:03.372363+00	125	Cargador Ugreen 30W GaN II	2	[{"changed": {"fields": ["Stock en Tr\\u00e1nsito"]}}]	30	1
2433	2026-06-26 15:05:03.37472+00	112	Cargador Ugreen 30W GaN II Nexode	2	[{"changed": {"fields": ["Stock en Tr\\u00e1nsito"]}}]	30	1
2434	2026-06-26 15:48:23.62695+00	291	Memoria Micro SD Kingstone Select 64GB	2	[{"changed": {"fields": ["Sale price"]}}]	12	1
2435	2026-06-26 16:53:32.487749+00	358	Samsung S25 Ultra 12/256GB - Como Nuevo	2	[{"changed": {"fields": ["Es un Kit/Combo"]}}]	12	1
\.


--
-- Data for Name: django_celery_results_chordcounter; Type: TABLE DATA; Schema: public; Owner: solid
--

COPY public.django_celery_results_chordcounter (id, group_id, sub_tasks, count) FROM stdin;
\.


--
-- Data for Name: django_celery_results_groupresult; Type: TABLE DATA; Schema: public; Owner: solid
--

COPY public.django_celery_results_groupresult (id, group_id, date_created, date_done, content_type, content_encoding, result) FROM stdin;
\.


--
-- Data for Name: django_celery_results_taskresult; Type: TABLE DATA; Schema: public; Owner: solid
--

COPY public.django_celery_results_taskresult (id, task_id, status, content_type, content_encoding, result, date_done, traceback, meta, task_args, task_kwargs, task_name, worker, date_created, periodic_task_name, date_started) FROM stdin;
\.


--
-- Data for Name: django_content_type; Type: TABLE DATA; Schema: public; Owner: solid
--

COPY public.django_content_type (id, app_label, model) FROM stdin;
1	admin	logentry
2	auth	permission
3	auth	group
4	contenttypes	contenttype
5	sessions	session
6	authtoken	token
7	authtoken	tokenproxy
8	accounts	customuser
9	accounts	userprofile
10	products	category
11	products	tag
12	products	product
13	products	productimage
14	products	subcategory
15	inventory	stockentry
16	carts	cart
17	carts	cartitem
18	carts	quote
19	carts	quoteitem
20	sales	discount
21	marketing	banner
22	token_blacklist	blacklistedtoken
23	token_blacklist	outstandingtoken
24	django_celery_results	taskresult
25	django_celery_results	chordcounter
26	django_celery_results	groupresult
27	carts	coupon
28	products	brand
29	products	supplier
30	products	productpricing
\.


--
-- Data for Name: django_migrations; Type: TABLE DATA; Schema: public; Owner: solid
--

COPY public.django_migrations (id, app, name, applied) FROM stdin;
1	contenttypes	0001_initial	2025-06-21 18:27:32.148226+00
2	contenttypes	0002_remove_content_type_name	2025-06-21 18:27:32.155432+00
3	auth	0001_initial	2025-06-21 18:27:32.19475+00
4	auth	0002_alter_permission_name_max_length	2025-06-21 18:27:32.199046+00
5	auth	0003_alter_user_email_max_length	2025-06-21 18:27:32.203213+00
6	auth	0004_alter_user_username_opts	2025-06-21 18:27:32.207423+00
7	auth	0005_alter_user_last_login_null	2025-06-21 18:27:32.211574+00
8	auth	0006_require_contenttypes_0002	2025-06-21 18:27:32.212951+00
9	auth	0007_alter_validators_add_error_messages	2025-06-21 18:27:32.217063+00
10	auth	0008_alter_user_username_max_length	2025-06-21 18:27:32.221237+00
11	auth	0009_alter_user_last_name_max_length	2025-06-21 18:27:32.225527+00
12	auth	0010_alter_group_name_max_length	2025-06-21 18:27:32.231252+00
13	auth	0011_update_proxy_permissions	2025-06-21 18:27:32.235326+00
14	auth	0012_alter_user_first_name_max_length	2025-06-21 18:27:32.239566+00
15	accounts	0001_initial	2025-06-21 18:27:32.304302+00
16	accounts	0002_remove_userprofile_email_remove_userprofile_id_and_more	2025-06-21 18:27:32.346652+00
17	admin	0001_initial	2025-06-21 18:27:32.367258+00
18	admin	0002_logentry_remove_auto_add	2025-06-21 18:27:32.373493+00
19	admin	0003_logentry_add_action_flag_choices	2025-06-21 18:27:32.381719+00
20	authtoken	0001_initial	2025-06-21 18:27:32.396986+00
21	authtoken	0002_auto_20160226_1747	2025-06-21 18:27:32.417201+00
22	authtoken	0003_tokenproxy	2025-06-21 18:27:32.41913+00
23	authtoken	0004_alter_tokenproxy_options	2025-06-21 18:27:32.422535+00
24	products	0001_initial	2025-06-21 18:27:32.481469+00
25	carts	0001_initial	2025-06-21 18:27:32.557445+00
26	inventory	0001_initial	2025-06-21 18:27:32.58287+00
27	marketing	0001_initial	2025-06-21 18:27:32.598867+00
28	products	0002_alter_product_purchase_price	2025-06-21 18:27:32.605886+00
29	products	0003_product_is_featured_alter_product_sale_price	2025-06-21 18:27:32.622478+00
30	products	0004_alter_category_options_alter_subcategory_options_and_more	2025-06-21 18:27:32.678489+00
31	sales	0001_initial	2025-06-21 18:27:32.707748+00
32	sessions	0001_initial	2025-06-21 18:27:32.721149+00
33	token_blacklist	0001_initial	2025-06-21 18:27:32.770412+00
34	token_blacklist	0002_outstandingtoken_jti_hex	2025-06-21 18:27:32.780183+00
35	token_blacklist	0003_auto_20171017_2007	2025-06-21 18:27:32.797669+00
36	token_blacklist	0004_auto_20171017_2013	2025-06-21 18:27:32.814071+00
37	token_blacklist	0005_remove_outstandingtoken_jti	2025-06-21 18:27:32.823654+00
38	token_blacklist	0006_auto_20171017_2113	2025-06-21 18:27:32.833495+00
39	token_blacklist	0007_auto_20171017_2214	2025-06-21 18:27:32.861977+00
40	token_blacklist	0008_migrate_to_bigautofield	2025-06-21 18:27:32.962249+00
41	token_blacklist	0010_fix_migrate_to_bigautofield	2025-06-21 18:27:32.980918+00
42	token_blacklist	0011_linearizes_history	2025-06-21 18:27:32.982622+00
43	token_blacklist	0012_alter_outstandingtoken_user	2025-06-21 18:27:32.996459+00
44	products	0005_alter_category_options_category_display_order	2025-06-27 15:40:26.1866+00
45	carts	0002_alter_quote_options_quote_customer_document_and_more	2025-07-02 01:02:29.601174+00
46	django_celery_results	0001_initial	2025-07-28 14:59:33.726522+00
47	django_celery_results	0002_add_task_name_args_kwargs	2025-07-28 14:59:33.736256+00
48	django_celery_results	0003_auto_20181106_1101	2025-07-28 14:59:33.743304+00
49	django_celery_results	0004_auto_20190516_0412	2025-07-28 14:59:33.78267+00
50	django_celery_results	0005_taskresult_worker	2025-07-28 14:59:33.796381+00
51	django_celery_results	0006_taskresult_date_created	2025-07-28 14:59:33.824472+00
52	django_celery_results	0007_remove_taskresult_hidden	2025-07-28 14:59:33.8291+00
53	django_celery_results	0008_chordcounter	2025-07-28 14:59:33.849289+00
54	django_celery_results	0009_groupresult	2025-07-28 14:59:33.961099+00
55	django_celery_results	0010_remove_duplicate_indices	2025-07-28 14:59:33.972696+00
56	django_celery_results	0011_taskresult_periodic_task_name	2025-07-28 14:59:33.976677+00
57	django_celery_results	0012_taskresult_date_started	2025-07-28 14:59:33.981568+00
58	django_celery_results	0013_taskresult_django_cele_periodi_1993cf_idx	2025-07-28 14:59:33.989065+00
59	django_celery_results	0014_alter_taskresult_status	2025-07-28 14:59:33.99496+00
60	carts	0003_coupon_quote_coupon_discount_and_more	2025-09-22 16:06:32.409566+00
61	products	0006_category_is_active_product_is_active_and_more	2025-10-29 19:38:03.031824+00
62	products	0007_product_is_service	2025-10-29 19:38:03.042069+00
63	products	0008_product_average_cost	2026-06-09 21:28:59.392669+00
64	products	0009_auto_20260608_2319	2026-06-09 21:28:59.761782+00
65	carts	0004_alter_coupon_discount_type_and_more	2026-06-09 21:28:59.798366+00
66	carts	0005_quoteitem_cost_at_quote	2026-06-09 21:28:59.827533+00
67	carts	0006_auto_20260608_2324	2026-06-09 21:29:00.610276+00
68	products	0010_brand_supplier_product_brand_product_supplier	2026-06-10 14:51:31.002554+00
69	products	0011_product_reference_cop_cost_and_more	2026-06-10 14:51:31.033381+00
70	products	0012_productpricing_product_incoming_stock	2026-06-10 14:51:31.054954+00
71	products	0013_product_is_combo	2026-06-17 15:28:13.727688+00
\.


--
-- Data for Name: django_session; Type: TABLE DATA; Schema: public; Owner: solid
--

COPY public.django_session (session_key, session_data, expire_date) FROM stdin;
lf9z1ua0l59dtsica78733xk6sawm668	.eJxVjEEOwiAQRe_C2hCmwAAu3XsGMpRBqoYmpV0Z765NutDtf-_9l4i0rTVunZc4ZXEWIE6_W6LxwW0H-U7tNstxbusyJbkr8qBdXufMz8vh_h1U6vVbWw2ok3NGQXEhBOWUQtDBpYDkrVM8UDYMWHThgoyWkgczFFSZPATx_gCjDTbE:1uT3WL:pC-ZVTkakTzEPqPFK8zPqZRjY-hAiUGc2tzl3A-QXkw	2025-07-05 19:04:57.169875+00
hyle1n6ooyvuymd30lud9w1h7el4ai9h	.eJxVjEEOwiAQRe_C2hCmwAAu3XsGMpRBqoYmpV0Z765NutDtf-_9l4i0rTVunZc4ZXEWIE6_W6LxwW0H-U7tNstxbusyJbkr8qBdXufMz8vh_h1U6vVbWw2ok3NGQXEhBOWUQtDBpYDkrVM8UDYMWHThgoyWkgczFFSZPATx_gCjDTbE:1uT4Tg:cR5SS7Yap_a78MUNHB-NeapWNATn9yk0JPoTksXf-Wc	2025-07-05 20:06:16.242399+00
shke8gycyy0cxqe7ugozp95o40w4dvc7	.eJxVjEEOwiAQRe_C2hCmwAAu3XsGMpRBqoYmpV0Z765NutDtf-_9l4i0rTVunZc4ZXEWIE6_W6LxwW0H-U7tNstxbusyJbkr8qBdXufMz8vh_h1U6vVbWw2ok3NGQXEhBOWUQtDBpYDkrVM8UDYMWHThgoyWkgczFFSZPATx_gCjDTbE:1uT6Zk:VVy1T5UHoSlf8qnLO8xJi-WQNEY3yAr_8Et_7NiIUGI	2025-07-05 22:20:40.614025+00
d0i5van0kjgz179jf5gsti7ecge45jtp	.eJxVjEEOwiAQRe_C2hCmwAAu3XsGMpRBqoYmpV0Z765NutDtf-_9l4i0rTVunZc4ZXEWIE6_W6LxwW0H-U7tNstxbusyJbkr8qBdXufMz8vh_h1U6vVbWw2ok3NGQXEhBOWUQtDBpYDkrVM8UDYMWHThgoyWkgczFFSZPATx_gCjDTbE:1uVb7f:gmw9IfVd6uSh26d4I6mROJhN7V-35PuZp6DvOJPy--g	2025-07-12 19:21:59.58008+00
js0s4gbnxh8d9ri56o1iu8ig8eshqksk	.eJxVjMsOgjAURP-la9PcNvTl0r3f0Ay9xaKmJBRWxH8XEha6m8w5M5uIWJcS15bnOLK4Ci0uv12P9Mr1APxEfUwyTXWZx14eijxpk_eJ8_t2un8HBa3sa2KLgRP5QGx0UAnKDXsySPDMMJmYOyLbKecdEbkA6yzglFbBkvh8Ae66N1s:1uW44B:CtMINg6ffWZ63r9Ej89EhA30P8vlEJZ8KG6YdWH1NKI	2025-07-14 02:16:19.271625+00
4y2ays1wumsx86ylwiof57gdllibjqqy	.eJxVjEEOwiAQRe_C2hCmwAAu3XsGMpRBqoYmpV0Z765NutDtf-_9l4i0rTVunZc4ZXEWIE6_W6LxwW0H-U7tNstxbusyJbkr8qBdXufMz8vh_h1U6vVbWw2ok3NGQXEhBOWUQtDBpYDkrVM8UDYMWHThgoyWkgczFFSZPATx_gCjDTbE:1uWfrf:rnr_BdSKGcqMTUdFIbGQ4karO8Oe3Ey2A1rpDxYpeO8	2025-07-15 18:37:55.053971+00
r5srvpqbyx3px8ynlk9mhgzkfylwhyw1	.eJxVjEEOwiAQRe_C2hCmwAAu3XsGMpRBqoYmpV0Z765NutDtf-_9l4i0rTVunZc4ZXEWIE6_W6LxwW0H-U7tNstxbusyJbkr8qBdXufMz8vh_h1U6vVbWw2ok3NGQXEhBOWUQtDBpYDkrVM8UDYMWHThgoyWkgczFFSZPATx_gCjDTbE:1ubVK4:aadJriT4-3KPkW-dl_onM36NGmXEg2EWg9sp3ryADtg	2025-07-29 02:23:12.880226+00
9x9c36xx4m1zv4dkib1nca1w3yzgrsmu	.eJxVjEEOwiAQRe_C2hCmwAAu3XsGMpRBqoYmpV0Z765NutDtf-_9l4i0rTVunZc4ZXEWIE6_W6LxwW0H-U7tNstxbusyJbkr8qBdXufMz8vh_h1U6vVbWw2ok3NGQXEhBOWUQtDBpYDkrVM8UDYMWHThgoyWkgczFFSZPATx_gCjDTbE:1ucv6Q:ce1MOy-nYkhfJmUUFDt8crKI4aYJ2T9q0xV7RJlFMvM	2025-08-02 00:06:58.189757+00
k56p7l7zm3rjxjnvworja56ppsbm6uev	.eJxVjEEOwiAQRe_C2hCmwAAu3XsGMpRBqoYmpV0Z765NutDtf-_9l4i0rTVunZc4ZXEWIE6_W6LxwW0H-U7tNstxbusyJbkr8qBdXufMz8vh_h1U6vVbWw2ok3NGQXEhBOWUQtDBpYDkrVM8UDYMWHThgoyWkgczFFSZPATx_gCjDTbE:1ueLvU:qVyzUD8WVkObDORB9NlziIZ2qMMmBg5f8bfVqGGH-Uw	2025-08-05 22:57:36.449116+00
kq9m401hbje6m00jrcdokz7j99pjx0u5	.eJxVjEEOwiAQRe_C2hCmwAAu3XsGMpRBqoYmpV0Z765NutDtf-_9l4i0rTVunZc4ZXEWIE6_W6LxwW0H-U7tNstxbusyJbkr8qBdXufMz8vh_h1U6vVbWw2ok3NGQXEhBOWUQtDBpYDkrVM8UDYMWHThgoyWkgczFFSZPATx_gCjDTbE:1ujmkE:Td1elZUzklMC90j6zhiUQRjCZ7Z_yQUT9JYjGxq1qeA	2025-08-20 22:36:26.669802+00
bpacggghw2suhszst3dt9wte1bdif4hs	.eJxVjEEOwiAQRe_C2hCmwAAu3XsGMpRBqoYmpV0Z765NutDtf-_9l4i0rTVunZc4ZXEWIE6_W6LxwW0H-U7tNstxbusyJbkr8qBdXufMz8vh_h1U6vVbWw2ok3NGQXEhBOWUQtDBpYDkrVM8UDYMWHThgoyWkgczFFSZPATx_gCjDTbE:1ulsWo:ipjkayNPYhgBSZzxvOaKkFtbwIwf5IPOVv3UoENYgHc	2025-08-26 17:11:14.322849+00
5ovwd0qkzblhh7yffitnffbbm23is2s9	.eJxVjEEOwiAQRe_C2hCmwAAu3XsGMpRBqoYmpV0Z765NutDtf-_9l4i0rTVunZc4ZXEWIE6_W6LxwW0H-U7tNstxbusyJbkr8qBdXufMz8vh_h1U6vVbWw2ok3NGQXEhBOWUQtDBpYDkrVM8UDYMWHThgoyWkgczFFSZPATx_gCjDTbE:1urQKJ:zhOpsfH3HEZjAG5Asu178nDYyXA23lNOuvhNlUf8JFY	2025-09-11 00:17:15.722351+00
26hbo1y35062u0ypj53uij2fznx3g2kh	.eJxVjEEOwiAQRe_C2hCmwAAu3XsGMpRBqoYmpV0Z765NutDtf-_9l4i0rTVunZc4ZXEWIE6_W6LxwW0H-U7tNstxbusyJbkr8qBdXufMz8vh_h1U6vVbWw2ok3NGQXEhBOWUQtDBpYDkrVM8UDYMWHThgoyWkgczFFSZPATx_gCjDTbE:1us3cS:pg-oFkcR_WT5Hm48jvwqEc8HptHExy7qU9bMsvncjiI	2025-09-12 18:14:36.432322+00
1ejmaerod189kbwxke1ds41zs7phkq3l	.eJxVjEEOwiAQRe_C2hCmwAAu3XsGMpRBqoYmpV0Z765NutDtf-_9l4i0rTVunZc4ZXEWIE6_W6LxwW0H-U7tNstxbusyJbkr8qBdXufMz8vh_h1U6vVbWw2ok3NGQXEhBOWUQtDBpYDkrVM8UDYMWHThgoyWkgczFFSZPATx_gCjDTbE:1uxrlV:EUcAu4Gf6Z0OMhpvFjhjtd2t7UfNUBpgK5Zs6vrzJwU	2025-09-28 18:47:57.488007+00
02pph5pi3yjb9bom8rn66tgw7874wjtt	.eJxVjEEOwiAQRe_C2hCmwAAu3XsGMpRBqoYmpV0Z765NutDtf-_9l4i0rTVunZc4ZXEWIE6_W6LxwW0H-U7tNstxbusyJbkr8qBdXufMz8vh_h1U6vVbWw2ok3NGQXEhBOWUQtDBpYDkrVM8UDYMWHThgoyWkgczFFSZPATx_gCjDTbE:1uyENa:PaH85H2iJMC6ILoq84ysDoxmG-EQco2e9z5W5W-VxjQ	2025-09-29 18:56:46.488236+00
enqqbn3qenrt50iconzlzt8d4jz5vbaq	.eJxVjEEOwiAQRe_C2hCmwAAu3XsGMpRBqoYmpV0Z765NutDtf-_9l4i0rTVunZc4ZXEWIE6_W6LxwW0H-U7tNstxbusyJbkr8qBdXufMz8vh_h1U6vVbWw2ok3NGQXEhBOWUQtDBpYDkrVM8UDYMWHThgoyWkgczFFSZPATx_gCjDTbE:1v0UJ2:5Wo6YyjQ-VpC5J9v-08NbTL_l3oRvCh_4Eplmb2r-Qk	2025-10-06 00:21:24.521668+00
p7re0896c7llriesxzzl86wf6yv3zxor	.eJxVjEEOwiAQRe_C2hCmwAAu3XsGMpRBqoYmpV0Z765NutDtf-_9l4i0rTVunZc4ZXEWIE6_W6LxwW0H-U7tNstxbusyJbkr8qBdXufMz8vh_h1U6vVbWw2ok3NGQXEhBOWUQtDBpYDkrVM8UDYMWHThgoyWkgczFFSZPATx_gCjDTbE:1v3EKp:bVnqeu1uDY4e8756pqqbCHS0vCIakJRZCac-PZgQNxI	2025-10-13 13:54:35.914241+00
29zdlln5re6qjuli8j7czj81qbxddb2q	.eJxVjEEOwiAQRe_C2hCmwAAu3XsGMpRBqoYmpV0Z765NutDtf-_9l4i0rTVunZc4ZXEWIE6_W6LxwW0H-U7tNstxbusyJbkr8qBdXufMz8vh_h1U6vVbWw2ok3NGQXEhBOWUQtDBpYDkrVM8UDYMWHThgoyWkgczFFSZPATx_gCjDTbE:1v6WtO:Th6GQRMPoOu_mm6jpaSDJwEY-bVPmD5Oqs8zapmLM1c	2025-10-22 16:19:54.956064+00
zyhqweojna93zr5gmob3oy5y7t3nnqg1	.eJxVjEEOwiAQRe_C2hCmwAAu3XsGMpRBqoYmpV0Z765NutDtf-_9l4i0rTVunZc4ZXEWIE6_W6LxwW0H-U7tNstxbusyJbkr8qBdXufMz8vh_h1U6vVbWw2ok3NGQXEhBOWUQtDBpYDkrVM8UDYMWHThgoyWkgczFFSZPATx_gCjDTbE:1v7LOl:q3m59Tmci6BgEkB6uORMoHG5W8X6zcRSzypxXE5fDmc	2025-10-24 22:15:39.43911+00
xfbtxi5i1lp7wldw547un41o12do4539	.eJxVjEEOwiAQRe_C2hCmwAAu3XsGMpRBqoYmpV0Z765NutDtf-_9l4i0rTVunZc4ZXEWIE6_W6LxwW0H-U7tNstxbusyJbkr8qBdXufMz8vh_h1U6vVbWw2ok3NGQXEhBOWUQtDBpYDkrVM8UDYMWHThgoyWkgczFFSZPATx_gCjDTbE:1v93Wg:kIFj4r4KDBfbr5rzyaJAUtPbNaOH7B83fur5zvb5XAM	2025-10-29 15:34:54.39284+00
nbmcrhk5aqn5uqmz25djmrnbmmpicrpj	.eJxVjEEOwiAQRe_C2hCmwAAu3XsGMpRBqoYmpV0Z765NutDtf-_9l4i0rTVunZc4ZXEWIE6_W6LxwW0H-U7tNstxbusyJbkr8qBdXufMz8vh_h1U6vVbWw2ok3NGQXEhBOWUQtDBpYDkrVM8UDYMWHThgoyWkgczFFSZPATx_gCjDTbE:1vCR35:bM9z7RJQbYYX7O960JvrRK7TemltBkylnDOauOHGrz0	2025-11-07 23:18:19.250863+00
18ln25o1e7o0eeg2e9zgsluyito76k13	.eJxVjEEOwiAQRe_C2hCmwAAu3XsGMpRBqoYmpV0Z765NutDtf-_9l4i0rTVunZc4ZXEWIE6_W6LxwW0H-U7tNstxbusyJbkr8qBdXufMz8vh_h1U6vVbWw2ok3NGQXEhBOWUQtDBpYDkrVM8UDYMWHThgoyWkgczFFSZPATx_gCjDTbE:1vEC0k:YhWG1gFhfrGk0UdhNyPhnGjkH1hH8iVCb_DhbAskQ2g	2025-11-12 19:39:10.981851+00
vnwqe8dejydftvkqdvzzlqr8mlht44yw	.eJxVjEEOwiAQRe_C2hCmwAAu3XsGMpRBqoYmpV0Z765NutDtf-_9l4i0rTVunZc4ZXEWIE6_W6LxwW0H-U7tNstxbusyJbkr8qBdXufMz8vh_h1U6vVbWw2ok3NGQXEhBOWUQtDBpYDkrVM8UDYMWHThgoyWkgczFFSZPATx_gCjDTbE:1vHVqx:V6kz0s8ZLY8r4AZQnIhjkxyW48ZA2U0dwXEDAxoQG5M	2025-11-21 23:26:47.357503+00
g748dqdd8zdtnl2db1lwmr6l4900o61n	.eJxVjEEOwiAQRe_C2hCmwAAu3XsGMpRBqoYmpV0Z765NutDtf-_9l4i0rTVunZc4ZXEWIE6_W6LxwW0H-U7tNstxbusyJbkr8qBdXufMz8vh_h1U6vVbWw2ok3NGQXEhBOWUQtDBpYDkrVM8UDYMWHThgoyWkgczFFSZPATx_gCjDTbE:1vJc7e:lOb-aKZtd6XIKRZR2zj3_jUWZ-KYTRwrQZ7Az4qet-Y	2025-11-27 18:32:42.4676+00
kffv2vrndabexq2seaxdpp8ghbjnf45n	.eJxVjEEOwiAQRe_C2hCmwAAu3XsGMpRBqoYmpV0Z765NutDtf-_9l4i0rTVunZc4ZXEWIE6_W6LxwW0H-U7tNstxbusyJbkr8qBdXufMz8vh_h1U6vVbWw2ok3NGQXEhBOWUQtDBpYDkrVM8UDYMWHThgoyWkgczFFSZPATx_gCjDTbE:1vJk8y:QqCP7MgAD1PMLT3IDF4oKpt_Dt66rRg_kcbWZCOnLDI	2025-11-28 03:06:36.178303+00
j2b0w1l3kg1ghtdrptc2l3hmnez1nnmc	.eJxVjEEOwiAQRe_C2hCmwAAu3XsGMpRBqoYmpV0Z765NutDtf-_9l4i0rTVunZc4ZXEWIE6_W6LxwW0H-U7tNstxbusyJbkr8qBdXufMz8vh_h1U6vVbWw2ok3NGQXEhBOWUQtDBpYDkrVM8UDYMWHThgoyWkgczFFSZPATx_gCjDTbE:1vMqIO:UOoUvoeh2rL9nfUUJm9LYacllSVtZ7VmLIhDrveQpsg	2025-12-06 16:17:08.272561+00
6p1c7ernwqsqlk5ydbf77zk6s5uqbzpl	.eJxVjEEOwiAQRe_C2hCmwAAu3XsGMpRBqoYmpV0Z765NutDtf-_9l4i0rTVunZc4ZXEWIE6_W6LxwW0H-U7tNstxbusyJbkr8qBdXufMz8vh_h1U6vVbWw2ok3NGQXEhBOWUQtDBpYDkrVM8UDYMWHThgoyWkgczFFSZPATx_gCjDTbE:1w2gLS:czP5zWn2GY9plGcm9PHt0y2-9ANnXg99ab-cpU339zk	2026-04-01 02:09:14.758232+00
b3fr54cf3o6udir9nvy3kckxxwnv5uz4	.eJxVjEEOwiAQRe_C2hCmwAAu3XsGMpRBqoYmpV0Z765NutDtf-_9l4i0rTVunZc4ZXEWIE6_W6LxwW0H-U7tNstxbusyJbkr8qBdXufMz8vh_h1U6vVbWw2ok3NGQXEhBOWUQtDBpYDkrVM8UDYMWHThgoyWkgczFFSZPATx_gCjDTbE:1vRWki:pjet3-mqV6OQQBfk38QVtPu8-m14Vc0fBzTYP9jj1gQ	2025-12-19 14:25:44.306387+00
60vax4gvx62skgzdf53bx2rumhc5hwyu	.eJxVjEEOwiAQRe_C2hCmwAAu3XsGMpRBqoYmpV0Z765NutDtf-_9l4i0rTVunZc4ZXEWIE6_W6LxwW0H-U7tNstxbusyJbkr8qBdXufMz8vh_h1U6vVbWw2ok3NGQXEhBOWUQtDBpYDkrVM8UDYMWHThgoyWkgczFFSZPATx_gCjDTbE:1w3J58:RaoNRwkabk0KBreoGlSi5S1N5fklGP3JJgu3EBrMNQE	2026-04-02 19:30:58.035595+00
pxckhcolqfwpwtl72ako6vt5f3ao9rmw	.eJxVjEEOwiAQRe_C2hCmwAAu3XsGMpRBqoYmpV0Z765NutDtf-_9l4i0rTVunZc4ZXEWIE6_W6LxwW0H-U7tNstxbusyJbkr8qBdXufMz8vh_h1U6vVbWw2ok3NGQXEhBOWUQtDBpYDkrVM8UDYMWHThgoyWkgczFFSZPATx_gCjDTbE:1vRXl4:jpODGerWgw8xmTN0JdD8_yETWLfUjNURAYgz7Sz-MfU	2025-12-19 15:30:10.751851+00
yj01zwu7vf7hqd1uymlam6vw64l3te8y	.eJxVjEEOwiAQRe_C2hCmwAAu3XsGMpRBqoYmpV0Z765NutDtf-_9l4i0rTVunZc4ZXEWIE6_W6LxwW0H-U7tNstxbusyJbkr8qBdXufMz8vh_h1U6vVbWw2ok3NGQXEhBOWUQtDBpYDkrVM8UDYMWHThgoyWkgczFFSZPATx_gCjDTbE:1w4413:TpP-YzU7CSbY5R7kQgi5o9TnJIRJLHSeOQhHbF-ZM7s	2026-04-04 21:37:53.370587+00
chp2m0sq9nalm0omylfx0d6ixsdl1l0f	.eJxVjEEOwiAQRe_C2hCmwAAu3XsGMpRBqoYmpV0Z765NutDtf-_9l4i0rTVunZc4ZXEWIE6_W6LxwW0H-U7tNstxbusyJbkr8qBdXufMz8vh_h1U6vVbWw2ok3NGQXEhBOWUQtDBpYDkrVM8UDYMWHThgoyWkgczFFSZPATx_gCjDTbE:1vRzLo:AHB9MWbr11vU8SiOAye7J88oyD4SJFrBdGdanJdWeGg	2025-12-20 20:57:56.070575+00
pw39s729yay1ijwek7edfpo7wl1hdkvl	.eJxVjEEOwiAQRe_C2hCmwAAu3XsGMpRBqoYmpV0Z765NutDtf-_9l4i0rTVunZc4ZXEWIE6_W6LxwW0H-U7tNstxbusyJbkr8qBdXufMz8vh_h1U6vVbWw2ok3NGQXEhBOWUQtDBpYDkrVM8UDYMWHThgoyWkgczFFSZPATx_gCjDTbE:1w445S:QNONon9WtViNx7wzB6-umSdClJxBkevMPEp5Gzy6sa0	2026-04-04 21:42:26.36067+00
70h5a5fo3g70dnd8nv5khd557ril7ed1	.eJxVjEEOwiAQRe_C2hCmwAAu3XsGMpRBqoYmpV0Z765NutDtf-_9l4i0rTVunZc4ZXEWIE6_W6LxwW0H-U7tNstxbusyJbkr8qBdXufMz8vh_h1U6vVbWw2ok3NGQXEhBOWUQtDBpYDkrVM8UDYMWHThgoyWkgczFFSZPATx_gCjDTbE:1vTq47:jJBif2jTgmY_egAQ6pd6BW_BN7nDsO2Q7R-3zNkLIJw	2025-12-25 23:27:19.250004+00
ulqiwcdrn1gqevf9j1urg7yvcdpglod4	.eJxVjEEOwiAQRe_C2hCmwAAu3XsGMpRBqoYmpV0Z765NutDtf-_9l4i0rTVunZc4ZXEWIE6_W6LxwW0H-U7tNstxbusyJbkr8qBdXufMz8vh_h1U6vVbWw2ok3NGQXEhBOWUQtDBpYDkrVM8UDYMWHThgoyWkgczFFSZPATx_gCjDTbE:1w91xs:BlozCofiCghu3sEgeynRdQpH375E9XtM2_hpdgD2Ujo	2026-04-18 14:27:08.929803+00
ho3xyu0yhivn30aq5z39mqmpsr6o0x54	.eJxVjEEOwiAQRe_C2hCmwAAu3XsGMpRBqoYmpV0Z765NutDtf-_9l4i0rTVunZc4ZXEWIE6_W6LxwW0H-U7tNstxbusyJbkr8qBdXufMz8vh_h1U6vVbWw2ok3NGQXEhBOWUQtDBpYDkrVM8UDYMWHThgoyWkgczFFSZPATx_gCjDTbE:1vX4Tb:If0EP1Ls901JAXhKAca9gMIwSEI952O2kPxXi3_Srx8	2026-01-03 21:26:59.733806+00
w4vlffi9whmq2qj3wwj5whk9z5qyw4jl	.eJxVjEEOwiAQRe_C2hCmwAAu3XsGMpRBqoYmpV0Z765NutDtf-_9l4i0rTVunZc4ZXEWIE6_W6LxwW0H-U7tNstxbusyJbkr8qBdXufMz8vh_h1U6vVbWw2ok3NGQXEhBOWUQtDBpYDkrVM8UDYMWHThgoyWkgczFFSZPATx_gCjDTbE:1wBjnt:xHnCbikfi4JJE_8YJGXVtEu9ZKsbXQQzrbDnzbjzcjs	2026-04-26 01:40:01.466848+00
1i5bjt4r7lnohvq978e7qc7lsa2aa5y4	.eJxVjEEOwiAQRe_C2hCmwAAu3XsGMpRBqoYmpV0Z765NutDtf-_9l4i0rTVunZc4ZXEWIE6_W6LxwW0H-U7tNstxbusyJbkr8qBdXufMz8vh_h1U6vVbWw2ok3NGQXEhBOWUQtDBpYDkrVM8UDYMWHThgoyWkgczFFSZPATx_gCjDTbE:1vc9o3:XnfWJYGgZFbS1r_HWbbYRu9IL7PKLHKs6lGJjLsxDlM	2026-01-17 22:09:07.402262+00
8tz0gczpxpibzdxefoowmg2nlpehyujv	.eJxVjEEOwiAQRe_C2hCmwAAu3XsGMpRBqoYmpV0Z765NutDtf-_9l4i0rTVunZc4ZXEWIE6_W6LxwW0H-U7tNstxbusyJbkr8qBdXufMz8vh_h1U6vVbWw2ok3NGQXEhBOWUQtDBpYDkrVM8UDYMWHThgoyWkgczFFSZPATx_gCjDTbE:1wEBkH:xmr0Ok8_LezZZFYL7ZIcWqrYKVtKWkZDKJMJuluh39Y	2026-05-02 19:54:25.119328+00
lju2dt8p6h8l4k1kcvczmtac70us50dy	.eJxVjEEOwiAQRe_C2hCmwAAu3XsGMpRBqoYmpV0Z765NutDtf-_9l4i0rTVunZc4ZXEWIE6_W6LxwW0H-U7tNstxbusyJbkr8qBdXufMz8vh_h1U6vVbWw2ok3NGQXEhBOWUQtDBpYDkrVM8UDYMWHThgoyWkgczFFSZPATx_gCjDTbE:1vhUC9:0afEJ2aTmN1GKksfpNfNsmqN7Rk3ZznXNYW5oEPjSyw	2026-02-01 14:56:01.681435+00
aiapuasa5kc763s49x74p7dakk510krq	.eJxVjEEOwiAQRe_C2hCmwAAu3XsGMpRBqoYmpV0Z765NutDtf-_9l4i0rTVunZc4ZXEWIE6_W6LxwW0H-U7tNstxbusyJbkr8qBdXufMz8vh_h1U6vVbWw2ok3NGQXEhBOWUQtDBpYDkrVM8UDYMWHThgoyWkgczFFSZPATx_gCjDTbE:1wIBqg:cmy5fB5vdbLHBFyom-a8wwSHrD55aPNPKkEnTewvIIY	2026-05-13 20:49:34.457759+00
z0v16i2p14qy3xoy7v2cqxcruuzos05y	.eJxVjEEOwiAQRe_C2hCmwAAu3XsGMpRBqoYmpV0Z765NutDtf-_9l4i0rTVunZc4ZXEWIE6_W6LxwW0H-U7tNstxbusyJbkr8qBdXufMz8vh_h1U6vVbWw2ok3NGQXEhBOWUQtDBpYDkrVM8UDYMWHThgoyWkgczFFSZPATx_gCjDTbE:1vlI99:tzg_zf5zXAZk70LIxx2QaW2GvDW31IPoaR7NnbijNFc	2026-02-12 02:52:39.274029+00
dit55zfgpz67xa9gk4m4wwvje71askux	.eJxVjEEOwiAQRe_C2hCmwAAu3XsGMpRBqoYmpV0Z765NutDtf-_9l4i0rTVunZc4ZXEWIE6_W6LxwW0H-U7tNstxbusyJbkr8qBdXufMz8vh_h1U6vVbWw2ok3NGQXEhBOWUQtDBpYDkrVM8UDYMWHThgoyWkgczFFSZPATx_gCjDTbE:1wJYAT:at6tAHj1Yd10w7osAT9J2llJDB9o8nyU2sz2jiMRp-w	2026-05-17 14:51:37.836923+00
n4zoca7ylzvzd2ealr903ytp7qwbb7jy	.eJxVjEEOwiAQRe_C2hCmwAAu3XsGMpRBqoYmpV0Z765NutDtf-_9l4i0rTVunZc4ZXEWIE6_W6LxwW0H-U7tNstxbusyJbkr8qBdXufMz8vh_h1U6vVbWw2ok3NGQXEhBOWUQtDBpYDkrVM8UDYMWHThgoyWkgczFFSZPATx_gCjDTbE:1vmv0m:bReIJyKZzo1DgGYkfjdwvJ77KG_d_2U9we0_HPCRefw	2026-02-16 14:34:44.26557+00
upxasn8acyl5lroe6ftfgmenjnc2tdlg	.eJxVjEEOwiAQRe_C2hCmwAAu3XsGMpRBqoYmpV0Z765NutDtf-_9l4i0rTVunZc4ZXEWIE6_W6LxwW0H-U7tNstxbusyJbkr8qBdXufMz8vh_h1U6vVbWw2ok3NGQXEhBOWUQtDBpYDkrVM8UDYMWHThgoyWkgczFFSZPATx_gCjDTbE:1vsO4a:pnVEx1cswiAIhsGwq1Kb44G1b7NuxuRT35Bki7dn0Gk	2026-03-03 16:37:16.158734+00
gr5502b6tyjadomk7kkvnpuassqf66wt	.eJxVjEEOwiAQRe_C2hCmwAAu3XsGMpRBqoYmpV0Z765NutDtf-_9l4i0rTVunZc4ZXEWIE6_W6LxwW0H-U7tNstxbusyJbkr8qBdXufMz8vh_h1U6vVbWw2ok3NGQXEhBOWUQtDBpYDkrVM8UDYMWHThgoyWkgczFFSZPATx_gCjDTbE:1wNAqu:1tfBGivMWKVjrGMCfiDHWvnj9YHLSFTGTWGVa4glhY0	2026-05-27 14:46:24.197131+00
wdg4pimd77vlgd3qfoko6u83w0puk1xd	.eJxVjEEOwiAQRe_C2hCmwAAu3XsGMpRBqoYmpV0Z765NutDtf-_9l4i0rTVunZc4ZXEWIE6_W6LxwW0H-U7tNstxbusyJbkr8qBdXufMz8vh_h1U6vVbWw2ok3NGQXEhBOWUQtDBpYDkrVM8UDYMWHThgoyWkgczFFSZPATx_gCjDTbE:1vyBFn:LAcI9XBtXzkSJkqLwa017jphrjzCWx8UDDDvdF7vNv0	2026-03-19 16:08:47.239247+00
60jrcwlm8wiwy08aog9vp4lj490t5z3s	.eJxVjEEOwiAQRe_C2hCmwAAu3XsGMpRBqoYmpV0Z765NutDtf-_9l4i0rTVunZc4ZXEWIE6_W6LxwW0H-U7tNstxbusyJbkr8qBdXufMz8vh_h1U6vVbWw2ok3NGQXEhBOWUQtDBpYDkrVM8UDYMWHThgoyWkgczFFSZPATx_gCjDTbE:1wNZgI:GHHO6QFkpRPrryvMMor_rMRjLkoDMDNhD9xH1R6xs9k	2026-05-28 17:17:06.279719+00
kol5bv6p2nowbbs5k6fc3cvdnkqfyz1y	.eJxVjEEOwiAQRe_C2hCmwAAu3XsGMpRBqoYmpV0Z765NutDtf-_9l4i0rTVunZc4ZXEWIE6_W6LxwW0H-U7tNstxbusyJbkr8qBdXufMz8vh_h1U6vVbWw2ok3NGQXEhBOWUQtDBpYDkrVM8UDYMWHThgoyWkgczFFSZPATx_gCjDTbE:1vyynl:wUtSfOZ83asPHwhzhO72mtXLfIyUEfzg1s99jQP6uKA	2026-03-21 21:03:09.080143+00
g7j4a7kcujyeplr3xzhigt6uunbi9ne5	.eJxVjEEOwiAQRe_C2hCmwAAu3XsGMpRBqoYmpV0Z765NutDtf-_9l4i0rTVunZc4ZXEWIE6_W6LxwW0H-U7tNstxbusyJbkr8qBdXufMz8vh_h1U6vVbWw2ok3NGQXEhBOWUQtDBpYDkrVM8UDYMWHThgoyWkgczFFSZPATx_gCjDTbE:1wNuAP:1hOmPpcfU5euQ_WnQASu4GayssFsxEtvsrdyK8MU7Mc	2026-05-29 15:09:33.109373+00
so4shkcdnwz6jeq9t5htz7amcuru7z7h	.eJxVjEEOwiAQRe_C2hCmwAAu3XsGMpRBqoYmpV0Z765NutDtf-_9l4i0rTVunZc4ZXEWIE6_W6LxwW0H-U7tNstxbusyJbkr8qBdXufMz8vh_h1U6vVbWw2ok3NGQXEhBOWUQtDBpYDkrVM8UDYMWHThgoyWkgczFFSZPATx_gCjDTbE:1wSQFx:jvnkDRQv_AZxEezcoJe26cehd8bzJ51Xv6gnBXcbqm4	2026-06-11 02:13:57.672631+00
y2y6yxwxomg7c00u001sqdujy4ueqyya	.eJxVjEEOwiAQRe_C2hCmwAAu3XsGMpRBqoYmpV0Z765NutDtf-_9l4i0rTVunZc4ZXEWIE6_W6LxwW0H-U7tNstxbusyJbkr8qBdXufMz8vh_h1U6vVbWw2ok3NGQXEhBOWUQtDBpYDkrVM8UDYMWHThgoyWkgczFFSZPATx_gCjDTbE:1wSzSo:5PUBb7gfVfqmr9MzqgdEXELVjLt8wiD18viHimxbxoI	2026-06-12 15:49:34.39728+00
2zdc1ntoiabtia9cn3pj3uvfysbna6a8	.eJxVjEEOwiAQRe_C2hCmwAAu3XsGMpRBqoYmpV0Z765NutDtf-_9l4i0rTVunZc4ZXEWIE6_W6LxwW0H-U7tNstxbusyJbkr8qBdXufMz8vh_h1U6vVbWw2ok3NGQXEhBOWUQtDBpYDkrVM8UDYMWHThgoyWkgczFFSZPATx_gCjDTbE:1wT2Vt:XvBWSIHsXSzmgnYEAd9OH9fAH4wQuPGZ8E3rTDqPju8	2026-06-12 19:04:57.488686+00
jafks350ywyp5a5i34m2rr4gr28yygqv	.eJxVjEEOwiAQRe_C2hCmwAAu3XsGMpRBqoYmpV0Z765NutDtf-_9l4i0rTVunZc4ZXEWIE6_W6LxwW0H-U7tNstxbusyJbkr8qBdXufMz8vh_h1U6vVbWw2ok3NGQXEhBOWUQtDBpYDkrVM8UDYMWHThgoyWkgczFFSZPATx_gCjDTbE:1wY9fo:FTbpRaVgivdKDGITsNCWc7d0WHrfKCeuXpR1PEyxG2w	2026-06-26 21:44:20.25453+00
zf33fjhq4hhodafdrmbz26g3j8jht5hq	.eJxVjEEOwiAQRe_C2hCmwAAu3XsGMpRBqoYmpV0Z765NutDtf-_9l4i0rTVunZc4ZXEWIE6_W6LxwW0H-U7tNstxbusyJbkr8qBdXufMz8vh_h1U6vVbWw2ok3NGQXEhBOWUQtDBpYDkrVM8UDYMWHThgoyWkgczFFSZPATx_gCjDTbE:1wYQSj:ILyZ_JU1FzmUuoh1Bpeu0V3rfDwyf3aUB1skMV1r3E4	2026-06-27 15:39:57.500845+00
mwqyjzy2o1lta4vw9ga7ijcappj4qcbf	.eJxVjEEOwiAQRe_C2hCmwAAu3XsGMpRBqoYmpV0Z765NutDtf-_9l4i0rTVunZc4ZXEWIE6_W6LxwW0H-U7tNstxbusyJbkr8qBdXufMz8vh_h1U6vVbWw2ok3NGQXEhBOWUQtDBpYDkrVM8UDYMWHThgoyWkgczFFSZPATx_gCjDTbE:1wZrZb:XGkgSxZA-5zqmV50MUdwY0Qv7Cyf3HeVinvr9v4M9eo	2026-07-01 14:48:59.639621+00
55r42ns11qbe2zcocyemo4brsn88i5le	.eJxVjEEOwiAQRe_C2hCmwAAu3XsGMpRBqoYmpV0Z765NutDtf-_9l4i0rTVunZc4ZXEWIE6_W6LxwW0H-U7tNstxbusyJbkr8qBdXufMz8vh_h1U6vVbWw2ok3NGQXEhBOWUQtDBpYDkrVM8UDYMWHThgoyWkgczFFSZPATx_gCjDTbE:1wb1I3:QO3lPiBuoUjKGGuFfvhvKdqTqZkLqqc-EOGKQ5G9zDY	2026-07-04 19:23:39.18969+00
\.


--
-- Data for Name: inventory_stockentry; Type: TABLE DATA; Schema: public; Owner: solid
--

COPY public.inventory_stockentry (id, quantity, purchase_price, date, notes, product_id) FROM stdin;
1	6	70000.00	2025-07-02 21:27:40.023214+00		5
2	1	53000.00	2025-07-02 21:35:57.243487+00		18
3	2	100000.00	2025-07-02 21:37:52.04393+00		8
4	1	80000.00	2025-07-02 21:44:59.037802+00		9
5	1	82000.00	2025-07-19 00:09:47.016994+00		9
6	3	46000.00	2025-08-06 22:38:01.97059+00		33
7	3	169000.00	2025-08-12 17:13:09.038772+00		42
8	2	32000.00	2025-08-21 15:28:57.159065+00		61
9	2	106000.00	2025-08-23 16:05:21.425278+00		51
10	1	129000.00	2025-08-28 00:17:57.54342+00		65
11	5	46000.00	2025-08-29 18:18:50.457466+00		47
12	2	29000.00	2025-09-03 13:37:34.121227+00		71
13	3	29000.00	2025-09-03 13:37:58.253853+00		69
14	1	96000.00	2025-09-06 18:32:35.232621+00		72
15	4	160000.00	2025-09-25 22:30:53.326869+00		42
16	4	39000.00	2025-09-25 22:37:29.644794+00		61
17	10	20000.00	2025-09-25 22:38:20.492431+00		26
18	2	80000.00	2025-09-29 13:56:14.713343+00		9
19	3	115000.00	2025-10-01 03:29:06.718321+00		25
20	1	200000.00	2025-10-03 17:33:21.732635+00		64
21	2	40000.00	2025-10-03 18:35:40.129514+00		95
22	5	30000.00	2025-10-04 20:58:18.093336+00		93
23	1	120000.00	2025-10-11 20:45:02.737555+00		35
24	2	80000.00	2025-10-11 20:46:39.016039+00		9
25	5	71000.00	2025-10-16 18:08:42.571492+00		5
26	1	120000.00	2025-10-16 18:09:31.973687+00		7
27	1	129000.00	2025-10-16 18:11:28.110338+00		65
28	1	180000.00	2025-10-16 18:12:26.165441+00		64
29	1	65000.00	2025-10-25 19:07:33.998604+00		9
30	3	100000.00	2025-11-01 22:43:29.10702+00		24
31	5	112000.00	2025-11-01 22:44:11.27356+00		59
32	3	120000.00	2025-11-02 14:45:29.295174+00		115
33	1	130000.00	2025-11-19 14:33:28.583278+00		65
34	3	85000.00	2025-11-19 14:36:07.803387+00		98
35	2	54000.00	2025-11-19 22:56:40.16849+00		112
36	4	140000.00	2025-11-26 21:28:44.563524+00		51
37	1	100000.00	2025-11-26 22:05:25.594759+00		86
38	3	46000.00	2025-11-26 22:07:13.498019+00		33
39	4	70000.00	2025-11-26 22:08:54.942886+00		9
40	3	140000.00	2025-11-26 22:10:18.278867+00		87
41	3	40000.00	2025-11-26 22:27:28.148238+00		94
42	1	131000.00	2025-12-03 00:01:23.552822+00		65
43	4	44000.00	2025-12-06 22:19:04.591835+00		60
44	6	85000.00	2025-12-14 20:46:01.893697+00		98
45	3	29000.00	2025-12-20 14:21:30.034343+00		117
46	2	110000.00	2025-12-23 23:48:00.366664+00		35
47	4	107000.00	2025-12-23 23:48:53.286159+00		163
48	1	90000.00	2025-12-24 21:34:45.921015+00		72
49	1	27000.00	2025-12-24 23:07:24.536012+00		69
51	5	80000.00	2025-12-31 15:30:52.628828+00		5
52	4	115000.00	2026-01-03 22:09:30.885862+00		25
53	1	65000.00	2026-01-18 14:56:16.987144+00		9
54	6	85000.00	2026-01-19 19:37:39.38202+00		98
55	1	115000.00	2026-01-19 19:38:18.50443+00		25
56	1	170000.00	2026-01-22 15:58:48.8913+00		155
57	1	90000.00	2026-01-22 15:59:31.460535+00		72
58	3	6000.00	2026-01-22 19:26:33.316974+00		54
59	1	215000.00	2026-01-28 16:49:43.272783+00		38
60	2	46000.00	2026-01-28 16:50:25.192033+00		33
61	5	215000.00	2026-01-28 16:51:34.070504+00		30
62	4	71000.00	2026-02-03 14:20:30.161575+00		5
63	3	107000.00	2026-02-03 14:21:39.049525+00		163
64	1	50000.00	2026-02-03 14:22:22.119967+00		94
65	2	115000.00	2026-02-03 14:28:10.294284+00		7
66	10	95000.00	2026-02-03 14:30:47.087018+00		98
67	1	125000.00	2026-02-03 14:31:34.347221+00		25
68	2	78000.00	2026-02-03 14:36:46.295119+00		9
69	2	37000.00	2026-02-03 14:38:29.206893+00		174
70	1	40000.00	2026-02-03 14:39:40.726183+00		95
71	3	100000.00	2026-02-07 15:36:48.388216+00		98
72	2	25000.00	2026-02-23 14:08:00.79407+00		69
73	1	140000.00	2026-02-23 14:09:58.440756+00		87
74	2	140000.00	2026-02-28 20:06:18.379063+00		175
75	2	19500.00	2026-03-14 19:39:39.907171+00		172
76	5	125000.00	2026-03-18 02:10:41.760152+00		25
77	4	6400.00	2026-03-24 22:29:01.490618+00		109
78	3	93000.00	2026-03-27 16:09:14.775038+00		221
79	5	27000.00	2026-03-27 16:11:09.916116+00		94
80	6	30000.00	2026-04-09 21:36:59.050319+00		69
81	2	170000.00	2026-04-10 14:28:39.293015+00		155
82	2	96000.00	2026-04-10 14:29:27.54973+00		72
83	2	13700.00	2026-04-10 15:10:31.246608+00		182
84	1	65000.00	2026-04-10 15:17:32.000271+00		153
85	1	121000.00	2026-04-10 16:05:33.729542+00		87
86	2	33000.00	2026-04-14 15:08:17.185241+00		67
87	4	14000.00	2026-04-16 21:27:45.715368+00		126
88	3	125000.00	2026-04-16 21:33:47.52123+00		25
89	4	95000.00	2026-04-16 21:34:06.583664+00		98
90	3	39000.00	2026-04-16 23:27:34.443508+00		125
91	6	29000.00	2026-04-22 18:03:52.016326+00		169
92	2	148000.00	2026-04-25 16:50:27.261254+00		87
93	5	72000.00	2026-04-25 23:10:43.354057+00		5
94	6	112000.00	2026-05-07 22:20:26.542137+00		98
95	2	200000.00	2026-05-10 15:56:18.057278+00		114
96	2	72000.00	2026-05-10 15:56:28.390347+00		5
97	1	144000.00	2026-05-10 15:56:40.335167+00		6
98	1	144000.00	2026-05-13 15:07:00.374951+00		6
99	1	195000.00	2026-05-13 15:07:14.300785+00		257
100	1	148000.00	2026-05-13 15:07:49.454753+00		87
101	2	62000.00	2026-05-13 15:10:42.809755+00		76
102	1	20000.00	2026-05-14 23:21:28.146717+00		57
103	1	220000.00	2026-05-22 19:11:37.326247+00		114
104	2	177000.00	2026-05-28 02:14:30.354556+00		64
105	1	220000.00	2026-05-28 21:55:45.206023+00		114
106	3	4700.00	2026-05-29 19:06:37.136064+00		109
107	1	99700.00	2026-06-01 23:15:10.210633+00		230
108	2	78000.00	2026-06-04 19:05:20.51293+00		241
109	1	129000.00	2026-06-08 14:26:13.669532+00		65
110	1	48000.00	2026-06-08 14:26:45.164671+00		184
111	1	72000.00	2026-06-10 22:13:24.757347+00	Recepción automática de stock en tránsito desde Panel Rápido	5
112	2	25000.00	2026-06-10 22:32:51.829969+00	Recepción automática de stock en tránsito desde Panel Rápido	16
113	4	12600.00	2026-06-10 22:33:27.633281+00	Recepción automática de stock en tránsito desde Panel Rápido	21
114	6	112000.00	2026-06-11 23:27:11.386865+00	Recepción automática de stock en tránsito desde Panel Rápido	98
115	4	130000.00	2026-06-11 23:27:11.392536+00	Recepción automática de stock en tránsito desde Panel Rápido	25
116	1	163000.00	2026-06-19 16:30:46.230491+00	Recepción automática de stock en tránsito desde Panel Rápido	253
117	1	99700.00	2026-06-19 19:17:41.67559+00	Recepción automática de stock en tránsito desde Panel Rápido	230
118	1	195000.00	2026-06-20 14:34:34.756461+00	Recepción automática de stock en tránsito desde Panel Rápido	257
119	1	139000.00	2026-06-20 19:24:08.009805+00	Recepción automática de stock en tránsito desde Panel Rápido	178
120	1	219000.00	2026-06-22 23:41:04.900683+00	Recepción automática de stock en tránsito desde Panel Rápido	314
121	2	126000.00	2026-06-25 14:07:07.257897+00	Recepción automática de stock en tránsito desde Panel Rápido	7
122	1	93000.00	2026-06-25 14:07:29.606698+00	Recepción automática de stock en tránsito desde Panel Rápido	221
\.


--
-- Data for Name: marketing_banner; Type: TABLE DATA; Schema: public; Owner: solid
--

COPY public.marketing_banner (id, name, image, alt_text, link_url, placement, "order", is_active, start_date, end_date, created_at, updated_at) FROM stdin;
4	principal con dir	banners/banner_copy_2low.jpg		\N	home_main	1	t	\N	\N	2025-11-13 18:33:41.82531+00	2025-11-13 18:39:32.916545+00
2	Banner general tienda telefono	banners/banner.png		\N	home_main	1	f	\N	\N	2025-06-21 21:33:35.897622+00	2025-11-13 18:39:53.625091+00
3	img_pdf	banners/icono_pdf.png		\N	general_sitewide_top	2	f	\N	\N	2025-07-27 14:40:18.99583+00	2025-11-13 18:40:11.756783+00
1	black friday	banners/Banner_sobre_Black_Friday_papel_rasgado_rojo_y_negro_JzgNUeA.jpg		\N	home_main	1	f	\N	\N	2025-06-21 19:11:10.666976+00	2025-12-05 15:30:22.697831+00
\.


--
-- Data for Name: products_brand; Type: TABLE DATA; Schema: public; Owner: solid
--

COPY public.products_brand (id, name) FROM stdin;
4	DAHUA
5	HAYLOU
3	IMOU
2	TAPO
6	TEST
1	XIAOMI
7	SKMEI
8	GENERICO
9	TENDA
10	UGREEN
11	MONSTER
12	NUBWO
13	LENOVO
14	SANDISK
15	WESTERN DIGITAL
16	PATRIOT
17	PNY
18	KINGSTONE
19	HILOOK
20	NIIMBOT
22	HAVIT
23	PASSAU
24	TAZATA
25	SOULION
26	DBPOWER
27	TMY
28	VIZONY
29	MAGCUBIC
30	CASIO
31	INVICTA
32	ADDIESDIVE
33	TIMEX
34	NAVIFORCE
35	REALME
36	ONN
37	AMAZON
38	GAMESIR
39	ANBERNIC
40	SAMSUNG
41	CURREN
42	HUAWEI
43	PAGANI
44	COLMI
45	JAVISCAM
46	ALAGA
47	GOODEE
48	KOGATA
49	BIGASUO
50	HOMPOW
51	PANSEBA
52	NIISO
53	JOWLURK
54	HAPPRUN
55	CIBEST
56	KMAG
57	ROFALL
58	XLEADER
59	VANZON
60	YPBDAN
61	DOQAU
62	RORSOU
63	TOZO
64	ORAOLO
65	REDMI
21	TECKNET
66	KTC
67	BNNWA
68	REDRAGON
69	PHOMEMO
70	SYMA
71	KINGSPEC
73	JEECOO
74	PURCHE
72	TAMPROAD
75	MAXELL
\.


--
-- Data for Name: products_category; Type: TABLE DATA; Schema: public; Owner: solid
--

COPY public.products_category (id, name, description, image, display_order, is_active) FROM stdin;
11	RELOJES		categories/Google_AI_Studio_2025-08-22T18_19_11_zhaAZnq.548Z.png	0	t
13	SERVICIOS			0	f
9	VIDEOJUEGOS		categories/videojuegos.png	0	t
7	CÁMARAS		categories/Generated_Image_June_21_2025_-_3_37PM.jpeg	1	t
8	TVBOX		categories/Screenshot_2025-06-21_at_3.55.12PM.png	2	t
6	PROYECTORES		categories/Generated_Image_June_21_2025_-_3_46PM.jpeg	3	t
1	AUDIO		categories/Google_AI_Studio_2025-08-22T18_25_59_vniXvN0.497Z.png	4	t
3	DOMÓTICA		categories/domotica_JIp8xLb.png	5	t
12	CELULARES		categories/Gemini_Generated_Image_y910jby910jby910.png	8	t
5	ALMACENAMIENTO		categories/almacena_ctSnv8G.png	9	t
2	DRONES		categories/Generated_Image_June_21_2025_-_3_45PM.jpeg	10	f
10	IMPRESORAS-COMPUTADORES-REDES		categories/Generated_Image_June_25_2025_-_1_35PM.jpeg	7	t
\.


--
-- Data for Name: products_product; Type: TABLE DATA; Schema: public; Owner: solid
--

COPY public.products_product (id, name, description, purchase_price, sale_price, stock, discount, created_at, updated_at, category_id, subcategory_id, is_featured, is_active, is_service, average_cost, brand_id, supplier_id, reference_cop_cost, reference_usd_cost, incoming_stock, is_combo) FROM stdin;
66	Reloj SKMEI 1270 | Rojo - Negro	Resistente al agua\r\nAlarma\r\nCronometro	30000.00	50000.00	1	0.00	2025-08-12 18:30:13.787765+00	2026-06-10 15:44:02.670226+00	11	17	f	t	f	30000.00	7	4	\N	\N	0	f
47	Smartwatch - Reloj Colmi P81	Medición de frecuencia cardíaca y sueño, más de 50 modos de entrenamiento, y resistencia al agua IP 68.\r\n📱Permite Contestar llamadas\r\n💪 Hasta 10 días de batería para acompañarte en tus actividades\r\n📱 Notificaciones de llamadas y mensajes al instante\r\n✨ Diseño moderno y funcional	52000.00	75000.00	3	0.00	2025-06-23 16:39:09.526831+00	2026-06-10 15:44:35.763661+00	11	16	f	t	f	52000.00	44	4	\N	\N	0	f
345	Case Mmagnetico USB 3.2 para NVME y SSD MM.2		35000.00	65000.00	1	0.00	2026-06-17 16:47:11.303136+00	2026-06-17 16:47:29.346722+00	10	15	f	t	f	35000.00	8	3	\N	\N	0	f
22	Drone Syma X200W con Camara	Diseñado para pilotos novatos, este mini dron con cámara garantiza un vuelo sin esfuerzo Garantiza una impresionante duración de vuelo de hasta 15 minutos Equipado con una cámara 720P El dron puede realizar acrobacias como giro 3D. Puedes personalizar una ruta de vuelo a través de la APP y la ruta de vuelo del dron seguirá la que dibujes. Además, los modos de alta y baja velocidad hacen que el dron se ajuste tanto a pilotos experimentados como principiantes	63000.00	130000.00	0	6.00	2025-06-22 18:56:53.483688+00	2026-06-10 16:38:45.49964+00	2	7	f	t	f	63000.00	70	2	\N	\N	0	f
284	INSTALACION DE JUEGO EN PC		0.00	15000.00	97	0.00	2026-04-30 16:46:30.623397+00	2026-04-30 16:49:21.757389+00	13	19	f	f	t	0.00	\N	\N	\N	\N	0	f
171	Wifi USB Tenda AX900	compatible con redes 2G y 5G	29000.00	45000.00	3	0.00	2026-01-19 19:17:25.812326+00	2026-06-11 22:15:34.393922+00	10	29	f	t	f	29000.00	9	7	\N	\N	0	f
328	Hub USB C + HDMI		17900.00	30000.00	1	0.00	2026-06-11 21:10:02.535157+00	2026-06-17 20:06:05.686829+00	10	15	f	t	f	17900.00	8	3	\N	\N	4	f
350	Conversor Audio 3.5mm a USB c		4900.00	1.00	0	0.00	2026-06-17 20:12:45.252917+00	2026-06-17 20:14:37.310156+00	12	22	f	t	f	9000.00	8	4	\N	\N	2	f
90	Proyector - Videobeam 720p bluetooth	Proyector Purche 720p nativo - 1080p\r\nlumens 9500 \r\nTamaño de proyeccion: 40-220 pulg Audio incorporado\r\nBluetooth\r\nCompatible con: iOS/Android/Tablet/Laptop/Fire stick/TV box/PS4/XBOX\r\nCon puertos USB, SD, AV y HDMI \r\nIncluye:\r\nControl remoto, Cables	80000.00	220000.00	2	0.00	2025-09-25 22:29:02.392984+00	2026-06-11 22:12:21.50777+00	6	12	f	t	f	80000.00	74	2	69532.85	20.00	0	f
135	Instalacion DVR		70000.00	90000.00	100	0.00	2025-11-07 22:23:53.149676+00	2026-06-09 21:28:59.441363+00	13	19	f	t	t	70000.00	\N	\N	\N	\N	0	f
73	Audifonos inalambricos Tozo Open Ear-ring	🔋 Hasta 36 horas de batería para acompañarte todo el día\r\n📱 Conexión rápida y sencilla con cualquier dispositivo Bluetooth\r\n✨ Diseño compacto y cómodo para usar en cualquier lugar\r\n💦 Resistencia al agua IPX5\r\n🏋🏼‍♀️ Diseñados para disfrutarlos mientras hacer ejercicio	102000.00	170000.00	0	0.00	2025-08-15 16:38:12.449185+00	2026-06-10 16:21:51.481314+00	1	2	f	t	f	102000.00	63	2	\N	\N	0	f
293	Reloj SKMEI 2126		28700.00	55000.00	2	0.00	2026-05-16 17:10:23.865317+00	2026-06-10 15:35:55.525616+00	11	17	f	t	f	28700.00	7	4	\N	\N	0	f
157	Control GameSir X5S		150000.00	197000.00	0	0.00	2025-12-10 21:02:51.973975+00	2026-06-10 15:45:43.492373+00	9	4	f	f	f	150000.00	38	2	\N	\N	0	f
38	Trimui Smart Pro - Consola Retro	Descripción: Por 30.000 adicionales se incluye memoria de 64GB con mas de 5000 Juegos Incluidos (PSP, Play 1, NES, GBA, NeoGeo, MAME, SNES… y muchos mas) Pantalla 5'' RAM 1GB Hasta 6 horas de batería	240000.00	365000.00	0	15.00	2025-06-22 19:41:39.406022+00	2026-06-10 15:46:48.842193+00	9	11	f	t	f	240000.00	\N	4	\N	\N	0	f
346	Amazon - Alexa Echo Spot	🖥️ Pantalla compacta para ver la hora, clima, música y notificaciones.\r\n🎙️ Asistente virtual Alexa integrado para controlar tu hogar inteligente.\r\n🔊 Sonido potente y nítido ideal para música, podcasts y radio.\r\n🏠 Compatible con dispositivos inteligentes como luces, enchufes y cámaras.\r\n⏰ Funciona como despertador inteligente con rutinas personalizadas.\r\n📶 Conectividad WiFi y Bluetooth para mayor versatilidad.\r\n🎵 Reproduce música desde Spotify, Amazon Music y otros servicios compatibles.\r\n🔒 Controles de privacidad con botón para desactivar el micrófono.\r\n\r\n💡 Ideal para la mesa de noche, oficina o cualquier espacio donde quieras tener Alexa siempre a mano.	177000.00	300000.00	0	0.00	2026-06-17 19:08:47.345538+00	2026-06-18 19:50:10.859739+00	1	31	f	t	f	177000.00	37	2	\N	\N	3	f
329	Conversor HDMI - RCA		11000.00	25000.00	1	0.00	2026-06-11 21:15:04.71014+00	2026-06-25 23:43:09.975935+00	10	15	f	t	f	11000.00	8	3	\N	\N	0	f
309	Router IMOU HR340	🚀 Velocidad inalámbrica de hasta 300 Mbps\r\n📡 4 antenas externas para mejor cobertura y estabilidad\r\n📶 Banda 2.4 GHz ideal para hogares y pequeños negocios\r\n🎥 Sincronización automática con cámaras IMOU\r\n📱 Configuración y gestión desde la app Imou Life\r\n👨‍👩‍👧‍👦 Control parental y red para invitados\r\n🔒 Compatible con protocolos de seguridad WPA/WPA2\r\n🔌 1 puerto WAN y 3 puertos LAN para conexiones por cable\r\n🏠 Ideal para navegación, videollamadas, cámaras WiFi y uso diario	43800.00	85000.00	2	0.00	2026-06-10 21:25:59.412131+00	2026-06-11 19:05:08.170779+00	10	29	f	t	f	43800.00	3	7	\N	\N	0	f
351	Conversor Audio 3.5mm a USB C - Corto		6000.00	11000.00	0	0.00	2026-06-17 20:13:51.77698+00	2026-06-17 20:14:37.30774+00	12	22	f	t	f	6000.00	8	4	\N	\N	1	f
300	Reloj Invicta 46mm	Invicta original\r\nResistencia al agua 50m\r\nCaja 46m\r\nCristal mineral\r\nfechador\r\nCaja y pulso metalico	150000.00	240000.00	1	0.00	2026-06-08 15:10:28.254827+00	2026-06-10 16:51:23.049054+00	11	17	t	t	f	150000.00	31	2	114729.21	33.00	0	f
305	Reloj Naviforce NF8070	Reloj Naviforce NF8070\r\nResistencia al agua 30m\r\nCaja de aleacion 43mm\r\nCristal mineral\r\nCronografo\r\nFechador	74500.00	135000.00	1	0.00	2026-06-08 16:54:01.369718+00	2026-06-10 16:51:23.054014+00	11	17	t	t	f	60000.00	34	4	\N	\N	0	f
44	Proyector - Videobeam Cibest Full HD nativo - Bluetooth	Proyector nativo 1080P - hasta 4K, 12000 lumens compatible con iOS/Android/Tablet/Laptop/Fire stick/TV box/PS4/XBOX/Memoria USB\r\nTamaño de pantalla: hasta 200 pulgadas \r\nBluetooth 5.1\r\nCon puerto VGA, USB y HDMI\r\nIncluye:\r\nControl remoto, tripode y Cables	214000.00	285000.00	0	0.00	2025-06-23 16:23:21.510487+00	2026-06-10 22:22:09.35953+00	6	12	f	t	f	214000.00	55	2	156448.92	45.00	0	f
306	Reloj Curren 8442 - Cronografo Cuadrado	Reloj Curren\r\n\r\nResistencia al agua 30m\r\n\r\nCaja de aleacion 48mm\r\n\r\nCristal mineral\r\n\r\nCronografo\r\n\r\nFechador	80000.00	140000.00	1	0.00	2026-06-08 22:44:44.461024+00	2026-06-10 15:30:01.801306+00	11	17	t	t	f	80000.00	41	4	\N	\N	0	f
265	Huawei Watch GT6 Pro		670000.00	850000.00	0	0.00	2026-04-14 15:11:12.549969+00	2026-06-10 15:36:35.736613+00	11	16	t	f	f	670000.00	42	10	\N	\N	0	f
235	Reloj SKMEI 2351		40000.00	75000.00	0	0.00	2026-04-09 21:51:05.258784+00	2026-06-10 15:38:18.760375+00	11	17	f	t	f	40000.00	7	4	\N	\N	0	f
37	Retroid Pocket 5 128GB Color Morado	Retroid Pocket 5, capaz de emular todas las consolas retro y mucho más. Pantalla AMOLED de 5.5” 8GB de RAM 128GB Emula todas las consola Retro incluyendo GameCube, PS2, Wii, Nintendo Switch (parcial), Android y más Compatible con Juegos Windows, Android, Juegos en streaming y Juego en la nube Salida de video para conectar al TV y jugar en pantalla grande Batería de 5000mAh	817000.00	1150000.00	0	7.00	2025-06-22 19:38:52.153567+00	2026-06-10 15:46:58.286041+00	9	11	f	t	f	817000.00	\N	4	\N	\N	0	f
330	Conversor HDMI - VGA		8000.00	20000.00	1	0.00	2026-06-11 21:22:51.824352+00	2026-06-17 16:14:05.411992+00	10	15	f	t	f	8000.00	8	3	\N	\N	0	f
282	Monitor Portatil Ultra Slim USB C - HDMI	🖥️ Pantalla 15.6” Full HD 1080p (1920x1080) con panel IPS para colores vivos\r\n🌈 Tecnología HDR + amplio ángulo de visión 178° para mejor experiencia visual\r\n⚡ Conexión USB-C + Mini HDMI (Plug & Play) sin instalar drivers\r\n🎮 Compatible con laptop, PC, Mac, Xbox, PlayStation, Nintendo Switch y celulares\r\n🔊 Altavoces integrados para audio sin accesorios adicionales\r\n📊 Modos de pantalla: duplicado, extendido o segunda pantalla\r\n🪶 Diseño ultradelgado y liviano (ideal para llevar en mochila o viajes)\r\n👁️ Tecnología baja luz azul + anti parpadeo para menor fatiga visual\r\n🔄 Frecuencia 60Hz perfecta para trabajo, multimedia y gaming casual	128000.00	230000.00	1	0.00	2026-04-28 23:14:37.309606+00	2026-06-11 19:11:32.91525+00	10	23	t	t	f	128000.00	66	2	121682.49	35.00	0	f
347	Amazon - Alexa Echo Dot 5	🎙️ Alexa integrada para responder preguntas, reproducir música y controlar dispositivos inteligentes.\r\n🔊 Sonido mejorado con graves más profundos y voces más claras.\r\n🏠 Controla luces, cámaras, enchufes y otros dispositivos compatibles con comandos de voz.\r\n⏰ Crea rutinas, alarmas, recordatorios y temporizadores fácilmente.\r\n📶 Conectividad WiFi y Bluetooth para música y automatización del hogar.\r\n🌡️ Sensor de temperatura integrado para activar rutinas inteligentes.\r\n🎵 Compatible con Spotify, Amazon Music, Apple Music y más.\r\n🔒 Botón físico para desactivar el micrófono y proteger tu privacidad.\r\n\r\n💡 Ideal para escuchar música, automatizar tu hogar y tener la ayuda de Alexa en cualquier habitación.	142000.00	240000.00	0	0.00	2026-06-17 19:11:50.45966+00	2026-06-18 19:50:02.979945+00	1	31	f	t	f	142000.00	37	2	\N	\N	6	f
45	Proyector - Videobeam Jowlurk Full HD nativo - Wifi -Bluetooth	Full HD 1080P nativa con soporte 4K, Con Altavoz de alta fidelidad integrados, Más brillante, 15000lux, calidad de imagen más clara hasta 200 pulg, incluye control remoto	147000.00	300000.00	1	0.00	2025-06-23 16:29:12.04434+00	2026-06-10 22:22:09.358339+00	6	12	f	t	f	147000.00	53	2	1168151.92	336.00	0	f
43	Proyector - Videobeam Happrun Full HD nativo - Bluetooth	Proyector nativo 1080P - hasta 4K, 9500lux compatible con iOS/Android/Tablet/Laptop/Fire stick/TV box/PS4/XBOX/Memoria USB\r\nTamaño de pantalla: hasta 200 pulgadas \r\nBluetooth 5.1\r\nCon puerto USB y HDMI\r\nIncluye:\r\nControl remoto, Cables	208000.00	380000.00	0	0.00	2025-06-23 16:21:26.903745+00	2026-06-10 22:22:09.360705+00	6	12	f	t	f	208000.00	54	2	208598.56	60.00	0	f
41	Proyector - Videobeam 720p	Mini proyector compatible con Full HD 1080P, proyector de películas compatible con iOS/Android/Tablet/Laptop/Fire stick/TV box/PS4/XBOX/Memoria USB\r\nCon puertoS USB y HDMI\r\nControl remoto\r\nTamaño de pantalla: 50-200 pulgadas	105000.00	160000.00	0	20.00	2025-06-23 16:12:47.247504+00	2026-06-10 22:22:09.363115+00	6	12	f	t	f	105000.00	8	2	86916.07	25.00	0	f
40	Proyector - Videobeam Vizony Full HD nativo wifi - bluetooth	Marca: Vizony\r\n1920 x1080P soporta 4k\r\nhasta 200 pulgadas\r\nAutoFocus\r\nAutoKeystone\r\nWifi 6\r\nBluetooth 2 ways\r\n450 ANSI	216000.00	400000.00	0	5.00	2025-06-22 19:49:58.227316+00	2026-06-10 22:22:09.364291+00	6	12	f	t	f	216000.00	28	2	208598.56	60.00	0	f
39	Proyector - VideoBeam HomPow Full HD nativo Bluetooth	Marca: HomPow\r\nResolución Full HD 1080P nativa con soporte 4K, 100%-50% zoom,\r\nBluetooth-USB-HDMI\r\nCon temporizador de sueño automático, Altavoces de alta fidelidad duales integrados, Más brillante, 9500lux, calidad de imagen más clara hasta 200 pulg	240500.00	290000.00	0	0.00	2025-06-22 19:47:39.848669+00	2026-06-10 22:22:09.365845+00	6	12	f	t	f	240500.00	50	2	208598.56	60.00	0	f
283	Ventilador de Techo para socket-enchufe comun - control remoto		55000.00	95000.00	4	0.00	2026-04-28 23:40:27.545024+00	2026-06-10 22:32:44.221685+00	3	6	t	t	f	55000.00	8	2	52149.64	15.00	0	f
257	Proyector - Videobeam Android GooDee mini 1080p bluetooth - Wifi		195000.00	360000.00	3	10.00	2026-04-10 16:07:31.346869+00	2026-06-20 14:34:34.759308+00	6	21	t	t	f	195000.00	47	2	182523.74	52.50	0	f
156	Cable Exterior		500.00	950.00	100	0.00	2025-12-04 14:19:55.96336+00	2026-06-09 21:28:59.478961+00	13	3	f	t	f	500.00	\N	\N	\N	\N	0	f
331	Conversor DVI a VGA		8000.00	20000.00	1	0.00	2026-06-11 21:23:33.182897+00	2026-06-17 16:17:27.264598+00	10	15	f	t	f	8000.00	8	3	\N	\N	0	f
147	Xiaomi Smart Band 9 Active		50000.00	95000.00	0	0.00	2025-11-11 17:31:00.609475+00	2026-06-10 15:40:49.180985+00	11	16	t	t	f	50000.00	1	1	\N	\N	0	f
59	Alexa - Echo Pop - Openbox	🎙️ Alexa integrada para responder preguntas, reproducir música y controlar dispositivos inteligentes.\r\n\r\n🔊 Sonido mejorado con graves más profundos y voces más claras.\r\n\r\n🏠 Controla luces, cámaras, enchufes y otros dispositivos compatibles con comandos de voz.\r\n\r\n⏰ Crea rutinas, alarmas, recordatorios y temporizadores fácilmente.\r\n\r\n📶 Conectividad WiFi y Bluetooth para música y automatización del hogar.\r\n\r\n🌡️ Sensor de temperatura integrado para activar rutinas inteligentes.\r\n\r\n🎵 Compatible con Spotify, Amazon Music, Apple Music y más.\r\n\r\n🔒 Botón físico para desactivar el micrófono y proteger tu privacidad.\r\n\r\n\r\n💡 Ideal para escuchar música, automatizar tu hogar y tener la ayuda de Alexa en cualquier habitación.	104000.00	165000.00	1	0.00	2025-07-22 23:01:19.891767+00	2026-06-18 19:50:24.697191+00	1	31	f	t	f	104000.00	37	2	100822.64	29.00	1	f
64	Proyector - Videobeam DBPower Full HD nativo wifi - bluetooth - Maleta	Marca: DB Power\r\nnativo 1920 x1080 P soporta 4k\r\nhasta 200 pulgadas\r\nAutoFocus\r\nAutoKeystone\r\nWifi\r\nBluetooth\r\n600 ANSI\r\nINCLUYE MALETA	177000.00	370000.00	1	0.00	2025-08-12 17:33:12.749619+00	2026-06-25 14:05:19.339139+00	6	12	t	t	f	177000.00	26	2	208598.56	60.00	1	f
310	SSD Sata KingSpec 256GB		169000.00	270000.00	1	0.00	2026-06-11 18:50:28.508581+00	2026-06-25 14:05:39.156526+00	5	9	f	t	f	169000.00	71	2	\N	\N	2	f
348	Amazon - Alexa Echo Dot Max	🎙️ Alexa integrada para música, preguntas, recordatorios y control por voz.\r\n🔊 Sonido potente y claro en un diseño compacto y moderno.\r\n🏠 Controla luces, enchufes, cámaras y otros dispositivos inteligentes compatibles.\r\n📶 Conectividad WiFi y Bluetooth para reproducir música desde tu celular.\r\n🎵 Compatible con Spotify, Amazon Music, Apple Music y más.\r\n⏰ Configura alarmas, temporizadores y rutinas personalizadas.\r\n🔒 Botón físico para desactivar el micrófono y proteger tu privacidad.\r\n🎨 Diseño elegante ideal para habitaciones, oficinas o salas de estar.\r\n\r\n💡 Ideal espacios medianos, para quienes quieren comenzar un hogar inteligente y disfrutar de Alexa en un formato compacto y económico.	247000.00	400000.00	0	0.00	2026-06-17 19:14:38.13892+00	2026-06-18 19:49:55.376332+00	1	31	f	t	f	247000.00	37	2	\N	\N	1	f
91	Impresora termica de etiquetas portatil Niimbot D110	Nota: Disponible Unidad de exhibición\r\nImprime multiples tipos de etiquetas adesivas, stickers, precios, codigos de barras etc.\r\n- Bluetooth\r\n- Compatible con etiquetas de 12-14mm ancho a 30-75mm largo\r\n- Compatible con Android, Iphone\r\n- No requiere tinta ni tóner\r\n- Incluye 1 rollo	63000.00	120000.00	0	12.00	2025-09-25 22:36:26.371108+00	2026-06-10 22:37:56.73582+00	10	14	f	t	f	63000.00	20	2	55626.28	16.00	0	f
114	Proyector - Videobeam DBPower Full HD nativo Smart wifi - bluetooth - Maleta	Marca: DB Power\r\nProyector Smart con Android\r\nLicenciado por Netflix\r\nCompatible con Youtube - Disney etc.\r\nnativo 1920 x1080 P soporta 4k\r\nhasta 200 pulgadas\r\nAutoFocus\r\nAutoKeystone\r\nWifi\r\nBluetooth\r\n600 ANSI\r\nINCLUYE MALETA	220000.00	400000.00	0	0.00	2025-10-18 20:18:57.761616+00	2026-06-22 20:49:05.212189+00	6	21	t	t	f	220000.00	26	2	208598.56	60.00	0	f
18	Audifonos inalambricos Tozo A1	🔋 Hasta 32 horas de batería para acompañarte todo el día\r\n📱 Conexión rápida y sencilla con cualquier dispositivo Bluetooth\r\n✨ Diseño compacto y cómodo para usar en cualquier lugar	55000.00	90000.00	0	0.00	2025-06-22 18:45:23.836732+00	2026-06-10 16:22:12.36763+00	1	2	f	t	f	55000.00	63	2	\N	\N	0	f
162	Camara wifi de uso exterior de doble lente 2k Tapo C246D	Incluye una lente fija de 2K con un FOV de 125° y una lente panorámica e inclinación 2K separada con teleobjetivo de 0.236 in para detalles nítidos y ampliados. El posicionamiento independiente de la lente permite un monitoreo preciso. Requiere Wi-Fi de 2.4 GHz.\r\nUna lente de gran angular fija mantiene un área a la vista, mientras que la lente panorámica/inclinación ofrece una vista horizontal de 360° y vertical de 152° de otra. El campo de visión de la cámara es mayor que el rango mecánico de pan/tilt.\r\nEl Tapo C246D Duo cuenta con un diseño con clasificación IP65 que resiste la lluvia y el polvo. Colóquelo en una mesa o móntelo en una pared; la instalación es fácil en cualquier lugar.\r\nObtén alertas precisas para personas, mascotas, vehículos y lloros de bebés utilizando la detección de IA integrada. Elija qué tipos de notificaciones de activación de detección para alertas más relevantes.\r\nApagado de control - Cuando se habilita en la aplicación Tapo App, la lente panorámica e inclinación rastrea automáticamente el movimiento detectado por la cámara fija, ofreciendo una vigilancia completa para que nunca te pierdas ni un momento.	203000.00	300000.00	1	0.00	2025-12-16 16:30:57.523295+00	2026-06-10 15:54:25.497487+00	7	20	f	t	f	203000.00	2	2	\N	\N	0	f
311	Memoria USB PNY 64GB 2.0		24000.00	45000.00	5	0.00	2026-06-11 18:55:42.404139+00	2026-06-11 18:55:42.404155+00	5	28	f	t	f	24000.00	17	2	\N	\N	0	f
233	Reloj SKMEI 2355		32000.00	65000.00	1	0.00	2026-04-09 21:48:26.455586+00	2026-06-11 23:31:06.521607+00	11	17	f	t	f	32000.00	7	4	\N	\N	0	f
332	Adaptador HDMI - mini HDMI		3800.00	12000.00	2	0.00	2026-06-11 21:24:25.286159+00	2026-06-17 17:43:41.290079+00	10	15	f	t	f	3800.00	8	3	\N	\N	0	f
298	Huawei Smartwatch gt6 pro	🌟 Características destacadas:\r\n​Construcción Premium: Materiales ultrarresistentes (cuerpo de titanio y cristal de zafiro).\r\n​Batería de larga duración: Hasta 14 días de autonomía con una sola carga.\r\n​Tecnología de punta: GPS de alta precisión, monitoreo avanzado de salud (ECG, oxígeno en sangre, frecuencia cardíaca, sueño) y más de 100 modos de entrenamiento.\r\n​Conectividad: Compatible con iPhone (iOS) y Android. Puedes contestar llamadas y ver notificaciones desde tu muñeca.\r\n​📦 Estado del equipo:\r\n​100% Nuevo, original y caja sellada. Incluye su cargador y accesorios de fábrica.\r\n24 meses de garantía con la marca	670000.00	870000.00	1	0.00	2026-06-08 15:04:47.411607+00	2026-06-22 15:07:11.880608+00	11	16	t	t	f	670000.00	42	10	\N	\N	0	f
349	Amazon - Alexa Echo Show 8 - Ultima Generacion	🖥️ Pantalla táctil HD de 8.7 pulgadas para videos, recetas, videollamadas y control del hogar inteligente.\r\n🎙️ Alexa integrada para música, preguntas, automatizaciones y control por voz.\r\n🔊 Audio mejorado con sonido espacial y graves más potentes para una experiencia envolvente.\r\n📹 Cámara de 13 MP con encuadre automático para videollamadas más cómodas.\r\n🏠 Hub inteligente compatible con Matter, Zigbee y Thread para controlar dispositivos del hogar.\r\n📶 Conectividad Wi-Fi y Bluetooth para música, llamadas y automatización.\r\n🎵 Compatible con Spotify, Amazon Music, Prime Video, Netflix y más.\r\n🌡️ Sensores inteligentes para rutinas y automatizaciones del hogar.\r\n\r\n💡 Ideal para la cocina, sala o habitación; combina pantalla inteligente, parlante premium y centro de control para tu hogar conectado.	457000.00	700000.00	0	0.00	2026-06-17 19:20:23.847527+00	2026-06-18 19:49:45.443719+00	1	31	f	t	f	457000.00	37	2	\N	\N	1	f
352	Alexa - Echo Pop - Marvel	🎙️ Alexa integrada para responder preguntas, reproducir música y controlar dispositivos inteligentes.\r\n\r\n🔊 Sonido mejorado con graves más profundos y voces más claras.\r\n\r\n🏠 Controla luces, cámaras, enchufes y otros dispositivos compatibles con comandos de voz.\r\n\r\n⏰ Crea rutinas, alarmas, recordatorios y temporizadores fácilmente.\r\n\r\n📶 Conectividad WiFi y Bluetooth para música y automatización del hogar.\r\n\r\n🌡️ Sensor de temperatura integrado para activar rutinas inteligentes.\r\n\r\n🎵 Compatible con Spotify, Amazon Music, Apple Music y más.\r\n\r\n🔒 Botón físico para desactivar el micrófono y proteger tu privacidad.\r\n\r\n\r\n💡 Ideal para escuchar música, automatizar tu hogar y tener la ayuda de Alexa en cualquier habitación.	104000.00	175000.00	0	0.00	2026-06-18 19:48:53.516371+00	2026-06-18 21:22:04.352647+00	1	31	f	t	f	104000.00	37	2	\N	\N	1	f
308	Robot Aspiradora - Trapeadora Xiaomi X20 PRO	⚡ Potente succión de hasta 7000Pa para polvo, pelos y suciedad difícil\r\n🧼 Base inteligente con autovaciado, lavado y secado automático de mopas\r\n🗺️ Navegación láser LDS con mapeo inteligente 360° y rutas eficientes\r\n🧠 Detección de obstáculos y reconocimiento automático de alfombras\r\n🔋 Batería de larga duración hasta 160 minutos de limpieza\r\n📱 Control desde app Xiaomi Home / Mi Home con limpieza programada y zonas restringidas\r\n🎙️ Compatible con Alexa y Google Assistant para control por voz\r\n🏠 Ideal para hogares grandes, mascotas y limpieza automática diaria	1130000.00	1600000.00	1	0.00	2026-06-09 22:56:26.614183+00	2026-06-10 14:52:52.812224+00	3	6	t	t	f	1130000.00	1	1	\N	\N	0	f
312	Extensor de senal xiaomi N300	📶 Velocidad inalámbrica de hasta 300 Mbps\r\n📡 Banda única 2.4 GHz (802.11 b/g/n)\r\n📶 2 antenas externas para mejorar cobertura y estabilidad\r\n🔄 Amplía la señal WiFi a zonas con poca cobertura\r\n📱 Configuración rápida desde la app Xiaomi Home (Mi Home)\r\n🔌 Diseño compacto, se conecta directamente al tomacorriente\r\n🔒 Seguridad WPA/WPA2 para una conexión protegida\r\n🏠 Ideal para habitaciones, oficinas y áreas alejadas del router principal\r\n📡 Compatible con la mayoría de routers del mercado	35000.00	75000.00	2	0.00	2026-06-11 19:03:41.725444+00	2026-06-11 19:03:41.725456+00	10	29	f	t	f	35000.00	1	1	\N	\N	0	f
28	Memoria Micro SD Sandisk 128GB		35000.00	80000.00	1	0.00	2025-06-22 19:18:10.820809+00	2026-06-11 20:02:05.773863+00	5	10	f	t	f	35000.00	14	2	\N	\N	0	f
143	DVR Dahua de 8 Canales 1080p DH-XVR1B08-I-T	Inteligencia Artificial: SMD Plus (Detección de Humanos y Vehículos)\r\nTecnología IA WizSense (SMD Plus y AI Coding).\r\nSoporte de tecnologías: HD-CVI / AHD / HD-TVI / CVBS / IP (Penta-híbrido).\r\nSoftware cliente: SmartPSS Lite (PC Windows/Mac).\r\nCompatible con: DMSS (App P2P para iOS y Android).\r\nSoporta servicio: Dahua DDNS / DynDNS / NO-IP.\r\nSoporta 8 canales BNC (HDCVI / análogos) + 2 canales IP = 10 canales en total.\r\nCompresión de video: AI Coding / H.265+ / H.265 / H.264+ / H.264.\r\nHDCVI: 1080N / 720p (a 25/30 fps).\r\nAHD: 1080N / 720p (a 25/30 fps).\r\nHD-TVI: 1080N / 720p (a 25/30 fps).\r\nCVBS: PAL/NTSC.\r\n\r\nInterfaz USB: 2 puertos USB 2.0 (uno frontal y uno trasero).\r\nInterfaz red: 1 puerto (RJ-45 10/100 Mbps).\r\nCapacidad HDD: 1 puerto SATA (hasta 6TB).	174000.00	250000.00	1	0.00	2025-11-11 17:16:11.035726+00	2026-06-11 20:37:39.104159+00	7	3	f	t	f	174000.00	4	7	\N	\N	0	f
333	USB C OTG		2500.00	6500.00	2	0.00	2026-06-11 21:25:48.394693+00	2026-06-17 17:30:02.597844+00	10	15	f	t	f	2500.00	8	3	\N	\N	0	f
182	Cable USB C - USB C Ugreen 100W		12000.00	30000.00	1	0.00	2026-01-23 19:38:00.821762+00	2026-06-17 23:03:58.639765+00	12	22	f	t	f	12000.00	10	2	12168.25	3.50	0	f
61	Impresora termica de etiquetas portatil	Imprime multiples tipos de etiquetas adesivas, códigos de barras, stickers, precios, etc.\r\n- Bluetooth\r\n- Compatible con etiquetas de 0.8 a 2 pulgadas de ancho\r\n- Compatible con Android, Iphone\r\n- No requiere tinta ni tóner\r\n- Incluye 1 rollo de 2 pulg	32000.00	75000.00	3	0.00	2025-07-29 16:36:23.752707+00	2026-06-10 22:37:56.737013+00	10	14	f	t	f	32000.00	8	2	27813.14	8.00	0	f
177	Reloj Submariner Addiesdive AD2040	Reloj Tipo submariner\r\nMovimiento de Cuarzo Japones\r\nResistencia al agua de 200m\r\nCaja en acero inoxidable\r\nBrazalete en acero inoxidable\r\nBisel ceramico giratorio de 120 clicks\r\nLumen de gran calidad - luminosidad	143000.00	255000.00	1	5.00	2026-01-22 16:23:41.811133+00	2026-06-10 16:45:05.21548+00	11	17	t	t	f	143000.00	32	4	118205.85	34.00	0	f
118	Magis	Instalacion	0.00	30000.00	77	0.00	2025-10-29 19:46:28.655087+00	2026-06-20 19:25:46.704275+00	13	19	f	t	t	0.00	\N	\N	\N	\N	0	f
121	Mantenimiento de PC - Completo		0.00	90000.00	97	0.00	2025-10-29 19:50:07.491402+00	2026-05-17 17:08:14.859534+00	13	19	f	t	t	0.00	\N	\N	\N	\N	0	f
120	Mantenimiento de PC - Software		0.00	50000.00	96	0.00	2025-10-29 19:49:41.680022+00	2026-05-26 15:33:39.926933+00	13	19	f	t	t	0.00	\N	\N	\N	\N	0	f
130	Instalacion Camara CCTV		60000.00	80000.00	100	0.00	2025-11-06 21:04:53.799412+00	2026-06-09 21:28:59.482281+00	13	19	f	t	t	60000.00	\N	\N	\N	\N	0	f
85	Consola Anbernic RG406h	Anbernic RG406h\r\n\r\nPantalla IPS de 4” 8GB de RAM 128GB de almacenamiento.\r\nEmula todas las consola Retro incluyendo GameCube, PS2, Wii, Nintendo Switch (parcial)\r\nCuenta con sistema operativo Android\r\nCompatible con Juegos Windows, Android, Juegos en streaming y Juego en la nube\r\nSalida de video para conectar al TV y jugar en pantalla grande\r\nBatería de 5000mAh\r\nBluetooth para conectar controles adicionales	486000.00	775000.00	0	10.00	2025-09-03 18:01:38.931078+00	2026-06-10 15:46:20.283206+00	9	11	f	t	f	486000.00	39	4	\N	\N	0	f
313	Monitor Portatil  Slim USB C - HDMI	Incluye Funda de Viaje \r\n\r\n🖥️ Pantalla 15.6” Full HD 1080p (1920x1080) con panel IPS para colores vivos\r\n\r\n🌈 Tecnología HDR + amplio ángulo de visión 178° para mejor experiencia visual\r\n\r\n⚡ Conexión USB-C + Mini HDMI (Plug & Play) sin instalar drivers\r\n\r\n🎮 Compatible con laptop, PC, Mac, Xbox, PlayStation, Nintendo Switch y celulares\r\n\r\n🔊 Altavoces integrados para audio sin accesorios adicionales\r\n\r\n📊 Modos de pantalla: duplicado, extendido o segunda pantalla\r\n\r\n🪶 Diseño ultradelgado y liviano (ideal para llevar en mochila o viajes)\r\n\r\n👁️ Tecnología baja luz azul + anti parpadeo para menor fatiga visual\r\n\r\n🔄 Frecuencia 60Hz perfecta para trabajo, multimedia y gaming casual	145000.00	230000.00	1	0.00	2026-06-11 19:09:24.275039+00	2026-06-11 19:09:24.27505+00	10	23	f	t	f	145000.00	\N	2	\N	\N	0	f
334	Conversor USB C - USB A		1500.00	5000.00	9	0.00	2026-06-11 21:26:24.772346+00	2026-06-17 17:43:41.28765+00	10	15	f	t	f	1500.00	8	3	\N	\N	0	f
174	Audifonos Headset Gamer HG04L con Cable		38000.00	75000.00	2	0.00	2026-01-19 19:22:22.970989+00	2026-06-10 22:28:10.755902+00	1	2	f	t	f	38000.00	12	2	34766.43	10.00	0	f
353	Memoria Micro SD Maxell 64GB		48000.00	70000.00	0	0.00	2026-06-25 14:04:15.267584+00	2026-06-25 14:04:29.837639+00	5	10	f	t	f	48000.00	75	13	\N	\N	8	f
57	Case - Funda protectora rigida		20000.00	30000.00	0	0.00	2025-06-25 19:20:34.766161+00	2026-06-09 21:28:59.635038+00	9	11	f	t	f	20000.00	\N	\N	\N	\N	0	f
286	Reloj SKMEI 1568		28000.00	50000.00	2	0.00	2026-05-05 19:21:01.796094+00	2026-06-12 00:01:32.742299+00	11	17	f	t	f	28000.00	7	4	\N	\N	0	f
254	Mouse inalámbrico Tecknet Bluetooth		22500.00	42000.00	1	0.00	2026-04-10 16:01:39.349788+00	2026-06-22 23:34:06.01938+00	10	24	f	t	f	22500.00	21	2	20859.86	6.00	0	f
335	Rollo Niimbot B1 25x15m Doble fila		19000.00	27000.00	1	0.00	2026-06-11 21:36:22.281488+00	2026-06-17 16:01:51.982121+00	10	14	f	t	f	19000.00	20	4	\N	\N	0	f
314	Proyector - Videobeam Android GooDee 1080p bluetooth - Wifi	Proyector Smart con Android\r\nCompatible con Youtube - Disney - nETFLIX etc.\r\nnativo 1920 x1080 P soporta 4k\r\nhasta 200 pulgadas\r\nAutoFocus\r\nAutoKeystone\r\nWifi\r\nBluetooth\r\n800 ANSI	219000.00	390000.00	1	0.00	2026-06-11 19:49:59.859231+00	2026-06-22 23:41:56.265885+00	6	21	f	t	f	219000.00	47	2	\N	\N	1	f
221	Camara wifi de uso exterior 2k Tapo C206	Experimenta una resolución detallada con vista en vivo de 1080p para una gran claridad. Requiere Wi-Fi de 2.4 GHz.\r\nEl diseño compacto de la cámara con clasificación IP65 protege contra la lluvia fuerte y el polvo para un funcionamiento fiable las 24 horas del día, los 7 días de la semana, y una colocación flexible en interiores o exteriores.\r\nObtén alertas precisas para personas, movimientos y lloros de bebé utilizando la detección de IA integrada. Elija qué tipos de notificaciones de activación de detección para alertas más relevantes.\r\nDisfruta de vistas horizontales y verticales de 360º y 152º con panorámica/inclinación, lo que te permite controlar más espacio. El campo de visión de la cámara es mayor que el rango mecánico de pan/tilt.\r\nDetecta el movimiento dentro del campo de visión de la cámara, luego se desplaza e inclina automáticamente para rastrear el sujeto a través de un rango de visión de 360º.	93000.00	180000.00	2	0.00	2026-03-17 20:58:49.678932+00	2026-06-25 14:07:31.914814+00	7	20	f	t	f	93000.00	2	2	\N	\N	2	f
299	Reloj Casio Marlin - Duro MDV106 - Diver	Casio Duro - MDV 106\r\nOriginal\r\nResistencia de 200m\r\nCaja en acero inoxidable 44m	147000.00	320000.00	1	0.00	2026-06-08 15:07:15.510739+00	2026-06-10 15:32:28.7126+00	11	17	t	t	f	147000.00	30	3	\N	\N	0	f
14	Interruptor de Luz Smart Wifi Tapo S505 x 2 unidades	Interruptor de luz inteligente wifi, unipolar, con control por voz, temporizador y programación de rutinas Require cable Neutro compatible con google home y Alexa	76000.00	150000.00	1	10.00	2025-06-22 17:31:16.809378+00	2026-06-10 22:32:44.227776+00	3	5	f	t	f	76000.00	2	2	62579.57	18.00	0	f
292	Memoria Micro SD Kingstone Select 256GB		120000.00	200000.00	1	0.00	2026-05-13 14:54:40.282041+00	2026-06-10 16:35:28.341971+00	5	10	f	t	f	120000.00	18	8	\N	\N	0	f
281	Cámara Dahua Interior - Exterior Tipo Domo Smart Dual Light con micrófono	🖥️ Resolución Full HD 1080p (2MP) para imágenes claras y definidas\r\n🔭 Lente 2.8 mm gran angular (≈102°) ideal para cubrir espacios amplios\r\n🌙 Tecnología Smart Dual Light (IR + luz blanca) con alcance hasta 20 metros\r\n🎤 Micrófono integrado (audio por coaxial) para grabación de sonido\r\n🎥 Compatible 4 en 1 (CVI / TVI / AHD / CVBS) para mayor versatilidad\r\n⚡ Grabación fluida hasta 30 FPS en 1080p\r\n🌧️ Protección IP67 (resistente a agua y polvo, apta para exterior)\r\n🧠 Mejora de imagen: 3D NR, WDR digital, BLC/HLC\r\n🔌 Alimentación 12V DC y bajo consumo (~2.6W)	72000.00	115000.00	1	0.00	2026-04-28 23:04:54.18561+00	2026-06-10 15:49:23.005795+00	7	3	f	t	f	72000.00	4	7	\N	\N	0	f
21	Bombillo Wifi inteligente compatible con Google - Alexa	Potencia 7.5w equivalente a 60w, con intensidad regulable y múltiples colores,compatible con alexa y Google home	12600.00	25000.00	4	0.00	2025-06-22 18:54:06.85488+00	2026-06-10 22:33:27.635996+00	3	5	f	t	f	12600.00	\N	2	\N	\N	0	f
13	Interruptor de Luz Smart Wifi Tapo S505	Interruptor de luz inteligente wifi, unipolar, con control por voz, temporizador y programación de rutinas Require cable Neutro compatible con google home y Alexa	42500.00	80000.00	2	10.00	2025-06-22 17:28:10.393738+00	2026-06-10 22:32:44.229003+00	3	5	f	t	f	42500.00	2	2	34766.43	10.00	0	f
242	Cargador Ugreen 20W GaN I		30000.00	55000.00	3	0.00	2026-04-10 15:09:25.653949+00	2026-06-10 22:40:10.605499+00	12	26	f	t	f	30000.00	10	2	27813.14	8.00	0	f
315	Parlante Tamproad Bluetooth 80w - RGB	Potencia 80w\r\nBluetooth con TWS\r\nLuces RGB\r\nPuertos:\r\nUSB - Aux - Micros sd - Microfono\r\nBateria de 10.000mah	108000.00	300000.00	1	10.00	2026-06-11 19:53:05.228072+00	2026-06-22 14:37:36.98852+00	1	1	f	t	f	108000.00	72	2	\N	\N	0	f
271	Realme Watch 5	🖥️ Pantalla AMOLED de 1.97” con excelente brillo y calidad visual\r\n📍 GPS integrado (ideal para correr o entrenar sin celular)\r\n📞 Llamadas por Bluetooth (micrófono y altavoz integrados)\r\n❤️ Monitoreo de salud: ritmo cardíaco, oxígeno (SpO2), sueño y estrés\r\n🏃‍♂️ Más de 100 modos deportivos para todo tipo de actividad\r\n🔋 Batería de larga duración hasta 14–16 días\r\n💧 Resistencia IP68 contra agua y polvo\r\n📱 Compatible con Android y iOS mediante app Realme Link	140000.00	240000.00	2	0.00	2026-04-16 18:35:03.899405+00	2026-06-22 15:05:36.879339+00	11	16	t	t	f	140000.00	35	4	132112.42	38.00	0	f
163	Camara wifi de uso exterior 2k Tapo C216	Experimenta una resolución detallada con vista en vivo de 2K 3MP para una gran claridad. Requiere Wi-Fi de 2.4 GHz.\r\nEl diseño compacto de la cámara con clasificación IP65 protege contra la lluvia fuerte y el polvo para un funcionamiento fiable las 24 horas del día, los 7 días de la semana, y una colocación flexible en interiores o exteriores.\r\nObtén alertas precisas para personas, movimientos y lloros de bebé utilizando la detección de IA integrada. Elija qué tipos de notificaciones de activación de detección para alertas más relevantes.\r\nDisfruta de vistas horizontales y verticales de 360º y 152º con panorámica/inclinación, lo que te permite controlar más espacio. El campo de visión de la cámara es mayor que el rango mecánico de pan/tilt.\r\nDetecta el movimiento dentro del campo de visión de la cámara, luego se desplaza e inclina automáticamente para rastrear el sujeto a través de un rango de visión de 360º.	107000.00	195000.00	1	0.00	2025-12-16 16:54:55.29372+00	2026-06-10 15:54:18.516611+00	7	20	f	t	f	107000.00	2	2	\N	\N	0	f
354	Tag Rastreador UGREEN FineTrack (Iphone)		16600.00	39900.00	0	0.00	2026-06-25 14:12:57.102077+00	2026-06-25 14:20:00.190836+00	12	22	f	t	f	16600.00	10	2	\N	\N	4	f
88	Memoria Micro SD Patriot 64GB	64GB	16400.00	55000.00	2	0.00	2025-09-16 00:52:49.317289+00	2026-06-11 20:03:51.282422+00	5	10	f	t	f	16400.00	16	2	\N	\N	0	f
11	Cámara wifi exteriores Tapo C402	Camara Full HD 1080p inalambrica\r\nIP65 resistente a la intemperie\r\nBateria para 180 días de uso\r\nVisión nocturna a todo color	150000.00	230000.00	2	5.00	2025-06-21 21:38:40.792039+00	2026-06-11 20:25:33.035163+00	7	20	t	t	f	150000.00	2	2	\N	\N	0	f
336	Rollo Niimbot D110 12x40mm		19000.00	27000.00	4	0.00	2026-06-11 21:38:26.62167+00	2026-06-17 16:01:51.980739+00	10	14	f	t	f	19000.00	20	4	\N	\N	0	f
12	Cámara wifi exteriores Tapo C402 con Panel solar	Camara Full HD 1080p\r\nIP65 resistente a la intemperie\r\ncon Panel solar y bateria para 180 días de uso\r\nVisión nocturna a todo color	186000.00	270000.00	0	5.00	2025-06-22 17:23:18.283894+00	2026-06-10 15:58:17.779322+00	7	20	f	t	f	186000.00	2	2	\N	\N	0	f
240	Control GameSir G7 HE Cableado	🎯 Sticks y gatillos Hall Effect (sin drift, mayor durabilidad)\r\n⚡ Gatillos con modo hair trigger para respuesta ultra rápida\r\n🔊 Vibración inmersiva con 4 motores para mayor realismo\r\n🎮 Compatible con Xbox Series X|S, Xbox One y PC (Windows)\r\n🎛️ Botones traseros remapeables para ventaja competitiva\r\n🎨 Carcasa magnética intercambiable personalizable\r\n🔌 Conexión por cable USB-C (baja latencia, mayor estabilidad)\r\n🎧 Entrada 3.5mm para audífonos + botón de mute integrado	112000.00	210000.00	1	0.00	2026-04-10 15:03:39.654563+00	2026-06-10 15:45:17.153582+00	9	4	f	t	f	112000.00	38	3	\N	\N	0	f
19	Combo de 4 Camaras Xiaomi Yi Wifi 2K	Combo de 4 Camaras Xiaomi Wifi\r\nResolución 2K\r\nDetección y alertas inteligente\r\nVisión nocturna\r\nAlmacenamiento local con tarjeta SD\r\nCompatible con Alexa y Google Home\r\nAudio en doble sentido	240000.00	170000.00	0	0.00	2025-06-22 18:47:37.735716+00	2026-06-09 21:28:59.451632+00	7	20	f	t	f	240000.00	\N	\N	\N	\N	0	f
1	Parlante Bluetooth resistente al agua	Parlante Bluetooth resistente al agua, altavoces duales de 40w\r\nPuertos USB, micro SD, auxiliar\r\nMicrófono integrado\r\nSe carga en 3 horas y tiene una autonomía de \r\nHasta 24 horas	52000.00	140000.00	0	0.00	2025-06-21 19:36:29.884427+00	2026-06-10 16:15:29.516517+00	1	1	f	t	f	52000.00	8	2	\N	\N	0	f
3	Audifonos inalambricos Redmi Buds 6 Active	🔇 Cancelación de ruido para una inmersión total\r\n🔋 Hasta 30 horas de batería para acompañarte todo el día\r\n📱 Conexión rápida y sencilla con cualquier dispositivo Bluetooth\r\n✨ Diseño compacto y cómodo para usar en cualquier lugar	62000.00	75000.00	0	0.00	2025-06-21 21:07:45.397116+00	2026-06-10 16:22:33.99816+00	1	2	f	t	f	62000.00	65	1	\N	\N	0	f
149	Power Bank Xiaomi 10.000mah - 22.5w		54000.00	95000.00	2	0.00	2025-11-11 18:25:15.190372+00	2026-06-10 16:34:29.703397+00	12	26	t	t	f	54000.00	1	1	\N	\N	0	f
200	PATCH CORD CAT6 SIN BLINDAR 2M		9900.00	20000.00	0	0.00	2026-02-27 18:44:09.609144+00	2026-06-09 21:28:59.457655+00	10	15	f	f	f	9900.00	\N	\N	\N	\N	0	f
151	Memoria Micro SD WD 64GB		26300.00	65000.00	0	0.00	2025-11-15 15:57:49.090852+00	2026-06-10 16:36:44.492166+00	5	10	f	t	f	26300.00	15	7	\N	\N	0	f
23	Drone S80 con camara y 2 baterias	Imagen en tiempo real en tu móvil, y múltiples modos de vuelo Cámara 1080p para fotos y videos 2 baterías para hasta 10 minutos de vuelo	84000.00	130000.00	1	0.00	2025-06-22 18:58:05.461656+00	2026-06-10 16:38:35.296739+00	2	7	f	t	f	84000.00	8	2	\N	\N	0	f
2	Audifonos Headset Gamer G08 inalambricos Bluetooth - 2.4Ghz	Bateria 100 Horas\r\nIncluye Dongle inalambrico\r\nMicrofono\r\nCompatible con PC, MAC, Android, Iphone, PS4, PS5, Xbox, etc	42000.00	95000.00	0	5.00	2025-06-21 21:03:22.536527+00	2026-06-10 22:28:10.764146+00	1	2	f	t	f	42000.00	12	2	34766.43	10.00	0	f
204	Xiaomi Smart Band 9 - Plata - Rosa	Notificaciones\r\nCientos de Pantallas - Watch faces intercambiables\r\nMas de 150 modos deportivos\r\nPantalla Amoled 1,62 pulg, 1200 nits\r\nHasta 21 dias  de batería\r\nRitmo cardíaco\r\nSaturacion de oxigeno \r\nRegistro de sueño\r\nResistencia al agua 50m\r\nMarco de Aluminio\r\nVibración	108000.00	165000.00	2	0.00	2026-03-02 19:38:41.683212+00	2026-06-22 15:05:51.759862+00	11	16	t	t	f	108000.00	1	1	\N	\N	0	f
175	Xiaomi Smart Band 9 Pro - Rosa		130000.00	210000.00	1	0.00	2026-01-20 14:47:09.116832+00	2026-06-22 15:06:27.235851+00	11	16	t	t	f	130000.00	1	1	\N	\N	0	f
355	Cargador Ugreen Uno 30W GaN II - Robot		62100.00	105000.00	0	0.00	2026-06-25 14:15:25.331685+00	2026-06-25 14:20:00.189645+00	12	26	f	t	f	62100.00	10	2	\N	\N	1	f
87	Proyector - Videobeam Android MagCubic 720p bluetooth - Wifi	Proyector 720p nativo - 1080p\r\nCuenta con Android para instalar aplicaciones\r\nlumens 12000\r\nTamaño de proyeccion: 40-200 pulg Audio incorporado\r\nBluetooth\r\nWifi\r\nCompatible con: iOS/Android/Tablet/Laptop/Fire stick/TV box/PS4/XBOX\r\nCon puertos USB, AV y HDMI\r\n\r\nIncluye:\r\n\r\nControl remoto y Cables	148000.00	260000.00	0	3.00	2025-09-10 17:03:57.084495+00	2026-06-25 14:06:04.34937+00	6	21	f	t	f	148000.00	29	2	139065.70	40.00	2	f
211	SSD 512 GB SATA ADATA		310000.00	760000.00	5	0.00	2026-03-17 14:37:45.991736+00	2026-06-09 21:28:59.463574+00	10	15	f	f	f	310000.00	\N	\N	\N	\N	0	f
219	Alcohol Isopropílico 1L		30000.00	73000.00	1	0.00	2026-03-17 14:45:06.734269+00	2026-06-09 21:28:59.46494+00	10	15	f	f	f	30000.00	\N	\N	\N	\N	0	f
181	Cable USB C - USB C Fibra		7000.00	15000.00	2	0.00	2026-01-23 19:32:43.489951+00	2026-06-09 21:28:59.465665+00	12	22	f	t	f	7000.00	\N	\N	\N	\N	0	f
129	Video Balum HD x 2 unidades		6500.00	9000.00	2	0.00	2025-11-06 17:04:16.989533+00	2026-06-11 20:43:24.089896+00	7	3	f	t	f	6500.00	8	7	\N	\N	0	f
119	Instalacion Camara WIFI		50000.00	70000.00	100	0.00	2025-10-29 19:49:13.97022+00	2026-06-09 21:28:59.630233+00	13	19	f	t	t	50000.00	\N	\N	\N	\N	0	f
230	Camara Javiscam Mini		99700.00	170000.00	1	0.00	2026-04-08 19:47:17.75103+00	2026-06-19 19:17:41.678491+00	7	20	f	t	f	99700.00	45	2	93869.35	27.00	0	f
222	Cargador celular de carro USB		12500.00	25000.00	1	0.00	2026-03-26 02:11:40.48443+00	2026-06-14 17:23:45.099244+00	12	26	f	t	f	12500.00	8	2	\N	\N	0	f
316	Tablet RedmiPad 2 4GB/128GB		500000.00	560000.00	1	0.00	2026-06-11 19:58:42.702617+00	2026-06-17 15:34:55.499536+00	12	27	f	t	f	500000.00	1	1	\N	\N	0	t
337	Rollos D30		4000.00	8000.00	12	0.00	2026-06-11 21:39:19.172625+00	2026-06-17 16:01:51.97949+00	10	14	f	t	f	4000.00	8	4	\N	\N	0	f
96	Reloj Iluoke Metalico	Resistente al agua\r\nCaja de metal\r\nBrazalete de metal\r\nLumen\r\nFechador	40000.00	90000.00	0	5.00	2025-09-25 22:55:26.634422+00	2026-06-10 15:41:07.515815+00	11	17	f	t	f	40000.00	\N	2	\N	\N	0	f
20	Lampara Led solar	Resistencia al sol agua y al polvo IP65\r\nbateria de 1200 mAh\r\nSensor de presencia para Iluminar automaticamente\r\n150 Led de alta potencia\r\nCuenta con panel solar\r\nAngulo de iluminación de 180°	13000.00	30000.00	5	20.00	2025-06-22 18:51:53.231228+00	2026-06-10 16:25:00.347131+00	3	5	f	t	f	13000.00	8	2	\N	\N	0	f
17	Tapo P125 Enchufe Inteligente - version apple x 2 unid	Controla, prende y apaga o monitorea el consumo de electrodomesticos (ventilador, luces, cafetera etc) desde tu movil.\r\ncompatible con Apple Home, Alexa y Google Home	63500.00	110000.00	1	10.00	2025-06-22 18:40:26.142671+00	2026-06-10 22:32:44.22536+00	3	6	f	t	f	63500.00	2	2	52149.64	15.00	0	f
317	Redmi Buds 6 Play		35000.00	70000.00	2	0.00	2026-06-11 20:21:45.390632+00	2026-06-12 16:35:13.72295+00	1	2	f	t	f	35000.00	1	1	\N	\N	0	f
197	Combo Gamer	Incluye:\r\n- Teclado\r\n- Audífonos - Headset\r\n- Mouse\r\n- Mousepad	85000.00	150000.00	2	20.00	2026-02-23 14:56:43.66712+00	2026-06-21 14:57:37.72087+00	10	25	t	t	f	85000.00	22	7	\N	\N	0	f
338	Rollo Stickers termicos		3000.00	6000.00	5	0.00	2026-06-11 21:40:21.680744+00	2026-06-17 16:01:51.977032+00	10	14	f	t	f	3000.00	8	2	\N	\N	0	f
356	Audifonos Cableado		4400.00	15000.00	0	0.00	2026-06-25 14:17:02.589206+00	2026-06-25 14:20:00.188363+00	1	2	f	t	f	4400.00	8	2	\N	\N	8	f
270	Configuración Basica Celular		0.00	30000.00	97	0.00	2026-04-15 17:04:19.072629+00	2026-05-23 23:44:08.599248+00	13	19	f	f	t	0.00	\N	\N	\N	\N	0	f
303	Reloj Naviforce NF8049 42mm	Resistencia al agua 30m\r\nCaja 42m\r\nCristal mineral\r\ncronografo\r\nfechador	60000.00	110000.00	1	0.00	2026-06-08 16:49:00.778488+00	2026-06-10 15:31:40.244232+00	11	17	f	t	f	60000.00	34	3	\N	\N	0	f
83	Reloj Invicta Pro diver Automatico	Reloj Invicta Original Tipo submariner\r\nMovimiento automático Japones NH35\r\nCristal mineral de alta resistencia\r\nResistencia al agua de 200m\r\nCaja en acero inoxidable\r\nBrazalete en acero inoxidable\r\nBisel en acero\r\nEsfera con lumen	114000.00	280000.00	0	0.00	2025-09-03 17:16:08.955125+00	2026-06-10 15:41:42.121294+00	11	17	f	t	f	114000.00	31	2	\N	\N	0	f
278	NVR IMOU WIFI 6 2.4GHZ/5GHZ 10 CANALES	📡 Soporta hasta 10 cámaras IP para vigilancia completa\r\n🖥️ Resolución hasta 4K / 8MP para imágenes claras y detalladas\r\n⚡ Compresión H.265 / H.264 (ahorra espacio y ancho de banda)\r\n📶 Conectividad WiFi + Ethernet para instalación flexible\r\n💾 Soporta disco duro hasta 16TB (no incluido)\r\n🎧 Audio bidireccional (escucha y habla desde la app)\r\n📱 Acceso remoto desde app Imou Life en cualquier lugar\r\n🔌 Salidas HDMI + VGA y puertos USB para backup\r\n🔄 Compatible con cámaras IMOU, Dahua y ONVIF	205000.00	310000.00	0	0.00	2026-04-19 16:43:07.011391+00	2026-06-10 15:49:36.49835+00	7	20	f	t	f	205000.00	3	7	\N	\N	0	f
4	Parlante portatil - inalámbrico Lenovo	🔋 Batería de larga duración: Hasta 6 horas de reproducción\r\n📱 Compatibles con cualquier dispositivo móvil y PC\r\n📦 Compactos y portátiles: Llévalos donde quieras\r\n🎶 Sonido claro y potente en un diseño pequeño	30000.00	50000.00	0	0.00	2025-06-21 21:10:40.083785+00	2026-06-10 16:15:16.156957+00	1	1	f	t	f	30000.00	13	4	\N	\N	0	f
277	CAMARA IMOU IP BULLET 2E 3MP	🖥️ Resolución Full HD / 2K / hasta 5MP (según versión) para imágenes claras y detalladas\r\n🌙 Visión nocturna a color + infrarrojo para vigilancia incluso en total oscuridad\r\n💡 Reflector LED integrado que ilumina y disuade intrusos\r\n🤖 Detección inteligente de personas con IA (menos falsas alarmas)\r\n📡 Conexión WiFi con doble antena para mayor estabilidad\r\n🎧 Audio integrado (escucha lo que ocurre en tiempo real)\r\n🚨 Alertas instantáneas al celular mediante app Imou Life\r\n💾 Soporta microSD hasta 256GB + almacenamiento en la nube\r\n🌧️ Protección IP67 (resistente a lluvia, polvo y exteriores exigentes)\r\n🔄 Compatible con NVR, ONVIF y ecosistema IMOU	148000.00	235000.00	1	0.00	2026-04-19 16:33:30.836525+00	2026-06-10 15:49:44.333291+00	7	20	t	t	f	148000.00	3	7	\N	\N	0	f
357	Mouse Pad Negro 22x28cm		6300.00	12000.00	0	0.00	2026-06-25 14:19:34.13+00	2026-06-25 14:20:00.186022+00	10	15	f	t	f	6300.00	8	2	\N	\N	10	f
260	Router IMOU AC1200 HR12F	🚀 Velocidad AC1200 (hasta 1200 Mbps: 300 Mbps + 867 Mbps)\r\n📡 Doble banda 2.4 GHz + 5 GHz para mejor estabilidad y rendimiento\r\n📶 4 antenas externas de 5dBi para mayor cobertura en el hogar\r\n🎮 Ideal para streaming, gaming y uso diario sin interrupciones\r\n📱 Gestión desde app Imou Life (control remoto de la red)\r\n👨‍👩‍👧‍👦 Funciones como control parental y red de invitados\r\n🔒 Seguridad WPA/WPA2 + soporte IPv6\r\n🔌 1 puerto WAN + 3 LAN para conexión cableada estable	81000.00	135000.00	2	0.00	2026-04-11 21:42:38.411008+00	2026-06-11 19:05:28.461877+00	10	29	t	t	f	81000.00	3	7	\N	\N	0	f
16	Tapo P110 Enchufe Inteligente y Monitor de energía x 1 unid	Controla, prende y apaga o monitorea el consumo de electrodomesticos (ventilador, luces, cafetera etc) desde tu movil\r\ncompatible con alexa y google home	25000.00	60000.00	4	10.00	2025-06-22 18:23:35.089427+00	2026-06-11 21:32:58.654171+00	3	6	f	t	f	26250.00	2	2	\N	\N	0	f
339	Rollos Impresora de Recibos 57mmx30mm		2800.00	4000.00	8	0.00	2026-06-11 21:41:26.389316+00	2026-06-17 15:52:30.272698+00	10	14	f	t	f	2800.00	8	4	\N	\N	0	f
279	INSTALACION CONFIGURACION NVR Y APP MOVIL		0.00	120000.00	9	0.00	2026-04-19 16:44:23.619462+00	2026-04-19 16:51:55.726481+00	13	19	f	f	f	0.00	\N	\N	\N	\N	0	f
225	Mantenimiento de PC - Completo, diagnostico y reparacion		60000.00	200000.00	9	0.00	2026-03-28 20:15:05.697378+00	2026-06-09 21:28:59.472274+00	13	19	f	t	t	60000.00	\N	\N	\N	\N	0	f
285	Mouse Gamer Tecknet RGB	8 Niveles de Ajuste DPI\r\n\r\nhasta 12.800 DPI\r\n\r\nLuces RGB ajustables desde aplicación	35000.00	60000.00	2	0.00	2026-05-03 14:54:34.325663+00	2026-06-10 22:37:56.724696+00	10	24	t	t	f	35000.00	21	2	33028.10	9.50	0	f
29	Memoria Micro SD Sandisk 256GB		50000.00	130000.00	0	0.00	2025-06-22 19:18:50.762184+00	2026-06-10 16:37:43.495081+00	5	10	f	t	f	50000.00	14	2	\N	\N	0	f
304	Reloj Naviforce NF8038	Reloj Naviforce NF8038\r\nResistencia al agua 30m\r\nCaja 46m\r\nCristal mineral\r\ncronografo\r\nfechador	60000.00	120000.00	1	0.00	2026-06-08 16:51:58.846+00	2026-06-20 16:32:29.409658+00	11	17	f	t	f	60000.00	34	3	\N	\N	0	f
212	SSD M2 256 GB Patriot Gen 3		275000.00	673000.00	1	0.00	2026-03-17 14:38:17.91168+00	2026-06-09 21:28:59.487496+00	10	15	f	f	f	275000.00	\N	\N	\N	\N	0	f
136	Canaleta CANALETA 20 X 10		4200.00	7500.00	13	0.00	2025-11-07 22:33:30.504829+00	2026-06-17 16:06:14.468778+00	13	18	f	t	f	4200.00	8	7	\N	\N	0	f
34	Control Bluetooth PC - Nintendo Switch	Control Bluetooth Con vibración Batería recargable Giroscopio Compatible con PC, Nintendo Switch, Iphone, Android	59000.00	80000.00	1	12.00	2025-06-22 19:32:25.777236+00	2026-06-09 21:28:59.492941+00	9	4	f	t	f	59000.00	\N	\N	\N	\N	0	f
27	Memoria Micro SD Sandisk 64GB		24000.00	45000.00	0	0.00	2025-06-22 19:17:26.28605+00	2026-06-10 16:38:05.974372+00	5	10	f	t	f	24000.00	14	2	\N	\N	0	f
26	SSD Patriot 256GB	SSD - Sata 256 GB marca Patriot serie P220	63000.00	190000.00	1	0.00	2025-06-22 19:13:13.131977+00	2026-06-10 16:38:15.027751+00	5	9	f	t	f	63000.00	16	2	\N	\N	0	f
358	Samsung S25 Ultra 12/256GB - Como Nuevo	Samsung S25 Ultra como nuevo\r\nAun cuenta con Garantía de Samsung Colombia (hasta Octubre)\r\n12GB Ram 256GB almacenamiento\r\nPerfecto estado sin ningún tipo de Rayón o golpe\r\nSe entrega con Cable original de carga y 4 Fundas	3000000.00	3100000.00	1	0.00	2026-06-25 17:09:32.73876+00	2026-06-26 16:53:32.486523+00	12	27	f	t	f	3000000.00	40	14	\N	\N	0	t
275	Gabinete - Rack para DVR 8 CH		50000.00	65000.00	0	0.00	2026-04-18 20:03:39.660575+00	2026-06-17 16:30:12.355401+00	7	3	f	t	f	50000.00	8	6	\N	\N	0	f
158	Disco Duro Western Digital 1TB		233000.00	300000.00	0	0.00	2025-12-10 21:09:46.057638+00	2026-06-17 17:45:15.167125+00	5	9	f	t	t	233000.00	\N	\N	\N	\N	0	f
172	Pasta Termica Artic MX-4 4g		19500.00	35000.00	3	0.00	2026-01-19 19:18:21.815721+00	2026-06-17 18:32:44.491337+00	10	15	f	t	f	19500.00	\N	\N	\N	\N	0	f
243	Audifonos inalambricos Ugreen Clip		65000.00	120000.00	0	0.00	2026-04-10 15:16:41.005757+00	2026-06-10 22:28:10.753453+00	1	2	f	t	f	65000.00	10	2	66056.21	19.00	0	f
161	Servicio Integral de Instalación y Configuración 4 Cámaras Wifi + App Móvil		240000.00	360000.00	1	0.00	2025-12-10 22:49:23.008556+00	2026-06-09 21:28:59.50627+00	13	3	f	t	f	240000.00	\N	\N	\N	\N	0	f
220	Switch de Red Tenda Gigabyte 5 puertos		45000.00	110000.00	0	0.00	2026-03-17 14:45:32.193283+00	2026-06-11 22:15:48.15849+00	10	15	f	f	f	45000.00	\N	\N	\N	\N	0	f
60	Audifonos Headset Gamer G06 inalambricos Bluetooth - 2.4Ghz	Bateria 74 Horas\r\nIncluye Dongle inalámbrico\r\nMicrofono con cancelacion de ruido\r\nCompatible con PC, MAC, Android, Iphone, PS4, PS5, Xbox, etc	44000.00	100000.00	1	0.00	2025-07-23 14:20:46.036467+00	2026-06-10 22:28:10.762665+00	1	2	f	t	f	44000.00	12	2	34766.43	10.00	0	f
201	PATCH CORD CAT6 SIN BLINDAR 5M		13000.00	25000.00	0	0.00	2026-02-27 18:44:51.228019+00	2026-06-09 21:28:59.508139+00	10	15	f	f	f	13000.00	\N	\N	\N	\N	0	f
166	CAMARA IP RANGER 2		100000.00	150000.00	0	0.00	2025-12-20 19:27:16.186693+00	2026-06-09 21:28:59.518515+00	7	20	f	f	f	100000.00	\N	\N	\N	\N	0	f
137	Servicio Integral de Instalación y Configuración CCTV (7 Puntos, DVR, App Móvil)		490000.00	730000.00	1	0.00	2025-11-08 22:48:13.680882+00	2026-06-09 21:28:59.519258+00	13	3	f	t	t	490000.00	\N	\N	\N	\N	0	f
183	Cargador 20w + Cable USB C		17600.00	35000.00	8	0.00	2026-01-23 19:39:56.291617+00	2026-06-11 20:56:00.544229+00	12	26	f	t	f	17600.00	8	2	\N	\N	0	f
234	Reloj SKMEI 2091		40000.00	75000.00	3	0.00	2026-04-09 21:50:05.446001+00	2026-06-10 15:38:29.682832+00	11	17	f	t	f	40000.00	7	4	\N	\N	0	f
32	Control MG25Z inalámbrico PC-Android-Switch-Iphone-TvBox	Control Bluetooth Con vibración Batería recargable Giroscopio Compatible con PC, Nintendo Switch, Iphone, Android\r\nBateria interna	42000.00	80000.00	0	0.00	2025-06-22 19:30:14.834038+00	2026-06-10 15:47:24.807346+00	9	4	f	t	f	42000.00	8	4	\N	\N	0	f
36	Kinhank K36 - Consola Retro	Mas de 5000 Juegos Incluidos (PSP, Play 1, NES, GBA, NeoGeo, MAME, SNES… y muchos mas) Pantalla 3.5'' RAM 1GB HDMI Hasta 7 horas de batería	132000.00	190000.00	0	10.00	2025-06-22 19:35:57.118167+00	2026-06-10 15:48:06.036761+00	9	11	f	t	f	132000.00	\N	4	\N	\N	0	f
223	Cámaras de seguridad wifi TP-Link Tapo C100	Camara Wifi\r\nResolución Full HD \r\nDetección y alertas inteligente\r\nVisión nocturna\r\nAlmacenamiento local con tarjeta SD\r\nCompatible con Alexa y Google Home\r\nAudio en doble sentido	61000.00	110000.00	1	0.00	2026-03-27 16:01:35.198291+00	2026-06-10 15:51:20.828218+00	7	20	f	t	f	61000.00	2	2	\N	\N	0	f
340	Parlante de Escritorio JeeCoo 10W		28000.00	55000.00	2	0.00	2026-06-11 22:07:00.274946+00	2026-06-11 22:07:00.274961+00	1	1	f	t	f	28000.00	73	2	\N	\N	0	f
193	Mouse Gamer RGB Havit 1010		18000.00	39000.00	0	0.00	2026-02-23 14:12:20.112251+00	2026-06-12 15:22:31.339714+00	10	24	f	t	f	18000.00	22	7	\N	\N	0	f
142	Kit Dahua Dvr 8ch + 8 Cámaras 1080p + Accesorios	Que incluye el Kit:\r\n1 DVR Dahua 8 canales 1080p 108G-M1\r\n4 Cámaras tipo bala Dahua 2Mpx THC-B120\r\n4 Cámaras tipo domo 2Mpx THC-T120\r\n8 Videobalum\r\n8 Borneras\r\n8 Cajas de paso\r\n8 Fuentes\r\n100m de Cable UTP cat 5	760000.00	1200000.00	1	0.00	2025-11-11 16:48:11.449346+00	2026-06-17 15:29:17.917842+00	7	3	t	t	f	760000.00	4	7	\N	\N	0	t
10	Cámara Wifi Tapo C425 QHD 2K S/N:Y249110004625	Camara QHD 2K con FOV de 150°: la resolución 2K QHD\r\nmontaje magnetico\r\nIP66 resistente a la intemperie\r\nbatería de 10000 mAh ofrece hasta 300 días de uso\r\nVisión nocturna a todo color	207000.00	310000.00	0	0.00	2025-06-21 21:37:08.616437+00	2026-06-10 15:58:37.28658+00	7	20	f	t	f	207000.00	2	2	\N	\N	0	f
148	Power Bank Xiaomi 20.000mah - 30w		108000.00	170000.00	1	15.00	2025-11-11 18:22:58.292477+00	2026-06-10 16:34:35.60715+00	12	26	t	t	f	108000.00	1	1	\N	\N	0	f
176	Memoria USB PNY 32GB		13500.00	35000.00	0	0.00	2026-01-22 15:10:31.126543+00	2026-06-10 16:36:12.580147+00	5	9	f	t	f	13500.00	17	2	\N	\N	0	f
46	Proyector - Videobeam Nisoo Full HD nativo - Wifi -Bluetooth	Proyector nativo 1080P - hasta 4K, 700ANSI compatible con iOS/Android/Tablet/Laptop/Fire stick/TV box/PS4/XBOX/Memoria USB\r\nKeystore y zoom electrico\r\nTamaño de pantalla: hasta 300 pulgadas \r\nBluetooth 5.1\r\nCon puerto USB y HDMI\r\nIncluye:\r\nControl remoto, Cables	195000.00	385000.00	1	14.00	2025-06-23 16:34:35.950857+00	2026-06-10 22:22:09.357146+00	6	12	f	t	f	195000.00	52	2	156448.92	45.00	0	f
249	Parlante Bluetooth resistente al agua 15w x2 Unidades		62000.00	125000.00	1	0.00	2026-04-10 15:48:49.127651+00	2026-06-10 22:25:16.333075+00	1	1	f	t	f	62000.00	23	2	59102.92	17.00	0	f
341	Reloj Naviforce NF7104	Resistencia al agua\r\nLuz Led\r\nCaja de Resina\r\nCristal mineral\r\nTimer\r\nCronometro\r\nAlarmas	35000.00	79900.00	3	0.00	2026-06-11 23:37:28.562415+00	2026-06-20 16:30:38.362772+00	11	17	f	t	f	35000.00	34	3	\N	\N	0	f
58	Proyector - Videobeam TMY 1080p bluetooth - Wifi	Proyector nativo 1080p hasta 4K\r\n320 ANSI\r\nTamaño de proyeccion: 40-250 pulg Audio incorporado\r\nBluetooth\r\nWIFI\r\nCompatible con: iOS/Android/Tablet/Laptop/Fire stick/TV box/PS4/XBOX\r\nCon puertos USB, SD, AV y HDMI \r\nIncluye:\r\nControl remoto y Cables	195000.00	300000.00	1	0.00	2025-07-08 18:44:47.500311+00	2026-06-10 22:22:09.355944+00	6	12	f	t	f	195000.00	27	2	163402.20	47.00	0	f
255	Mouse inalámbrico Ergonómico		33000.00	60000.00	2	0.00	2026-04-10 16:02:47.042168+00	2026-06-10 22:37:56.728487+00	10	24	f	t	f	33000.00	67	2	31289.78	9.00	0	f
320	Fuente 12V 1A		6000.00	9000.00	6	0.00	2026-06-11 20:42:30.299079+00	2026-06-17 18:30:54.101274+00	7	18	f	t	f	6000.00	8	7	\N	\N	0	f
188	Tivo 4k TV Box con Android TV		95000.00	165000.00	0	0.00	2026-02-03 14:34:14.895305+00	2026-06-10 16:02:39.922955+00	8	8	f	t	f	95000.00	\N	2	\N	\N	0	f
9	Control de Videojuegos Gamesir Nova Lite	Compatible con PC - Android - Switch - Iphone	78000.00	130000.00	4	3.00	2025-06-21 21:32:01.165557+00	2026-06-19 15:52:03.924127+00	9	4	f	t	f	78000.00	38	3	\N	\N	0	f
51	Altavoz Bluetooth portátil Tazata - BOOMBLAST	Bluetooth\r\n60W de potencia RMS y 90W potencia pico\r\nTiempo de reproducción de 10 horas\r\nFunciona como powerbank para cargar celulares\r\nResistente al Agua IPX7\r\nSonido envolvente equipados con 2 subwoofers de 20 W, 2 tweeters de 10 W y chip AGM	147000.00	260000.00	2	8.00	2025-06-25 18:26:03.861665+00	2026-06-19 16:30:03.918962+00	1	1	t	t	f	147000.00	24	2	156448.92	45.00	0	f
202	CONECTOR RJ45 CAT5E SIN BLINDAR 50PCS POR BOLSA		12200.00	35000.00	0	0.00	2026-02-27 18:45:41.830531+00	2026-06-09 21:28:59.541622+00	10	15	f	f	f	12200.00	\N	\N	\N	\N	0	f
208	Camara Imou Cruiser Dual 2 8MPX		250000.00	370000.00	0	0.00	2026-03-12 19:50:28.807134+00	2026-06-09 21:28:59.544941+00	7	20	f	f	f	250000.00	\N	\N	\N	\N	0	f
125	Cargador Ugreen 30W GaN II		39000.00	70000.00	2	6.00	2025-10-31 15:46:22.03967+00	2026-06-26 15:05:03.371123+00	12	26	f	t	f	39000.00	10	2	34766.43	10.00	2	f
213	Memoria DDR4 4G Crucial 2666Mhz		120000.00	294000.00	2	0.00	2026-03-17 14:38:57.261158+00	2026-06-09 21:28:59.547963+00	10	15	f	f	f	120000.00	\N	\N	\N	\N	0	f
146	Cámara Dahua Interior Tipo Domo DH-HAC-T1A21N-U-0280B	Lente Fijo de 2.8mm\r\nCampo Visual 103°\r\nSensor 2 Mpx\r\nResolución de 1080p\r\nVisión Nocturna IR EXIR 20 metros\r\nMicrófono integrado	44000.00	65000.00	7	0.00	2025-11-11 17:23:38.038154+00	2026-06-11 20:36:53.442651+00	7	3	f	t	f	44000.00	4	7	\N	\N	0	f
48	Smartwatch - Reloj Colmi P71	Medición de frecuencia cardíaca y sueño, más de 50 modos de entrenamiento, y resistencia al agua IP 68.\r\n📱Permite Contestar llamadas\r\n💪 Hasta 10 días de batería para acompañarte en tus actividades\r\n📱 Notificaciones de llamadas y mensajes al instante\r\n✨ Diseño moderno y funcional	52000.00	75000.00	0	0.00	2025-06-23 16:40:05.708857+00	2026-06-10 15:44:44.015752+00	11	16	f	t	f	52000.00	44	4	\N	\N	0	f
50	Soporte para Celular - Control de Ps4	Soporte para celular compatible con control de PlayStation 4\r\nNo se incluye el control!!	12000.00	28000.00	1	10.00	2025-06-25 18:19:24.387347+00	2026-06-10 15:46:36.516169+00	9	4	f	t	f	12000.00	\N	4	\N	\N	0	f
49	Soporte para Celular - Control de Xbox one	Soporte para celular compatible con control de Xbox One\r\nNo se incluye el control!!	11000.00	28000.00	2	10.00	2025-06-25 18:18:14.376918+00	2026-06-10 15:46:42.196848+00	9	4	f	t	f	11000.00	\N	4	\N	\N	0	f
56	Interruptor inteligente wifi	Interruptor inteligente wifi\r\nCompatible con Alexa y google home\r\nPermite establecer temporizadores y control remoto	15000.00	30000.00	4	20.00	2025-06-25 19:12:23.445738+00	2026-06-10 16:23:56.670029+00	3	6	f	t	f	15000.00	8	3	\N	\N	0	f
55	Sensor de puerta y ventana Wifi	Sensor de puerta y ventana Wifi\r\nPermite notificar al Celular\r\nCompatible con Alexa y google home\r\nAlimentado con pilas AAA	17000.00	30000.00	1	0.00	2025-06-25 19:09:20.042291+00	2026-06-10 16:24:28.119512+00	3	6	f	t	f	17000.00	8	3	\N	\N	0	f
195	Teclado Oficina Havit		17000.00	35000.00	2	0.00	2026-02-23 14:54:27.246187+00	2026-06-10 16:29:28.974817+00	10	25	f	t	f	17000.00	22	7	\N	\N	0	f
54	Lector de Memorias USB 3.0	Lector de Memorias SD, Micro SD	60000.00	12000.00	3	0.00	2025-06-25 18:54:32.107402+00	2026-06-10 16:32:00.254572+00	10	15	f	t	f	60000.00	8	4	\N	\N	0	f
53	Mouse inalámbrico Bluetooth - Blanco	Mouse inalámbrico Bluetooth\r\nBateria recargable	19000.00	30000.00	0	10.00	2025-06-25 18:50:10.918171+00	2026-06-10 16:32:19.082075+00	10	24	f	t	f	19000.00	8	4	\N	\N	0	f
194	Mouse Oficina Havit MS753		8000.00	25000.00	3	0.00	2026-02-23 14:53:38.248392+00	2026-06-11 21:48:01.087502+00	10	24	f	t	f	8000.00	22	7	\N	\N	0	f
52	Impresora termica de recibos portatil	Impresora termica de recibos de 58mm\r\ncompatible con Ios, Android y PC\r\nBluetooth\r\nCompatible con aplicaciones como Kite, Odoo, rawBT, loyverse, entre otras\r\nIncluye 1 rollo de papel	82000.00	140000.00	0	15.00	2025-06-25 18:38:20.933558+00	2026-06-12 19:41:34.640276+00	10	14	f	t	f	82000.00	8	4	\N	\N	0	f
131	Kit Cámara CCTV Balun + Fuente + Bornera + Caja		15000.00	30000.00	14	0.00	2025-11-06 23:23:16.177703+00	2026-06-17 15:29:17.92554+00	13	3	f	t	t	15000.00	\N	\N	\N	\N	0	t
287	Memoria Micro SD Kingstone Go 128GB		90000.00	140000.00	2	0.00	2026-05-13 14:49:25.239328+00	2026-06-10 16:36:02.429886+00	5	10	f	t	f	90000.00	18	8	\N	\N	0	f
169	Memoria Micro SD PNY 64GB		25000.00	65000.00	1	0.00	2026-01-15 14:24:33.696461+00	2026-06-10 16:36:24.593698+00	5	10	f	t	f	25000.00	17	2	\N	\N	0	f
164	Pagani Design Daytona		230000.00	370000.00	0	0.00	2025-12-17 17:34:52.514684+00	2026-06-10 16:51:23.046532+00	11	17	f	t	f	230000.00	43	4	187738.70	54.00	0	f
214	Memoria DDR4 8G Crucial 2666Mhz		220000.00	539000.00	4	0.00	2026-03-17 14:39:37.715725+00	2026-06-09 21:28:59.561014+00	10	15	f	f	f	220000.00	\N	\N	\N	\N	0	f
77	Audifonos inalambricos Tozo E2	🔋 Hasta 30 horas de batería para acompañarte todo el día\r\n📱 Conexión rápida y sencilla con cualquier dispositivo Bluetooth\r\n✨ Diseño compacto y cómodo para usar en cualquier lugar	42000.00	80000.00	3	0.00	2025-08-15 16:48:24.870232+00	2026-06-10 16:20:55.703394+00	1	2	t	t	f	42000.00	63	2	\N	\N	0	f
76	Audifonos inalambricos Monster N-Lite 203	🔋 Hasta 30 horas de batería para acompañarte todo el día\r\n📱 Conexión rápida y sencilla con cualquier dispositivo Bluetooth\r\n✨ Diseño compacto y cómodo para usar en cualquier lugar\r\n💦 Resistencia al agua IPX6	62000.00	110000.00	5	13.00	2025-08-15 16:45:12.296344+00	2026-06-10 16:21:08.846259+00	1	2	f	t	f	62000.00	11	2	\N	\N	0	f
244	Audifonos Headset Gamer YPBDAN  Inalambrico		50000.00	130000.00	2	15.00	2026-04-10 15:20:46.632759+00	2026-06-10 22:28:10.750832+00	1	2	f	t	f	50000.00	60	2	52149.64	15.00	0	f
138	Canaleta CANALETA 12 X 9		4600.00	6500.00	15	0.00	2025-11-11 16:34:06.674967+00	2026-06-17 16:05:53.814904+00	13	18	f	t	f	4600.00	8	7	\N	\N	0	f
179	Cable USB Tipo A - USB C Fibra		7000.00	15000.00	8	0.00	2026-01-23 18:57:54.197892+00	2026-06-09 21:28:59.568372+00	12	22	f	t	f	7000.00	\N	\N	\N	\N	0	f
75	Audifonos inalambricos Oraolo Open OE03	🔋 Hasta 30 horas de batería para acompañarte todo el día\r\n📱 Conexión rápida y sencilla con cualquier dispositivo Bluetooth\r\n✨ Diseño compacto y cómodo para usar en cualquier lugar\r\n💦 Resistencia al agua IPX5\r\n🏋🏼‍♀️ Diseñados para disfrutarlos mientras hacer ejercicio	55000.00	140000.00	2	10.00	2025-08-15 16:43:24.635295+00	2026-06-10 16:21:24.485424+00	1	2	f	t	f	55000.00	64	2	\N	\N	0	f
321	Canaleta CANALETA 30 X 10		7000.00	12000.00	2	0.00	2026-06-11 20:44:57.004897+00	2026-06-17 16:05:39.822627+00	7	18	f	t	f	7000.00	8	7	\N	\N	0	f
74	Audifonos inalambricos Monster Open Ear AC322	🔋 Hasta 21 horas de batería para acompañarte todo el día\r\n📱 Conexión rápida y sencilla con cualquier dispositivo Bluetooth\r\n✨ Diseño compacto y cómodo para usar en cualquier lugar\r\n💦 Resistencia al agua IPX5\r\n🏋🏼‍♀️ Diseñados para disfrutarlos mientras hacer ejercicio	55000.00	155000.00	1	10.00	2025-08-15 16:41:14.538073+00	2026-06-10 16:21:33.688683+00	1	2	t	t	f	55000.00	11	2	\N	\N	0	f
173	Audifonos Headset RORSOU R10 con Cable		47000.00	70000.00	3	0.00	2026-01-19 19:21:00.860319+00	2026-06-10 22:28:10.757144+00	1	2	f	t	f	47000.00	62	2	44153.36	12.70	0	f
250	Parlante De escritorio Bluetooth R80	Parlante de Escritorio Bluetooth	25000.00	55000.00	3	0.00	2026-04-10 15:52:05.34099+00	2026-06-11 21:58:06.245286+00	1	1	f	t	f	25000.00	25	2	17383.21	5.00	0	f
295	Reloj Curren 8402 - Cronografo	Reloj Curren\r\nResistencia al agua 50m\r\nCaja de aleacion 48mm\r\nCristal mineral\r\nCronografo\r\nFechador	60000.00	140000.00	0	0.00	2026-06-08 14:57:57.911852+00	2026-06-19 19:56:52.70898+00	11	17	t	t	f	60000.00	41	3	\N	\N	2	f
159	Servicio Integral de Instalación y Configuración CCTV (4 Cámara, 1 DVR, App Móvil)		310000.00	460000.00	1	0.00	2025-12-10 22:17:24.799697+00	2026-06-09 21:28:59.580832+00	13	3	f	t	t	310000.00	\N	\N	\N	\N	0	f
342	Reloj Naviforce NF6104	Resistencia al agua 30m\r\nLuz Led\r\nCaja de aleacion\r\nCristal mineral\r\nTimer\r\nCronometro\r\nAlarma	55000.00	120000.00	1	0.00	2026-06-11 23:41:48.587885+00	2026-06-20 16:31:41.445971+00	11	17	f	t	f	55000.00	34	3	\N	\N	1	f
71	Reloj SKMEI 1988	Resistente al agua\r\nAlarma\r\nCronometro	30000.00	50000.00	1	0.00	2025-08-12 18:35:53.588993+00	2026-06-12 00:03:25.050656+00	11	17	t	t	f	30000.00	7	4	\N	\N	0	f
133	Cable UTP Interior x Metro		500.00	900.00	220	0.00	2025-11-06 23:26:51.076575+00	2026-06-17 17:42:27.614934+00	7	18	f	t	f	500.00	8	7	\N	\N	0	f
184	Reloj SKMEI 1816		48000.00	99000.00	1	0.00	2026-01-25 19:10:26.576857+00	2026-06-11 23:49:07.688354+00	11	17	f	t	f	48000.00	7	4	\N	\N	0	f
132	Caja de paso 10cmx10cm		2500.00	4000.00	3	0.00	2025-11-06 23:23:51.43327+00	2026-06-17 17:45:50.089417+00	13	3	f	t	f	2500.00	\N	\N	\N	\N	0	f
68	Reloj SKMEI 1628 Negro	Resistente al agua\r\nAlarma\r\nCronometro	30000.00	50000.00	1	0.00	2025-08-12 18:33:02.165126+00	2026-06-12 00:02:23.645357+00	11	17	t	t	f	30000.00	7	4	\N	\N	0	f
84	Reloj Invicta Specialty	Reloj Invicta Original\r\nMovimiento Cuarzo Japones\r\nCristal mineral de alta resistencia\r\nResistencia al agua de 50m\r\nCaja en acero inoxidable\r\nBrazalete en acero inoxidable\r\nBisel en acero\r\nEsfera con lumen	80000.00	250000.00	1	5.00	2025-09-03 17:19:45.367442+00	2026-06-10 16:51:23.052781+00	11	17	t	t	f	80000.00	31	2	121682.49	35.00	0	f
82	Reloj Submariner Addiesdive AD2089	Reloj Tipo submariner\r\nMovimiento de Cuarzo Japones\r\nResistencia al agua de 200m\r\nCaja en acero inoxidable\r\nBrazalete en acero inoxidable\r\nBisel ceramico giratorio de 120 clicks\r\nLumen de gran calidad - luminosidad	160000.00	250000.00	0	0.00	2025-09-03 17:01:42.528045+00	2026-06-10 15:41:51.279272+00	11	17	f	t	f	160000.00	32	4	\N	\N	0	f
81	Reloj SKMEI 2505	Resistente al agua\r\nAlarma\r\nCronometro\r\nBrazalete Metálico	44000.00	75000.00	1	0.00	2025-09-03 16:53:33.467525+00	2026-06-10 15:42:03.198768+00	11	17	f	t	f	44000.00	7	4	\N	\N	0	f
80	Reloj SKMEI 2264	Resistente al agua\r\nAlarma\r\nCronometro\r\nBrazalete rigido	40000.00	75000.00	0	6.00	2025-09-03 16:51:18.162673+00	2026-06-10 15:42:12.285139+00	11	17	f	t	f	40000.00	7	4	\N	\N	0	f
79	Reloj SKMEI 1389	Resistente al agua\r\nAlarma\r\nCronometro\r\nCaja de metal\r\nBrazalete de metal	44000.00	75000.00	1	0.00	2025-09-03 16:49:58.522177+00	2026-06-10 15:42:21.37804+00	11	17	t	t	f	44000.00	7	4	\N	\N	0	f
78	Reloj SKMEI 1335	Resistente al agua\r\nAlarma\r\nCronometro\r\nCorrea Metalica	44000.00	75000.00	0	8.00	2025-09-03 16:45:35.654054+00	2026-06-10 15:42:29.356796+00	11	17	f	t	f	44000.00	7	4	\N	\N	0	f
70	Reloj SKMEI 1123 - Multiples Colores	Resistente al agua\r\nAlarma\r\nCronometro	30000.00	60000.00	5	5.00	2025-08-12 18:34:29.030596+00	2026-06-10 15:43:14.455515+00	11	17	t	t	f	30000.00	7	4	\N	\N	0	f
69	Reloj SKMEI 1426	Resistente al agua\r\nAlarma\r\nCronometro	30000.00	50000.00	4	0.00	2025-08-12 18:33:45.822951+00	2026-06-10 15:43:24.76511+00	11	17	f	t	f	30000.00	7	4	\N	\N	0	f
67	Reloj SKMEI 1637	Resistente al agua\r\nAlarma\r\nCronometro	33000.00	60000.00	2	0.00	2025-08-12 18:31:54.461188+00	2026-06-10 15:43:54.151993+00	11	17	f	t	f	33000.00	7	4	\N	\N	0	f
288	Memoria Micro SD Kingstone Go 64GB		60000.00	85000.00	3	0.00	2026-05-13 14:50:07.130833+00	2026-06-10 16:35:55.713478+00	5	10	f	t	f	60000.00	18	8	\N	\N	0	f
322	Bornera x2		1400.00	3000.00	12	0.00	2026-06-11 20:48:20.459247+00	2026-06-17 16:25:42.428643+00	7	18	f	t	f	1400.00	8	7	\N	\N	0	f
126	Case - Caja para Disco Duro	Convierte tu disco duro Sata Convencional en un Disco Externo USB 3.0	14000.00	25000.00	6	0.00	2025-10-31 16:04:57.20505+00	2026-06-17 16:41:00.595198+00	10	15	f	t	f	14000.00	8	3	\N	\N	0	f
185	Panel Solar 6W para camara de seguridad - Resistente al agua		40000.00	85000.00	2	10.00	2026-01-29 19:47:22.346434+00	2026-06-11 20:32:59.862337+00	7	18	f	t	f	40000.00	8	2	\N	\N	0	f
196	Teclado Gamer Redragon		63000.00	100000.00	1	0.00	2026-02-23 14:55:27.152626+00	2026-06-10 22:37:56.731015+00	10	25	t	t	f	63000.00	68	2	59102.92	17.00	0	f
113	Cargador Ugreen 45W		79000.00	130000.00	1	0.00	2025-10-15 00:06:07.747317+00	2026-06-10 22:40:10.610642+00	12	26	f	t	f	79000.00	10	2	69532.85	20.00	0	f
89	Mini Proyector - Videobeam Hompow 720p bluetooth	Proyector 720p nativo - 1080p\r\nlumens 9500 \r\nTamaño de proyeccion: 40-220 pulg Audio incorporado\r\nBluetooth\r\nCompatible con: iOS/Android/Tablet/Laptop/Fire stick/TV box/PS4/XBOX\r\nCon puertos USB, AV y HDMI \r\nIncluye:\r\nControl remoto, Cables	71000.00	180000.00	1	0.00	2025-09-25 22:23:28.425761+00	2026-06-10 22:43:45.567759+00	6	12	f	t	f	71000.00	50	2	62579.57	18.00	0	f
112	Cargador Ugreen 30W GaN II Nexode		50000.00	85000.00	1	10.00	2025-10-15 00:05:06.500919+00	2026-06-26 15:05:03.373967+00	12	26	t	t	f	50000.00	10	2	48673.00	14.00	3	f
92	Parlante Bluetooth Vanzon resistente al agua	Bluetooth\r\n\r\n24W de potencia \r\n\r\nTiempo de reproducción de 24 horas\r\n\r\nResistente al Agua IPX7	67000.00	120000.00	2	16.00	2025-09-25 22:41:55.21292+00	2026-06-10 22:25:16.337967+00	1	1	t	t	f	67000.00	59	2	59102.92	17.00	0	f
296	Reloj Naviforce NF8051	Reloj Naviforce NF8051\r\nResistencia al agua 30m\r\nCaja 44m\r\nCristal mineral\r\ncronografo\r\nfechador	66000.00	120000.00	2	0.00	2026-06-08 15:00:00.842688+00	2026-06-19 19:57:11.532871+00	11	17	f	t	f	66000.00	34	3	\N	\N	1	f
154	Audifonos Headset Gamer U3 con Cable	Audífonos - Headset con Cable - Jack 3.5mm\r\nMicrófono\r\nCompatible con PC, MAC, Android, PS4, PS5, Xbox, etc	36000.00	75000.00	1	0.00	2025-11-21 15:54:28.319799+00	2026-06-10 22:28:10.758377+00	1	2	f	t	f	36000.00	12	2	48673.00	14.00	0	f
109	Cable USB C - Lightning		4700.00	15000.00	3	0.00	2025-10-14 23:51:01.102315+00	2026-06-09 21:28:59.61438+00	12	22	f	t	f	4700.00	\N	\N	\N	\N	0	f
229	Nintendo DS Lite Usada		60000.00	150000.00	0	0.00	2026-04-06 15:05:07.209279+00	2026-06-09 21:28:59.614991+00	9	11	f	f	t	60000.00	\N	\N	\N	\N	0	f
99	Cámara Hilook Interior Tipo Domo Thc-T120	Lente Fijo de 2.8mm\r\nCampo Visual 103°\r\nSensor 2 Mpx\r\nResolución de 1080p\r\nVisión Nocturna IR EXIR 20 metros	47000.00	75000.00	4	0.00	2025-10-10 22:23:59.595381+00	2026-06-11 20:35:59.412138+00	7	3	f	t	f	47000.00	19	11	\N	\N	0	f
100	Cámara Hilook Exterior Tipo Bala Thc-B120	Lente Fijo de 2.8mm\r\nCampo Visual 103°\r\nSensor 2 Mpx\r\nResolución de 1080p\r\nVisión Nocturna IR EXIR 20 metros\r\nResistencia al agua IP 66	49000.00	80000.00	3	0.00	2025-10-10 22:26:17.022243+00	2026-06-11 20:36:05.581852+00	7	3	f	t	f	49000.00	19	11	\N	\N	0	f
251	Parlante De escritorio USB - RGB		25000.00	45000.00	1	0.00	2026-04-10 15:53:22.927718+00	2026-06-10 16:11:22.348394+00	1	1	f	t	f	25000.00	8	3	\N	\N	0	f
343	Reloj Naviforce NF7133	Resistencia al agua\r\nLuz Led\r\nCaja de Resina\r\nCristal mineral\r\nTimer\r\nCronometro\r\nAlarmas	35000.00	79900.00	1	0.00	2026-06-11 23:43:20.669021+00	2026-06-20 16:30:26.469841+00	11	17	f	t	f	35000.00	34	3	\N	\N	0	f
110	Cable USB C - USB C		4700.00	12000.00	9	0.00	2025-10-14 23:51:43.263301+00	2026-06-09 21:28:59.624722+00	12	22	f	t	f	4700.00	\N	\N	\N	\N	0	f
111	Cable USB C - USB A		4700.00	15000.00	0	20.00	2025-10-14 23:52:17.658535+00	2026-06-09 21:28:59.625403+00	12	22	f	t	f	4700.00	\N	\N	\N	\N	0	f
189	Bluetooth USB Ugreen		22000.00	35000.00	1	0.00	2026-02-03 15:02:24.191508+00	2026-06-11 22:16:17.166546+00	10	29	f	t	f	22000.00	10	2	\N	\N	0	f
245	Audifonos inalambricos Lenovo LE302 Clip		43000.00	90000.00	3	0.00	2026-04-10 15:23:05.903961+00	2026-06-10 16:16:49.497975+00	1	2	f	t	f	43000.00	13	4	\N	\N	0	f
238	Reloj Casio AE-1500WHX-3AV	Casio Original\r\nResistencia al Agua de 100m\r\nLuz Led Ambar\r\nBatería de 10 anos\r\nTemporizador\r\nCronometro\r\nAlarmas	56000.00	155000.00	0	6.00	2026-04-10 14:48:35.213431+00	2026-06-10 15:37:00.570982+00	11	17	f	t	f	56000.00	30	3	\N	\N	0	f
144	Cámara Dahua Exterior Tipo Bala DH-HAC-B1A21N-U-0280B	Lente Fijo de 2.8mm\r\nCampo Visual 103°\r\nSensor 2 Mpx\r\nResolución de 1080p\r\nVisión Nocturna IR EXIR 20 metros\r\nResistencia al agua IP 67\r\nMicrófono Integrado	45000.00	80000.00	2	10.00	2025-11-11 17:20:58.710916+00	2026-06-10 15:55:09.900025+00	7	3	f	t	f	45000.00	4	7	\N	\N	0	f
97	Airpods 3Gen AAA	Replica de Airpods 3 Gen	40000.00	99000.00	0	10.00	2025-10-03 17:21:40.033271+00	2026-06-10 16:23:05.824223+00	1	2	f	t	f	40000.00	8	5	\N	\N	0	f
256	Apuntador para Diapositivas - PowerPoint		14200.00	27000.00	2	0.00	2026-04-10 16:04:14.785283+00	2026-06-10 16:27:47.276264+00	10	15	f	t	f	14200.00	8	3	\N	\N	0	f
117	Control Bluetooth V8	Compatible con PC - Android - Iphone\r\nIncluye Soporte para celular	30000.00	55000.00	1	0.00	2025-10-25 19:35:25.493385+00	2026-06-12 15:00:29.422169+00	9	4	f	t	f	30000.00	8	4	\N	\N	0	f
139	Kit Dahua Dvr 8ch + 2 Cámaras 1080p + Accesorios	Que incluye el Kit:\r\n1 DVR Dahua 8 canales 1080p 108G-M1\r\n1 Cámaras tipo bala Dahua 2Mpx THC-B120\r\n1 Cámaras tipo domo 2Mpx THC-T120\r\n2 Videobalum\r\n2 Borneras\r\n2 Cajas de paso\r\n2 Fuentes\r\n25m de Cable UTP cat 5	332000.00	492000.00	2	0.00	2025-11-11 16:40:47.334361+00	2026-06-17 15:29:17.924267+00	7	3	f	t	f	332000.00	4	7	\N	\N	0	t
127	Pantalla Selfie - Vlog		58000.00	90000.00	0	0.00	2025-11-01 15:43:04.720925+00	2026-06-10 16:34:45.052933+00	12	22	t	t	f	58000.00	38	2	\N	\N	0	f
289	Memoria Micro SD Kingstone Go 256GB		150000.00	230000.00	1	0.00	2026-05-13 14:50:52.856123+00	2026-06-10 16:35:48.651844+00	5	10	f	t	f	150000.00	18	8	\N	\N	0	f
6	Cámaras de seguridad wifi Tapo C210 x2 Unid	Camara Wifi\r\nResolución 2K\r\nDetección y alertas inteligente\r\nVisión nocturna\r\nAlmacenamiento local con tarjeta SD\r\nCompatible con Alexa y Google Home\r\nAudio en doble sentido\r\nRango de visualización 320° horizontal 70° vertical	144000.00	250000.00	3	0.00	2025-06-21 21:15:43.46635+00	2026-06-10 22:11:01.799955+00	7	20	t	t	f	144000.00	2	2	132112.42	38.00	0	f
323	Cable Duplex Metro		400.00	900.00	70	0.00	2026-06-11 20:50:34.285903+00	2026-06-17 16:25:05.950498+00	7	18	f	t	f	400.00	8	7	\N	\N	0	f
253	Altavoz Bluetooth portátil Tazata - BOOMBLAST Pro	Bluetooth\r\n80W de potencia RMS y 120W potencia pico\r\nTiempo de reproducción de 8 horas\r\nFunciona como powerbank para cargar celulares\r\nResistente al Agua IPX7\r\nchip AGM	163000.00	390000.00	0	0.00	2026-04-10 15:56:06.708048+00	2026-06-22 14:33:46.041793+00	1	1	f	t	f	163000.00	24	2	274654.77	79.00	0	f
134	Cable UTP Exterior x Metro		500.00	900.00	30	0.00	2025-11-06 23:27:27.424618+00	2026-06-17 17:42:39.125495+00	7	18	f	t	f	500.00	\N	\N	\N	\N	0	f
115	Proyector - Videobeam Mentech Smart wifi - bluetooth - Magis	Proyector 720p nativo - 1080p\r\nCuenta con Android para instalar aplicaciones\r\nIncluye Magis\r\nlumens 9000\r\nTamaño de proyeccion: 40-200 pulg\r\nAudio incorporado\r\nBluetooth\r\nWifi\r\nCompatible con: iOS/Android/Tablet/Laptop/Fire stick/TV box/PS4/XBOX\r\nCon puertos USB, AV y HDMI\r\n\r\nIncluye:\r\n\r\nControl remoto y Cables	140000.00	260000.00	0	10.00	2025-10-22 23:40:43.484588+00	2026-06-10 22:22:09.346144+00	6	21	f	t	f	140000.00	\N	2	121682.49	35.00	0	f
344	Reloj Naviforce NF7127	Resistencia al agua\r\nLuz Led\r\nCaja de Resina\r\nCristal mineral\r\nTimer\r\nCronometro\r\nAlarmas	35000.00	79900.00	1	0.00	2026-06-11 23:44:20.78259+00	2026-06-20 16:30:14.592562+00	11	17	f	t	f	35000.00	34	3	\N	\N	0	f
128	Parlante Bluetooth resistente al agua 40w	Bluetooth\r\n40W de potencia\r\nTiempo de reproducción de 8 horas\r\nResistente al Agua	100000.00	170000.00	2	5.00	2025-11-02 14:44:20.828013+00	2026-06-10 22:25:16.334311+00	1	1	t	t	f	100000.00	23	2	90392.71	26.00	0	f
216	Conectores RJ45 x 100		17000.00	41000.00	1	0.00	2026-03-17 14:42:38.71458+00	2026-06-09 21:28:59.651694+00	10	15	f	f	f	17000.00	\N	\N	\N	\N	0	f
124	Estuche Celular Silicona		3000.00	12000.00	100	0.00	2025-10-31 15:36:10.286453+00	2026-06-09 21:28:59.652309+00	13	22	f	t	t	3000.00	\N	\N	\N	\N	0	f
123	Estuche Celular Gamusa		5000.00	15000.00	99	0.00	2025-10-31 15:35:06.552164+00	2026-06-09 21:28:59.656948+00	13	22	f	t	t	5000.00	\N	\N	\N	\N	0	f
190	Mouse inalámbrico Tecknet		20000.00	40000.00	1	0.00	2026-02-03 15:04:53.960862+00	2026-06-10 22:37:56.732234+00	10	24	f	t	f	20000.00	21	2	19121.53	5.50	0	f
252	Parlante De escritorio USB		16000.00	35000.00	1	0.00	2026-04-10 15:54:13.536157+00	2026-06-10 16:11:11.190167+00	1	1	f	t	f	16000.00	8	3	\N	\N	0	f
150	Proyector - Videobeam HY300ULTRA Smart wifi - bluetooth - Magis	Proyector 720p nativo - 1080p\r\nCuenta con Android para instalar aplicaciones\r\nIncluye Magis\r\nlumens 9000\r\nTamaño de proyeccion: 40-150 pulg\r\nAudio incorporado\r\nBluetooth\r\nWifi\r\nCompatible con: iOS/Android/Tablet/Laptop/Fire stick/TV box/PS4/XBOX\r\nCon puertos USB, AV y HDMI\r\n\r\nIncluye:\r\n\r\nControl remoto y Cables	140000.00	260000.00	0	20.00	2025-11-12 15:07:34.337393+00	2026-06-20 22:39:29.417002+00	6	21	f	t	f	140000.00	8	2	139065.70	40.00	1	f
145	Cámara Dahua Exterior Tipo Bala DH-HAC-B1A21N-U-0360B	Lente Fijo de 3.6mm\r\nCampo Visual 93°\r\nSensor 2 Mpx\r\nResolución de 1080p\r\nVisión Nocturna IR EXIR 20 metros\r\nResistencia al agua IP 67\r\nMicrófono integrado	45000.00	67000.00	2	0.00	2025-11-11 17:22:14.954112+00	2026-06-11 20:37:10.886976+00	7	3	f	t	f	45000.00	4	7	\N	\N	0	f
94	Camara inalambrica Alaga - Wifi para Interiores	Camara Wifi\r\n\r\nResolución HD 3K\r\n\r\nDetección y alertas inteligente\r\n\r\nVisión nocturna\r\n\r\nAlmacenamiento local con tarjeta SD\r\n\r\nCompatible con Alexa y Google Home\r\n\r\nAudio en doble sentido	27000.00	90000.00	5	5.00	2025-09-25 22:47:13.948663+00	2026-06-10 22:11:01.795943+00	7	20	f	t	f	27000.00	46	2	24336.50	7.00	0	f
152	Parlante Bluetooth resistente al agua 80w - RGB	Bluetooth\r\n80W de potencia\r\nTiempo de reproducción de 20 horas\r\n10.000 mah bateria\r\nFunciona como powerbank para cargar celulares\r\nResistente al Agua IPX7\r\nRGB	185000.00	280000.00	1	3.00	2025-11-18 14:11:25.934316+00	2026-06-10 16:12:25.761941+00	1	1	f	t	f	185000.00	56	2	\N	\N	0	f
273	INSTALACION 5 CAMARAS (CABLEADO + ACCESORIOS)		630000.00	1000000.00	0	0.00	2026-04-18 20:01:40.563307+00	2026-06-09 21:28:59.753611+00	7	3	f	f	t	630000.00	\N	\N	\N	\N	0	f
297	Reloj Naviforce NF6101	Reloj Naviforce NF6101\r\nResistencia al agua 50m\r\nCaja 45m\r\nCristal mineral\r\ncronografo\r\nfechador	52000.00	100000.00	4	0.00	2026-06-08 15:01:38.067346+00	2026-06-10 15:35:09.019197+00	11	17	f	t	f	52000.00	34	4	\N	\N	0	f
116	Control de Videojuegos Bluetooth Voyee	Compatible con PC - Android - Switch - Iphone	50000.00	100000.00	1	5.00	2025-10-25 19:31:43.596603+00	2026-06-10 15:46:08.001658+00	9	4	f	t	f	50000.00	\N	2	\N	\N	0	f
31	Vortex F5 128GB - Consola Retro	Consola de videojuegos Pantalla de 5.5 pulgadas Salida HDMI para television Bateria de 5000mAh compatible con multiples plataformas como: Play 1, PSP, Dreamcast, Super nintendo, nintendo DS, N64, SS, ATARI, ARCADE, FBA, CPS1, CPS2, CPS3, FBNEO, NEOGEO, GBA, GBC, GB, SFC, FC, MD, PCE, MSX\r\nMemoria de 128GB con juegos incluida	228000.00	355000.00	0	0.00	2025-06-22 19:28:20.296562+00	2026-06-10 15:47:31.526624+00	9	11	f	t	f	228000.00	\N	4	\N	\N	0	f
246	Audifonos inalambricos Lenovo LE221		26000.00	55000.00	1	0.00	2026-04-10 15:34:52.190679+00	2026-06-10 16:16:42.804071+00	1	2	f	t	f	26000.00	13	4	\N	\N	0	f
170	Mouse Gamer RGB	6 Niveles de Ajuste DPI\r\nhasta 8000 DPI\r\nLuces RGB ajustables desde aplicacion	35000.00	55000.00	0	0.00	2026-01-19 19:15:34.142426+00	2026-06-10 16:31:14.092319+00	10	24	f	t	f	35000.00	21	2	\N	\N	0	f
140	kIT Dahua Dvr 8ch + 4 Cámaras 1080p + Accesorios	Que incluye el Kit:\r\n1 DVR Dahua 8 canales 1080p 108G-M1\r\n2 Cámaras tipo bala Dahua 2Mpx THC-B120\r\n2 Cámaras tipo domo 2Mpx THC-T120\r\n4 Videobalum\r\n4 Borneras\r\n4 Cajas de paso\r\n4 Fuentes\r\n50m de Cable UTP cat 5	475000.00	730000.00	2	0.00	2025-11-11 16:43:26.032479+00	2026-06-17 15:29:17.923009+00	7	3	f	t	f	475000.00	4	7	\N	\N	0	t
122	Parlante Bluetooth resistente al agua - RGB	Rofall\r\nParlante Bluetooth\r\n10 Horas de bateria\r\nLuces RGB\r\nResistente al agua	30000.00	65000.00	3	0.00	2025-10-29 22:54:57.770072+00	2026-06-10 22:25:16.335517+00	1	1	t	t	f	30000.00	57	2	27813.14	8.00	0	f
307	Poco F7 12GB / 512GB		1130000.00	1600000.00	0	0.00	2026-06-09 16:33:49.282234+00	2026-06-10 16:33:01.414579+00	12	27	f	t	f	1130000.00	1	1	\N	\N	0	f
101	DVR Hilook de 8 Canales 1080p 108G-F1	Tecnología TurboHD 1080P Lite Ver. 3.0.\r\nSoporte de tecnologías: HD-TVI / HD-CVI / AHD / Analógico (CVBS).\r\nSoftware cliente iVMS-4200.\r\nCompatible con Hik-Connect P2P.\r\nSoporta servicio Hik-connect Domain / DynDNS / NO-IP.\r\nSoporta 8 canales TURBOHD / análogos + 2 canal IP = 10 canales en total.\r\nNOTA: Permite apagar canales análogos para agregar canales IP.\r\n\r\nInterfaz USB: 2 puertos (2.0) trasero.\r\nInterfaz red: 1 puerto (RJ-45 10/100 Mbps).\r\nCapacidad HDD: 1 - 6TB.\r\n\r\nCompresión y resolución:\r\nH.264+ / H.264.\r\nHD-TVI: 1080P Lite-30 IPS.\r\nHD-CVI: 1080P Lite-30 IPS.\r\nCVBS: WD1-30 IPS.\r\nAHD: 1080P Lite-30IPS.\r\nIP: 5 Megapixel (1080p).\r\nNO INCLUYE DISCO DURO.	188000.00	260000.00	1	0.00	2025-10-10 22:29:44.912387+00	2026-06-10 15:57:17.028224+00	7	3	f	t	f	188000.00	19	11	\N	\N	0	f
290	Memoria Micro SD Kingstone Select 128GB		55000.00	95000.00	2	0.00	2026-05-13 14:53:18.180877+00	2026-06-10 16:35:41.621516+00	5	10	f	t	f	55000.00	18	8	\N	\N	0	f
25	Onn 4k TV Box con Android TV	Convierte tu TV en un Smart TV con Onn 4K Android TV! ¿Tu televisor necesita un upgrade? Dale nueva vida con el Onn 4K, un dispositivo con Android TV que te permite disfrutar de tus apps favoritas, juegos y mucho más. \r\n2GB de RAM y 8GB de almacenamiento para un rendimiento fluido. Disfruta de streaming en 4K Juegos y entretenimiento sin límites\r\nControl por voz y fácil de usar\r\nCompatible con cualquier TV y proyector con puerto HDMI	130000.00	190000.00	4	0.00	2025-06-22 19:04:41.677843+00	2026-06-20 23:05:21.569433+00	8	8	t	t	f	130000.00	36	12	\N	\N	0	f
180	Cable USB C - Lightning Fibra		8200.00	15000.00	5	0.00	2026-01-23 19:01:22.469741+00	2026-06-09 21:28:59.673626+00	12	22	f	t	f	8200.00	\N	\N	\N	\N	0	f
62	Proyector - Videobeam Panseba 720p bluetooth - Telón	Proyector 720p nativo - 1080p - 4K\r\nlumens 7500 \r\nTamaño de proyeccion: 40-200 pulg Audio incorporado\r\nBluetooth\r\nCompatible con: iOS/Android/Tablet/Laptop/Fire stick/TV box/PS4/XBOX\r\nCon puertos USB, SD, AV y HDMI \r\nIncluye:\r\nControl remoto, Telon de 100 pulgadas y Cables	133000.00	250000.00	0	0.00	2025-08-12 17:18:05.071931+00	2026-06-10 22:22:09.354738+00	6	12	f	t	f	133000.00	51	2	112990.89	32.50	0	f
324	Soporte Camara para Poste		15000.00	30000.00	2	0.00	2026-06-11 20:51:26.294573+00	2026-06-17 16:23:27.079705+00	7	18	f	t	f	15000.00	8	3	\N	\N	0	f
217	Cable UTP Categoría 6 x 100m		50000.00	122000.00	1	0.00	2026-03-17 14:43:11.414674+00	2026-06-09 21:28:59.679231+00	10	15	f	f	f	50000.00	\N	\N	\N	\N	0	f
209	Diademas Logitech H390		120000.00	270000.00	10	0.00	2026-03-17 14:36:26.200973+00	2026-06-09 21:28:59.679845+00	10	15	f	f	f	120000.00	\N	\N	\N	\N	0	f
247	Audifonos inalambricos Lenovo EA110		21000.00	45000.00	0	0.00	2026-04-10 15:35:41.485549+00	2026-06-17 23:03:29.576951+00	1	2	f	t	f	21000.00	13	4	\N	\N	0	f
187	Impresora termica de etiquetas portatil Phomemo D30	Imprime multiples tipos de etiquetas adhesivas, stickers, precios, códigos de barras etc.\r\n- Bluetooth\r\n- Compatible con etiquetas de 6-15mm ancho a 30-75mm largo\r\n- Compatible con Android, iPhone\r\n- No requiere tinta ni tóner\r\n- Incluye 1 rollo	65000.00	120000.00	1	0.00	2026-02-03 14:16:53.673111+00	2026-06-10 22:37:56.733473+00	10	14	f	t	f	65000.00	69	2	59102.92	17.00	0	f
186	Impresora termica de etiquetas portatil Niimbot B1	Imprime multiples tipos de etiquetas adhesivas, stickers, precios, códigos de barras, etc.\r\n- Bluetooth\r\n- Compatible con etiquetas de 20 a 50 mm\r\n- Compatible con Android, iPhone\r\n- No requiere tinta ni tóner\r\n- Incluye 1 rollo de 50x30mm pulgadas	89000.00	145000.00	1	0.00	2026-02-03 14:08:49.780314+00	2026-06-10 22:37:56.734647+00	10	14	f	t	f	89000.00	20	2	84134.75	24.20	0	f
203	Xiaomi Smart Band 9 Pro - Plata	Notificaciones\r\nCientos de Pantallas - Watch faces intercambiables\r\nMas de 150 modos deportivos\r\nPantalla Amoled 1,74 pulg, 1200 nits\r\nHasta 21 dias  de batería\r\nRitmo cardíaco\r\nSaturacion de oxigeno \r\nRegistro de sueño\r\nGPS integrado\r\nResistencia al agua 50m\r\nMarco de Aluminio\r\nVibración	140000.00	210000.00	0	0.00	2026-03-02 19:37:11.751552+00	2026-06-22 15:06:10.158841+00	11	16	f	t	f	140000.00	1	1	\N	\N	0	f
86	Reloj Casio MTP-VD01D	Reloj Casio Original\r\nMovimiento Cuarzo Japones\r\nCristal mineral de alta resistencia\r\nResistencia al agua de 50m\r\nCaja en acero inoxidable\r\nBrazalete en acero inoxidable\r\nBisel en Acero\r\nEsfera con lumen	100000.00	200000.00	1	10.00	2025-09-05 23:08:45.754965+00	2026-06-11 23:46:22.43947+00	11	17	f	t	f	100000.00	30	3	\N	\N	0	f
231	Reloj SKMEI 1134		30000.00	60000.00	1	0.00	2026-04-09 21:45:45.789795+00	2026-06-10 15:38:58.085609+00	11	17	f	t	f	30000.00	7	4	\N	\N	0	f
15	Tp-Link P115 Enchufe Inteligente y Monitor de energia x 2 unidades	Controla, prende y apaga o monitorea el consumo de electrodomesticos (ventilador, luces, cafetera etc) desde tu movil\r\ncompatible con alexa y google home	55000.00	100000.00	1	0.00	2025-06-22 17:36:29.065979+00	2026-06-10 16:25:30.255462+00	3	6	f	t	f	55000.00	2	2	\N	\N	0	f
224	Cámaras de seguridad wifi TP-Link Tapo C103 Int/Ext	Camara Wifi Resistente al Agua\r\nResolución Full HD \r\nDetección y alertas inteligente\r\nVisión nocturna\r\nAlmacenamiento local con tarjeta SD\r\nCompatible con Alexa y Google Home\r\nAudio en doble sentido	77000.00	150000.00	1	0.00	2026-03-27 16:05:55.066948+00	2026-06-17 18:31:15.253032+00	7	20	f	t	f	77000.00	2	2	\N	\N	0	f
198	Wifi - Bluetooth USB 2.4G - 5G		22000.00	35000.00	3	0.00	2026-02-23 14:57:56.646117+00	2026-06-11 22:16:53.278064+00	10	29	f	t	f	22000.00	8	4	\N	\N	0	f
191	Proyector - VideoBeam Bigasuo Full HD nativo Wifi + Bluetooth + Maleta de viaje	Marca: DB Power\r\nnativo 1920 x1080 P soporta 4k\r\nhasta 400 pulgadas\r\nWifi\r\nBluetooth\r\n850 ANSI\r\nSonido de gran potencia\r\nINCLUYE MALETA DE VIAJE	190000.00	390000.00	0	0.00	2026-02-03 22:32:14.650141+00	2026-06-21 00:00:31.228256+00	6	12	t	t	f	190000.00	49	2	208598.56	60.00	0	f
95	Ventilador de Techo para socket-enchufe comun - control remoto	Facil instalacion en socket comun de bombillo\r\nControl remoto\r\n5 niveles de luz\r\n3 niveles de velocidad\r\nSilencioso	55000.00	80000.00	0	0.00	2025-09-25 22:51:03.334285+00	2026-06-10 22:32:44.224072+00	3	6	f	t	f	55000.00	8	2	45196.35	13.00	0	f
24	Amazon Fire TV Stick - 2 gen	Convierte tu TV en un Smart TV con Fire TV stick 1080p! ¿Tu televisor necesita un upgrade? Dale nueva vida, un dispositivo con Android que te permite disfrutar de tus apps favoritas, juegos y mucho más. \r\n8GB de almacenamiento para un rendimiento fluido. Disfruta de streaming de Juegos y entretenimiento sin límites\r\nControl por voz y fácil de usar\r\nCompatible con cualquier TV y proyector con puerto HDMI	99000.00	175000.00	2	5.00	2025-06-22 19:02:23.046434+00	2026-06-22 16:20:09.840445+00	8	8	t	t	f	99000.00	37	2	\N	\N	0	f
258	Proyector - Videobeam Android Lyncast 1080p bluetooth - Wifi		191000.00	320000.00	0	0.00	2026-04-10 16:09:31.870678+00	2026-06-25 14:04:41.233376+00	6	21	f	t	f	191000.00	\N	2	173832.13	50.00	2	f
236	Reloj Invicta Pro diver 40mm	Reloj Invicta Original 40mm\r\n\r\nMovimiento Cuarzo Japones\r\n\r\nCristal mineral de alta resistencia\r\n\r\nResistencia al agua de 200m\r\n\r\nCaja en acero inoxidable\r\n\r\nBrazalete en acero inoxidable\r\n\r\nBisel en acero\r\n\r\nEsfera con lumen	129000.00	250000.00	1	0.00	2026-04-10 14:40:44.385293+00	2026-06-10 16:51:23.051597+00	11	17	t	t	f	129000.00	31	2	121682.49	35.00	0	f
210	SSD 256 GB SATA ADATA		245000.00	600000.00	5	0.00	2026-03-17 14:37:09.614243+00	2026-06-09 21:28:59.69694+00	10	15	f	f	f	245000.00	\N	\N	\N	\N	0	f
218	Limpiador Electrónico 450ml		40000.00	98000.00	1	0.00	2026-03-17 14:44:31.3682+00	2026-06-09 21:28:59.697611+00	10	15	f	f	f	40000.00	\N	\N	\N	\N	0	f
237	Timex Expedition Scout 40mm	Timex Expedition Original\r\n\r\nTecnologia de Iluminacion Indiglo\r\n\r\nMovimiento Cuarzo Japones\r\n\r\nCristal mineral de alta resistencia\r\n\r\nResistencia al agua de 50m\r\n\r\nBrazalete en Cuero Ecco Dritan\r\n\r\nEsfera con lumen	119000.00	220000.00	1	0.00	2026-04-10 14:44:22.335985+00	2026-06-10 16:51:23.05517+00	11	17	t	t	f	119000.00	33	2	111252.56	32.00	0	f
325	Techo Proteccion para camara		13000.00	39000.00	2	0.00	2026-06-11 20:52:17.791521+00	2026-06-17 16:21:27.48736+00	7	18	f	t	f	13000.00	8	3	\N	\N	0	f
248	Audifonos inalambricos Lenovo HT38		16000.00	35000.00	0	0.00	2026-04-10 15:36:45.900472+00	2026-06-10 16:16:28.476539+00	1	2	f	t	f	16000.00	13	4	\N	\N	0	f
199	SSD Patriot 512GB		319000.00	460000.00	0	0.00	2026-02-27 18:39:14.086007+00	2026-06-09 21:28:59.700098+00	10	15	f	f	f	319000.00	\N	\N	\N	\N	0	f
5	Cámaras de seguridad wifi TP-Link Tapo C200	Camara Wifi\r\nResolución Full HD \r\nDetección y alertas inteligente\r\nVisión nocturna\r\nAlmacenamiento local con tarjeta SD\r\nCompatible con Alexa y Google Home\r\nAudio en doble sentido\r\nRango de visualización 320° horizontal 70° vertical	72000.00	120000.00	5	0.00	2025-06-21 21:14:20.575239+00	2026-06-22 20:49:05.214168+00	7	20	t	t	f	72000.00	2	2	73009.50	21.00	0	f
205	Proyector - Videobeam Kogata Full HD Smart wifi - bluetooth	Marca: Kogata\r\nProyector Smart con Android\r\nLicenciado por Netflix\r\nCompatible con Youtube - Disney etc.\r\nFull HD - soporta 4k\r\nhasta 200 pulgadas\r\nZoom, keystone y enfoque electrónico\r\nWifi\r\nBluetooth\r\n850 ANSI	203500.00	330000.00	0	0.00	2026-03-02 19:53:27.495541+00	2026-06-20 16:41:59.960135+00	6	21	t	t	f	203500.00	48	2	191215.34	55.00	1	f
168	Audifonos inalambricos Monster N-Lite 210	🔋 Hasta 32 horas de batería para acompañarte todo el día\r\n📱 Conexión rápida y sencilla con cualquier dispositivo Bluetooth\r\n✨ Diseño compacto y cómodo para usar en cualquier lugar\r\n💦 Resistencia al agua IPX5	55000.00	90000.00	0	0.00	2026-01-05 19:47:13.736196+00	2026-06-10 16:18:39.884754+00	1	2	f	t	f	55000.00	11	2	\N	\N	0	f
167	Audifonos inalambricos Monster Open Ear AC336	🔋 Hasta 36 horas de batería para acompañarte todo el día\r\n📱 Conexión rápida y sencilla con cualquier dispositivo Bluetooth\r\n✨ Diseño compacto y cómodo para usar en cualquier lugar\r\n💦 Resistencia al agua IPX5\r\n🏋🏼‍♀️ Diseñados para disfrutarlos mientras hacer ejercicio	55000.00	135000.00	1	0.00	2026-01-05 19:44:50.667645+00	2026-06-10 16:18:50.397132+00	1	2	f	t	f	55000.00	11	2	\N	\N	0	f
108	Kit HILOOK Dvr 8ch + 2 Cámaras 1080p + Accesorios	Que incluye el Kit:\r\n1 DVR Hilook 8 canales 1080p 108G-M1\r\n1 Cámaras tipo bala Hilook 2Mpx THC-B120\r\n1 Cámaras tipo domo 2Mpx THC-T120\r\n2 Videobalum\r\n2 Borneras\r\n2 Cajas de paso\r\n2 Fuentes\r\n25m de Cable UTP cat 5	332000.00	492000.00	1	4.00	2025-10-10 22:49:50.069462+00	2026-06-17 15:29:17.926742+00	7	3	f	t	f	332000.00	19	11	\N	\N	0	t
239	Reloj Invicta Pro diver 37.5mm	Reloj Invicta Original 37.5mm\r\n\r\nMovimiento Cuarzo Japones\r\n\r\nCristal mineral de alta resistencia\r\n\r\nResistencia al agua de 200m\r\n\r\nCaja en acero inoxidable\r\n\r\nBrazalete en acero inoxidable\r\n\r\nBisel en acero\r\n\r\nEsfera con lumen	150000.00	250000.00	1	0.00	2026-04-10 14:55:20.198688+00	2026-06-10 16:51:23.050336+00	11	17	f	t	f	150000.00	31	2	139065.70	40.00	0	f
178	Reloj Submariner Addiesdive H3	Reloj Tipo submariner\r\nMovimiento de Cuarzo Japones\r\nResistencia al agua de 200m\r\nCaja en acero inoxidable\r\nBrazalete en acero inoxidable\r\nBisel ceramico giratorio de 120 clicks\r\nLumen de gran calidad - luminosidad	139000.00	255000.00	1	5.00	2026-01-22 16:25:37.647611+00	2026-06-20 19:24:08.012578+00	11	17	t	t	f	139000.00	32	4	134198.41	38.60	0	f
291	Memoria Micro SD Kingstone Select 64GB		30000.00	65000.00	1	0.00	2026-05-13 14:53:44.419162+00	2026-06-26 15:48:23.624718+00	5	10	f	t	f	30000.00	18	8	\N	\N	0	f
192	Audifonos Headset inalambricos Bluetooth		64000.00	100000.00	2	0.00	2026-02-07 16:42:07.605648+00	2026-06-10 22:28:10.754689+00	1	2	f	t	f	64000.00	61	2	59102.92	17.00	0	f
276	INSTALACION CONFIGURACION DVR Y APP MOVIL		100000.00	150000.00	0	0.00	2026-04-18 20:05:43.407376+00	2026-06-09 21:28:59.745447+00	7	19	f	f	t	100000.00	\N	\N	\N	\N	0	f
269	Cable USB A - Micro USB		7400.00	15000.00	3	0.00	2026-04-15 17:01:34.770707+00	2026-06-09 21:28:59.74606+00	12	22	f	t	f	7400.00	\N	\N	\N	\N	0	f
274	INSTALACION ELECTRICA + CABLE + TOMA		54000.00	64800.00	0	0.00	2026-04-18 20:03:05.989472+00	2026-06-09 21:28:59.746668+00	7	19	f	f	t	54000.00	\N	\N	\N	\N	0	f
232	Reloj SKMEI 1845		30000.00	60000.00	0	0.00	2026-04-09 21:47:10.746781+00	2026-06-10 15:38:47.579628+00	11	17	f	t	f	30000.00	7	4	\N	\N	0	f
35	R36S - Consola Retro	Mas de 5000 Juegos Incluidos (PSP, Play 1, NES, GBA, NeoGeo, MAME, SNES… y muchos mas) Pantalla 3.5'' RAM 1GB HDMI Hasta 7 horas de batería	110000.00	190000.00	1	15.00	2025-06-22 19:33:49.788939+00	2026-06-10 15:47:59.602+00	9	11	t	t	f	110000.00	\N	4	\N	\N	0	f
98	Onn Full HD TV Box con Android TV	Convierte tu TV en un Smart TV con Onn 4K Android TV! ¿Tu televisor necesita un upgrade? Dale nueva vida con el Onn Full HD, un dispositivo con Android TV que te permite disfrutar de tus apps favoritas, juegos y mucho más. \r\n1.5GB de RAM y 8GB de almacenamiento para un rendimiento fluido. Disfruta de streaming en 4K Juegos y entretenimiento sin límites\r\nControl por voz y fácil de usar\r\nCompatible con cualquier TV y proyector con puerto HDMI	112000.00	165000.00	4	0.00	2025-10-09 15:56:41.580162+00	2026-06-22 21:56:39.611905+00	8	8	t	t	f	112000.00	36	12	\N	\N	8	f
107	Kit HILOOK Dvr 8ch + 4 Cámaras 1080p + Accesorios	Que incluye el Kit:\r\n1 DVR Hilook 8 canales 1080p 108G-M1\r\n2 Cámaras tipo bala Hilook 2Mpx THC-B120\r\n2 Cámaras tipo domo 2Mpx THC-T120\r\n4 Videobalum\r\n4 Borneras\r\n4 Cajas de paso\r\n4 Fuentes\r\n50m de Cable UTP cat 5	475000.00	730000.00	1	6.00	2025-10-10 22:47:50.822623+00	2026-06-17 15:29:17.928002+00	7	3	f	t	f	475000.00	19	11	\N	\N	0	t
155	Smartwatch - Reloj Haylou Solar Ultra	Medición de frecuencia cardíaca y sueño, más de 170 modos de entrenamiento, y resistencia al agua 5ATM\r\nCuenta con GPS y compatibilidad con Strava\r\nPantalla amoled 1,6 pulg 1000 nit, con always on display\r\n\r\n📱Permite Contestar llamadas\r\n💪 12 a 22 días de batería para acompañarte en tus actividades\r\n📱 Notificaciones de llamadas y mensajes al instante\r\n✨ Diseño moderno y funcional	150000.00	270000.00	2	6.00	2025-11-21 16:00:57.332999+00	2026-06-22 15:06:40.909687+00	11	16	f	t	f	170000.00	5	4	139065.70	40.00	0	f
261	Router IMOU AC1200 HR12G		93000.00	140000.00	0	0.00	2026-04-11 21:47:47.976626+00	2026-06-11 22:14:13.790193+00	10	29	f	f	f	93000.00	3	7	\N	\N	0	f
264	Parlante De escritorio Bluetooth R200	Parlante de Escritorio USB Bluetooth	20000.00	40000.00	1	0.00	2026-04-13 22:16:35.647148+00	2026-06-22 23:34:06.880192+00	1	1	f	t	f	20000.00	25	2	17383.21	5.00	0	f
7	Camara wifi de uso exterior 1080p Tapo C500	🌟 Resolucion 1080p y rotacion de 360 grados\r\n🔒 Almacenamiento local con tarjeta SD y en la nube\r\n🌐 Compatible con Alexa y Google Home\r\n🎤 Audio en doble sentido para comunicación clara	126000.00	195000.00	2	0.00	2025-06-21 21:19:20.619132+00	2026-06-25 14:07:07.260873+00	7	20	t	t	f	126000.00	2	2	118205.85	34.00	0	f
262	MICROSD IMOU CLASE 10 256GB PARA VIDEOVIGILANCIA		120000.00	185000.00	0	0.00	2026-04-11 21:54:41.254881+00	2026-06-17 18:29:40.597905+00	5	10	f	f	f	120000.00	\N	\N	\N	\N	0	f
266	Lente Respuesto 3.6mm para Camara de seguridad		4000.00	12500.00	2	0.00	2026-04-14 15:46:40.300432+00	2026-06-17 16:08:26.814394+00	7	20	f	t	f	4000.00	\N	\N	\N	\N	0	f
63	Proyector - Videobeam Vizony Full HD nativo wifi - bluetooth	Marca: Vizony\r\nnativo 1920 x1080 P soporta 4k\r\nhasta 200 pulgadas\r\nAutoFocus\r\nAutoKeystone\r\nWifi 6\r\nBluetooth 2 ways\r\n800 ANSI	220000.00	420000.00	0	0.00	2025-08-12 17:21:38.79907+00	2026-06-10 22:22:09.353535+00	6	12	t	t	f	220000.00	28	2	208598.56	60.00	0	f
326	Cargador Ugreen 30W GaN II + Cable USB C	Incluye Cable USB C	49000.00	80000.00	0	0.00	2026-06-11 20:59:08.612246+00	2026-06-26 14:54:06.221228+00	12	26	f	t	f	49000.00	10	2	\N	\N	0	f
93	Parlante Bluetooth Xleader resistente al agua	Bluetooth\r\n\r\nTiempo de reproducción de 12 horas\r\n\r\nResistente al Agua IPX7	46000.00	75000.00	3	0.00	2025-09-25 22:43:59.032859+00	2026-06-10 22:25:16.336706+00	1	1	t	t	f	46000.00	58	2	41719.71	12.00	0	f
153	Audifonos inalambricos Haylou AirFree	🔋 Hasta 28 horas de batería para acompañarte todo el día\r\n📱 Conexión rápida y sencilla con cualquier dispositivo Bluetooth\r\n✨ Diseño compacto y cómodo para usar en cualquier lugar\r\n💦 Resistencia al agua IPX4\r\n🏋🏼‍♀️ Diseñados para disfrutarlos mientras hacer ejercicio	80000.00	140000.00	1	9.00	2025-11-21 15:36:12.036828+00	2026-06-10 22:28:10.759585+00	1	2	f	t	f	80000.00	5	4	76486.14	22.00	0	f
42	Proyector - Videobeam TMY 720p bluetooth - Telón	Proyector 720p nativo - 1080p\r\nlumens 9500 \r\nTamaño de proyeccion: 40-220 pulg Audio incorporado\r\nBluetooth\r\nCompatible con: iOS/Android/Tablet/Laptop/Fire stick/TV box/PS4/XBOX\r\nCon puertos USB, SD, AV y HDMI \r\nIncluye:\r\nControl remoto, Telon de 100 pulgadas y Cables	146000.00	270000.00	4	11.00	2025-06-23 16:19:00.501271+00	2026-06-11 22:11:47.02665+00	6	12	t	t	f	146000.00	27	2	128635.78	37.00	0	f
8	Camara wifi de uso exterior 2k Tapo C310	Camara Wifi con Detección y alertas inteligentes, visión nocturna y resistencia a agua y polvo, asegurando protección en cualquier ambiente\r\n\r\n🌟 Resolucion 2k\r\n🔒 Almacenamiento local con tarjeta SD y en la nube\r\n🌐 Compatible con Alexa y Google Home\r\n🎤 Audio en doble sentido para comunicación clara	116000.00	175000.00	2	0.00	2025-06-21 21:21:07.484044+00	2026-06-10 22:12:33.710229+00	7	20	t	t	f	116000.00	2	2	86916.07	25.00	0	f
72	Smartwatch - Reloj Haylou Solar Neo	Medición de frecuencia cardíaca y sueño, más de 100 modos de entrenamiento, y resistencia al agua IP 68.\r\n\r\n\r\nPantalla HD 1,53 pulg\r\n\r\n\r\n📱Permite Contestar llamadas\r\n\r\n💪 7 a 30 días de batería para acompañarte en tus actividades\r\n\r\n📱 Notificaciones de llamadas y mensajes al instante\r\n\r\n✨ Diseño moderno y funcional	90000.00	160000.00	4	5.00	2025-08-12 20:17:50.663877+00	2026-06-22 15:06:56.829174+00	11	16	t	t	f	90000.00	5	4	79267.45	22.80	0	f
268	Aromely ARO Bliss		275000.00	360000.00	0	0.00	2026-04-14 15:53:58.559842+00	2026-06-09 21:28:59.742914+00	3	6	f	f	f	275000.00	\N	\N	\N	\N	0	f
267	Difusor Xeitin		208500.00	300000.00	0	0.00	2026-04-14 15:53:11.239973+00	2026-06-09 21:28:59.743534+00	3	6	f	f	f	208500.00	\N	\N	\N	\N	0	f
263	Router Tenda N300 F3	🚀 Velocidad N300 (hasta 300 Mbps) ideal para navegación y streaming básico\r\n📡 Banda única 2.4 GHz con conexión estable para el día a día\r\n📶 3 antenas externas de 5dBi para mejor cobertura en casa\r\n🔌 3 puertos LAN + 1 WAN para conexiones por cable\r\n⚙️ Fácil instalación y configuración rápida\r\n👨‍👩‍👧‍👦 Funciones como control parental y gestión básica de red\r\n🔁 Modo repetidor / access point para ampliar la señal WiFi\r\n🏠 Ideal para hogares pequeños o uso básico de internet	54000.00	90000.00	1	0.00	2026-04-11 23:17:20.922252+00	2026-06-11 19:05:13.164501+00	10	29	f	t	f	54000.00	9	7	\N	\N	0	f
241	Control GameSir X5 Lite	🎯 Sticks Hall Effect (mayor precisión y sin drift)\r\n⚡ Conexión USB-C directa (latencia ultra baja)\r\n📱 Compatible con Android y iPhone USB-C\r\n🔋 Carga pasante para jugar mientras cargas el celular\r\n🎮 Diseño tipo consola portátil para mejor experiencia gaming\r\n⚙️ Función Turbo y mapeo táctil para más control en juegos\r\n🪶 Ultra ligero (~135 g) y cómodo para largas sesiones\r\n🎛️ Compatible con juegos móviles, cloud gaming y remote play	78000.00	125000.00	2	0.00	2026-04-10 15:07:01.190726+00	2026-06-10 15:45:05.485728+00	9	4	f	t	f	78000.00	38	3	\N	\N	0	f
33	Control de videojuegos Bluetooth D3 para Telefono Android y Iphone	Control Inalambrico con bluetooth para Telefonos celulares Iphone, Android	46000.00	90000.00	3	0.00	2025-06-22 19:31:22.589354+00	2026-06-10 15:47:15.065435+00	9	4	f	t	f	46000.00	8	6	\N	\N	0	f
30	Ambernic RG40XX - Consola Retro	Pantalla IPS de 4 pulgadas Resolución de 640 x 480 píxeles\r\nSistema operativo Linux, 1GB de Ram\r\nEmuladores: PSP, Play Station 1, Arcade, Nintendo, Gameboy, NeoGeo, MAME, Sega Genesis, SNES… y muchos mas	210000.00	350000.00	5	15.00	2025-06-22 19:24:11.104091+00	2026-06-10 15:47:38.194743+00	9	11	f	t	f	210000.00	39	4	\N	\N	0	f
141	Kit Dahua Dvr 8ch + 6 Cámaras 1080p + Accesorios	Que incluye el Kit:\r\n1 DVR Dahua8 canales 1080p 108G-M1\r\n3 Cámaras tipo bala Dahua 2Mpx THC-B120\r\n3 Cámaras tipo domo 2Mpx THC-T120\r\n6 Videobalum\r\n6 Borneras\r\n6 Cajas de paso\r\n6 Fuentes\r\n75m de Cable UTP cat 5	620000.00	970000.00	2	0.00	2025-11-11 16:44:45.572126+00	2026-06-17 15:29:17.921703+00	7	3	f	t	f	620000.00	4	7	\N	\N	0	t
259	Cargador Generico 20W		10000.00	25000.00	0	0.00	2026-04-10 20:25:44.957084+00	2026-06-13 15:27:23.729599+00	12	26	f	t	f	10000.00	8	2	\N	\N	0	f
301	Reloj Skmei Moon watch Caja de Resina	Resistencia al agua 30m\r\nCaja de Resina 40mm\r\nCristal mineral\r\nCronografo\r\nFechador\r\nPulso de Nato	45000.00	75000.00	0	0.00	2026-06-08 15:14:55.145521+00	2026-06-14 17:24:01.668256+00	11	17	f	t	f	45000.00	7	4	\N	\N	0	f
106	Kit HILOOK Dvr 8ch + 6 Cámaras 1080p + Accesorios	Que incluye el Kit:\r\n1 DVR Hilook 8 canales 1080p 108G-M1\r\n3 Cámaras tipo bala Hilook 2Mpx THC-B120\r\n3 Cámaras tipo domo 2Mpx THC-T120\r\n6 Videobalum\r\n6 Borneras\r\n6 Cajas de paso\r\n6 Fuentes\r\n75m de Cable UTP cat 5	620000.00	970000.00	1	8.00	2025-10-10 22:45:36.391897+00	2026-06-17 15:29:17.929245+00	7	3	f	t	f	620000.00	19	11	\N	\N	0	t
272	EQUIPO ANALOGO (XVR 8 CANALES + 4 CAMARAS)		358000.00	505400.00	0	0.00	2026-04-18 19:59:58.320147+00	2026-06-09 21:28:59.756954+00	7	3	f	f	t	358000.00	\N	\N	\N	\N	0	f
327	Hub USB C + Lector de Tarjetas 8 en 1		22500.00	40000.00	2	0.00	2026-06-11 21:08:18.224154+00	2026-06-17 20:05:07.709159+00	10	15	f	t	f	22500.00	8	3	\N	\N	0	f
280	DISCO DURO WD PURPLE 2TB		367000.00	477000.00	0	0.00	2026-04-19 16:46:09.482048+00	2026-06-09 21:28:59.759554+00	5	9	f	f	f	367000.00	\N	\N	\N	\N	0	f
302	Cargador Samsung Original 25w	Cargador carga rapida Original Samsung de 25w	13900.00	50000.00	18	0.00	2026-06-08 15:23:35.005396+00	2026-06-11 21:03:42.625841+00	12	26	t	t	f	13900.00	40	8	\N	\N	0	f
65	Smartwatch - Reloj Haylou Solar 5	Medición de frecuencia cardíaca y sueño, más de 100 modos de entrenamiento, y resistencia al agua IP 68.\r\n\r\nPantalla amoled 1,58 pulg 1000 nit, con always on display\r\n1GB de almacenamiento\r\n\r\n📱Permite Contestar llamadas\r\n💪 15 a 30 días de batería para acompañarte en tus actividades\r\n📱 Notificaciones de llamadas y mensajes al instante\r\n✨ Diseño moderno y funcional	129000.00	210000.00	0	0.00	2025-08-12 17:42:32.72923+00	2026-06-15 15:46:38.454011+00	11	16	t	t	f	129000.00	5	4	118205.85	34.00	0	f
207	CAMARA IMOU RANGER 2 3MP/2K Interior	🖥️ Resolución Full HD 1080p (también disponible en 2K según versión)\r\n🔄 Cobertura 360° (giro horizontal + inclinación vertical) sin puntos ciegos\r\n🌙 Visión nocturna infrarroja clara incluso en total oscuridad\r\n🤖 Detección inteligente de movimiento y personas con alertas en tiempo real\r\n🎯 Seguimiento automático del movimiento (auto-tracking)\r\n🎧 Audio bidireccional (micrófono y altavoz integrados)\r\n📱 Control desde app Imou Life (visualiza desde cualquier lugar)\r\n💾 Soporta microSD hasta 256GB + almacenamiento en la nube\r\n🔒 Modo privacidad (oculta el lente cuando no se usa)\r\n📡 Conexión WiFi estable para fácil instalación	97000.00	150000.00	2	0.00	2026-03-09 20:21:53.385942+00	2026-06-10 15:51:37.108247+00	7	20	t	t	f	97000.00	3	7	\N	\N	0	f
165	Camara IMOU CRUISER SC 3MP/2K Exterior	🖥️ Resolución hasta 3K / 4K Ultra HD para imágenes nítidas y detalladas\r\n🔄 Cobertura 360° (giro 355° + inclinación 90°) sin puntos ciegos\r\n🌙 Visión nocturna inteligente a color + infrarrojo para máxima seguridad\r\n🚨 Sirena + luces rojas y azules disuasivas contra intrusos\r\n🤖 Detección IA de personas + seguimiento automático\r\n📡 Conectividad WiFi 6 / Ethernet / (algunos modelos 4G) para instalación flexible\r\n🎧 Audio bidireccional (escucha y habla desde la app)\r\n💾 Soporta microSD hasta 512GB + nube\r\n📱 Control remoto desde app Imou Life (alertas en tiempo real)\r\n🌧️ Diseño resistente para exterior (agua y polvo)	173000.00	270000.00	1	0.00	2025-12-20 19:26:49.706322+00	2026-06-10 15:54:10.596691+00	7	20	t	t	f	173000.00	3	7	\N	\N	0	f
105	Kit HILOOK Dvr 8ch + 8 Cámaras 1080p + Accesorios	Que incluye el Kit:\r\n1 DVR Hilook 8 canales 1080p 108G-M1\r\n4 Cámaras tipo bala Hilook 2Mpx THC-B120\r\n4 Cámaras tipo domo 2Mpx THC-T120\r\n8 Videobalum\r\n8 Borneras\r\n8 Cajas de paso\r\n8 Fuentes\r\n100m de Cable UTP cat 5	760000.00	1200000.00	1	10.00	2025-10-10 22:40:17.778439+00	2026-06-17 15:29:17.930507+00	7	3	t	t	f	760000.00	19	11	\N	\N	0	t
294	Reloj Casio AE-1500WH 1AVDF	Casio Original\r\nResistencia al Agua de 100m\r\nLuz Led Ambar\r\nBatería de 10 anos\r\nTemporizador\r\nCronometro\r\nAlarmas	90000.00	145000.00	1	0.00	2026-05-20 15:45:10.467291+00	2026-06-20 16:18:45.521229+00	11	17	t	t	f	80000.00	30	3	\N	\N	1	f
\.


--
-- Data for Name: products_product_tags; Type: TABLE DATA; Schema: public; Owner: solid
--

COPY public.products_product_tags (id, product_id, tag_id) FROM stdin;
1	2	1
2	2	2
9	6	4
10	6	5
11	6	7
12	5	4
13	5	5
14	5	6
15	7	9
16	7	5
17	7	6
18	8	9
19	8	10
20	8	5
21	8	7
22	10	5
23	10	7
24	10	9
25	10	10
26	10	11
27	11	5
28	11	6
29	11	9
30	11	10
31	11	11
32	12	5
33	12	6
34	12	9
35	12	10
36	12	11
37	13	12
38	13	5
39	14	12
40	14	5
41	15	12
42	15	5
43	16	12
44	16	5
45	17	12
46	17	5
47	3	1
48	3	2
49	3	9
50	4	9
51	4	2
52	4	3
53	2	9
54	1	2
55	1	3
56	1	9
57	1	11
58	1	13
59	18	1
60	18	2
61	19	9
62	19	4
63	19	5
64	19	7
65	20	10
66	20	11
67	20	12
68	21	12
69	21	5
70	22	14
71	22	15
72	23	6
73	23	14
74	24	6
75	25	8
76	26	16
77	26	17
78	27	17
79	27	18
80	28	17
81	28	18
82	29	17
83	29	18
84	30	19
85	30	20
86	31	19
87	31	20
88	32	2
89	32	11
90	33	2
91	33	11
92	34	2
93	34	11
94	35	19
95	35	20
96	36	19
97	36	20
98	37	19
99	37	20
100	37	21
101	38	19
102	38	20
103	39	6
104	39	22
105	40	2
106	40	5
107	40	6
109	40	22
110	41	9
111	41	22
112	41	15
114	42	2
115	42	22
116	42	15
117	43	2
118	43	6
119	43	22
120	44	2
121	44	6
122	44	22
123	45	2
124	45	5
125	45	6
126	45	22
127	46	2
128	46	5
129	46	6
130	46	22
131	47	2
132	47	13
133	48	2
134	48	13
135	51	2
136	51	3
137	51	13
138	52	2
139	52	11
140	53	2
141	53	11
142	54	17
143	54	18
144	55	5
145	56	5
146	58	2
147	58	5
148	58	6
149	58	8
150	58	9
151	59	2
152	59	3
153	59	5
155	59	23
156	60	1
157	60	2
158	60	9
159	61	24
160	61	2
161	61	21
162	62	2
163	62	3
164	62	6
165	62	15
167	42	3
168	42	6
169	40	3
170	63	2
171	63	3
172	63	5
173	63	6
174	64	2
175	64	3
176	64	5
177	64	6
178	65	9
179	65	2
180	65	13
181	65	17
182	66	13
183	67	13
184	68	13
185	69	13
186	70	13
187	71	13
188	72	9
189	72	2
190	72	13
191	73	1
192	73	2
193	73	13
194	74	1
195	74	2
196	74	13
197	75	1
198	75	2
199	75	13
200	76	1
201	76	2
202	76	13
203	77	1
204	77	2
205	78	13
206	79	13
207	80	13
208	81	13
209	82	25
210	82	13
211	83	25
212	83	26
213	83	13
214	84	25
215	84	13
216	85	2
217	85	5
218	85	19
219	85	20
220	85	21
221	86	25
222	86	13
223	87	21
224	87	2
225	87	3
226	87	5
227	88	18
228	89	2
229	89	3
230	89	22
231	89	15
232	90	2
233	90	3
234	90	22
235	90	15
236	91	24
237	91	2
238	91	11
239	91	21
240	92	2
241	92	3
242	92	13
243	93	2
244	93	3
245	93	13
246	94	9
247	94	18
248	94	4
249	94	5
250	95	12
251	96	13
252	97	1
253	97	2
254	25	2
255	25	5
256	98	2
257	98	5
258	98	6
259	99	27
260	99	4
261	100	10
262	100	27
263	100	13
264	101	28
265	101	6
266	105	29
267	106	29
268	107	29
269	108	29
270	114	2
271	114	21
272	114	5
273	114	6
274	115	2
275	115	21
276	115	5
277	116	2
278	116	11
279	117	2
280	122	2
281	122	13
282	127	2
283	127	3
284	127	11
285	127	21
286	127	24
287	128	2
288	128	3
289	128	13
290	139	29
291	140	29
292	141	29
293	142	29
294	143	28
295	143	6
296	144	27
297	144	13
298	145	27
299	145	13
300	146	9
301	146	27
302	145	9
303	144	9
304	147	2
305	147	13
306	148	11
307	149	11
308	150	2
309	150	21
310	150	5
311	152	2
312	152	13
313	153	2
314	153	13
315	154	1
316	155	9
317	155	2
318	155	13
319	162	9
320	162	10
321	162	13
322	162	7
323	163	10
324	163	13
325	163	5
326	163	7
327	167	1
328	167	2
329	167	13
330	168	1
331	168	2
332	168	13
333	170	30
334	171	5
336	175	2
338	175	13
339	177	25
340	177	13
341	178	25
342	178	13
343	186	2
344	187	2
345	189	2
346	191	2
347	191	5
348	191	6
349	191	8
350	191	22
351	193	30
352	196	30
353	197	30
354	198	2
355	198	5
356	203	2
357	203	13
358	204	2
359	204	13
360	205	2
361	205	3
362	205	5
363	205	6
364	221	10
365	221	13
366	221	5
367	221	6
368	223	4
369	223	5
370	223	6
371	224	4
372	224	5
373	224	6
374	224	10
375	224	13
388	233	13
406	236	25
407	238	13
408	239	25
409	239	13
410	240	30
411	240	31
412	241	24
413	241	21
414	241	30
415	243	1
416	243	2
417	243	13
418	244	1
419	244	2
420	244	30
421	245	1
422	245	2
423	246	2
424	247	2
425	246	1
426	247	1
427	248	1
428	248	2
429	249	2
430	249	3
431	249	13
432	250	2
433	250	3
434	251	3
435	252	3
436	253	2
437	253	3
438	253	13
439	254	2
440	255	2
441	257	2
442	257	21
443	257	5
444	257	6
445	258	2
446	258	21
447	258	5
448	258	6
449	263	5
450	264	2
451	264	3
452	271	2
453	271	13
454	277	13
455	277	5
456	277	7
457	207	5
458	207	7
459	278	28
460	278	5
461	278	8
462	165	10
463	165	13
464	165	5
465	165	7
466	281	27
467	281	13
468	289	18
469	292	18
470	291	18
471	290	18
472	288	18
473	287	18
474	293	13
475	294	13
476	295	13
477	296	13
478	297	13
479	298	2
480	298	13
481	299	13
482	300	25
483	300	13
484	301	13
485	303	13
486	304	13
487	305	13
488	306	13
489	308	12
490	308	5
491	309	5
492	312	5
493	313	6
494	314	2
495	314	21
496	314	5
497	314	6
498	315	2
499	316	2
500	316	21
501	316	5
502	317	2
503	341	13
504	342	13
505	343	13
506	344	13
507	346	2
508	346	3
509	346	5
510	346	23
511	347	2
512	347	3
513	347	5
514	347	23
515	348	2
516	348	3
517	348	5
518	348	23
519	349	2
520	349	3
521	349	5
522	349	23
523	352	2
524	352	3
525	352	12
526	352	5
527	59	12
528	352	23
529	349	12
530	348	12
531	347	12
532	346	12
533	298	24
534	298	21
535	271	24
536	271	21
537	204	24
538	204	21
539	203	24
540	203	21
541	175	24
542	175	21
543	155	24
544	155	21
545	72	24
546	72	21
547	298	9
548	354	2
\.


--
-- Data for Name: products_productimage; Type: TABLE DATA; Schema: public; Owner: solid
--

COPY public.products_productimage (id, image, alt_text, product_id) FROM stdin;
80	products/imp4_1CLTKgW.jpg		61
81	products/imp6_R3Ugj2K.jpg		61
82	products/imp7_I7rna5i.jpg		61
4	products/3_N4Pw568.png		4
3	products/2_JjgW9Me.png		3
2	products/1_Go5yCyN.png		2
1	products/4_zv5RrXK.png		1
9	products/7.png		9
83	products/imp3_t92LAD4.jpg		61
10	products/6_ahJkDnU.png		10
8	products/3_bIknuX5.png		7
6	products/2_tNAgr6h.png		6
5	products/1_zuhMQFI.png		5
12	products/7_K02nf6S.png		12
84	products/imp5_PpJVxXx.jpg		61
16	products/8_6JP7Dkg.png		16
17	products/8_rjOGAqA.png		15
13	products/10.png		13
18	products/11_1iOFaUq.png		14
19	products/9_mDs6zGx.png		17
21	products/11_UeWef9l.png		19
22	products/Luz_solar.jpg		20
23	products/10.jpg		21
27	products/3_RLTYQNz.png		25
26	products/5_z65Gp8T.png		24
25	products/2_mllxbnW.png		23
24	products/1_XSDZQsF.png		22
32	products/3_RKSVPPq.png		30
33	products/1_Rf4Do0p.png		31
34	products/9_y8eJDVU.png		32
35	products/10_pO0U0F4.png		33
36	products/8_rnlDM22.png		34
37	products/4_EHJ82Om.png		35
38	products/5_8OLQ20g.png		36
39	products/rp5.jpg		37
40	products/6_BOMa6O8.png		38
42	products/1_LIa8GZ5.png		40
43	products/3_wU4cxA6.png		41
45	products/5_Zl8mktP.png		43
46	products/6_hsnYZmQ.png		44
47	products/py.jpg		45
48	products/niiso.png		46
49	products/2_sDiWbLz.png		47
50	products/3_ZRwBgQz.png		48
11	products/5_XyZEQ8h.png		11
51	products/11_qWUbRho.png		49
52	products/12.png		50
53	products/boom.png		51
54	products/impresora.png		52
55	products/imp2.png		52
56	products/imp1.png		52
57	products/parl1.jpg		51
58	products/parl2.jpg		51
59	products/parl3.jpg		51
61	products/lector.png		54
60	products/mouse.png		53
62	products/WhatsApp_Image_2025-06-25_at_2.05.16_PM.jpeg		55
63	products/WhatsApp_Image_2025-06-25_at_2.05.17_PM.jpeg		55
64	products/WhatsApp_Image_2025-06-25_at_2.05.16_PM_1.jpeg		56
65	products/WhatsApp_Image_2025-06-25_at_2.05.16_PM_2.jpeg		56
66	products/WhatsApp_Image_2025-06-25_at_2.05.16_PM_3.jpeg		56
67	products/Screenshot_2025-06-25_at_2.18.21PM.png		57
68	products/Screenshot_2025-06-25_at_2.18.10PM.png		57
69	products/Screenshot_2025-06-25_at_2.18.39PM.png		57
70	products/8_30MV7jm.png		58
44	products/tmy.jpg		42
72	products/g06.png		60
103	products/4_Y8lDZSv.png		18
73	products/imp_etiq_8I5VQ83.png		61
85	products/10_mjRqzGd.png		62
86	products/2_vOlbGvv.png		63
89	products/1_NeM2VS7.png		66
90	products/8_lbIER9H.png		66
91	products/2_pQZAykv.png		67
93	products/6_6fqTe8u.png		68
94	products/5_EfGb2oG.png		69
95	products/4_gzuuwTl.png		70
96	products/3_SWBYEmg.png		71
97	products/3_fnPvqgf.png		72
98	products/4_Ll8vN2N.png		65
99	products/earring.png		73
100	products/monster_open.png		74
101	products/oraolo.png		75
102	products/monster_lite.png		76
104	products/e2.png		77
106	products/Screenshot_2025-09-03_at_11.46.36AM.png		78
107	products/Screenshot_2025-09-03_at_9.35.58AM.png		79
108	products/Screenshot_2025-09-03_at_9.35.45AM.png		80
109	products/Screenshot_2025-09-03_at_9.36.11AM.png		81
110	products/Screenshot_2025-09-03_at_9.36.35AM.png		82
112	products/Screenshot_2025-09-02_at_8_j8z2ImD.20.55PM.png		82
113	products/Screenshot_2025-09-02_at_8.20.38PM.png		82
114	products/Screenshot_2025-09-02_at_8.20.44PM.png		82
115	products/Screenshot_2025-09-02_at_8.20.09PM.png		82
116	products/Screenshot_2025-09-02_at_8.20.17PM.png		82
117	products/Screenshot_2025-09-02_at_8.20.49PM.png		82
29	products/sandisk.jpg		27
30	products/sandisk_vy9RY9H.jpg		28
31	products/sandisk_tQSjyuu.jpg		29
28	products/varios_11.jpg		26
41	products/mini_hompow.jpg		39
7	products/camaras_7.jpg		8
71	products/Audio-3_buf9vPg.jpeg		59
120	products/406h.png		85
121	products/Screenshot_2025-09-03_at_9.01.41AM.png		85
122	products/Screenshot_2025-09-03_at_9.01.54AM.png		85
119	products/Screenshot_2025-09-08_at_4.33.01PM.png		84
118	products/Screenshot_2025-09-08_at_4.33.12PM.png		83
130	products/hompow.png		89
131	products/purche.png		90
132	products/niimbot.png		91
133	products/vanzon.png		92
134	products/parlante_peq.png		93
135	products/sencilla.png		94
136	products/venti.png		95
137	products/iluoke.png		96
138	products/airpods.jpg		97
139	products/onnfhd.png		98
147	products/8_d52OuUd.png		106
150	products/accesorios_3.jpg		109
151	products/accesorios_5.jpg		110
152	products/accesorios_4.jpg		111
153	products/accesorios_1.jpg		112
154	products/accesorios_2.jpg		113
87	products/proyectores_2.jpg		64
155	products/pandro.jpg		114
156	products/16.jpg		115
193	products/reloj_new_2.jpg		82
157	products/9_9nbghMp.jpg		116
158	products/10_Dcv20Ba.jpg		117
159	products/rofall.jpg		122
160	products/accesorios_6.jpg		125
129	products/patriot.jpg		88
161	products/Case.jpg		126
194	products/reloj_new_1.jpg		164
167	products/pantalla_selfie_PJ4i4WG.jpg		127
168	products/81hBg7j46LL_3YOAwUA._AC_SL1500_.jpg		127
169	products/81D5NOmjPsL_0kzp7kk._AC_SL1500_.jpg		127
170	products/71bIA29qLSL_tBLOmoT._AC_SL1500_.jpg		127
171	products/4d9e0246-aa98-447e-a3de-2fc465afa4e7_kaSSIdt.__CR001464600_PT0_SX1464_V1___.jpg		127
172	products/passau.jpg		128
173	products/cctv_5.jpg		129
195	products/Audio.jpg		167
148	products/cctv_16_T0vEH1a.jpg		107
149	products/cctv_17.jpg		108
146	products/cctv_14.jpg		105
142	products/cctv_10.jpg		101
141	products/cctv_9.jpg		100
140	products/cctv_8.jpg		99
174	products/cctv_3.jpg		139
175	products/cctv_1.jpg		141
176	products/cctv_19_usoyn9S.jpg		142
177	products/cctv_2.jpg		140
178	products/cctv_7.jpg		143
179	products/6.jpg		144
180	products/7.jpg		145
181	products/5.jpg		146
182	products/active.jpg		147
123	products/Relojes_casio.jpg		86
183	products/1.jpg		148
184	products/3_8EX0fsm.jpg		149
186	products/Screenshot_2025-11-15_105735.png		151
187	products/kmag.jpg		152
188	products/airfree.jpg		153
189	products/u3_cable.jpg		154
190	products/solar_ultra.jpg		155
196	products/Audio6.jpg		168
124	products/magcubic.jpg		87
185	products/HY_con_m.jpg		150
191	products/Camaras_gFj4YFX.jpg		162
192	products/c216.jpg		163
197	products/Screenshot_2026-01-15_092413.png		169
199	products/wifi_usb.jpg		171
200	products/pasta.jpg		172
201	products/audifono_cable_1.jpg		173
202	products/Audifono_cable_2.jpg		174
203	products/smart_band_9_pro.jpg		175
204	products/41OoSA0L._AC_SL1000_.jpg		176
205	products/reloj_new_3.jpg		70
206	products/reloj_new2_3.jpg		70
207	products/reloj_new2_2.jpg		70
208	products/Relojes.jpg		177
209	products/ad1.png		177
211	products/ad3.png		177
214	products/reloj_new_2_XEeO0GZ.jpg		178
218	products/Screenshot_2025-09-02_at_8_Skqq9Il.20.49PM.png		178
219	products/Screenshot_2025-09-02_at_8_JRoRFFb.20.17PM.png		178
220	products/Screenshot_2025-09-02_at_8_5rC9xUE.20.09PM.png		178
221	products/Screenshot_2025-09-02_at_8_j8z2ImD_u6qVbOK.20.55PM.png		178
222	products/Screenshot_2025-09-02_at_8_j8z2ImD_mrlMf8r.20.55PM.png		177
223	products/Screenshot_2025-09-02_at_8_F97KiVF.20.17PM.png		177
224	products/Screenshot_2025-09-02_at_8_JH2wfuy.20.49PM.png		177
225	products/5_QkJgHCJ.jpg		179
226	products/4.jpg		180
227	products/3_QFZ5JAq.jpg		181
228	products/2.jpg		182
229	products/1_NnsVJoF.jpg		183
230	products/reloj_new2_1.jpg		184
231	products/varios_12.jpg		186
232	products/d30.jpg		187
233	products/Varios.jpg		188
234	products/16_YTeR2SX.jpg		189
236	products/biga.jpg		191
237	products/DOQAU.jpg		192
238	products/15_odg2cPP.jpg		193
239	products/16_4wzVhFZ.jpg		194
235	products/computacion_3.jpg		190
240	products/18.jpg		195
241	products/17.jpg		196
242	products/19.jpg		197
243	products/20.jpg		198
244	products/14.jpg		170
245	products/2_BJiIEXu.jpg		203
246	products/3_3pMiUJC.jpg		204
247	products/kogata.jpg		205
248	products/c206.jpg		221
249	products/61VLKEX93bL._AC_SL1500_.jpg		185
250	products/71BPqEcKvVL._AC_SL1500_.jpg		185
251	products/614oqrdvxlL._AC_SL1500_.jpg		185
252	products/6_8tsoyOg.jpg		223
253	products/7_ODuHsNZ.jpg		224
254	products/1134.jpg		231
255	products/1845.jpg		232
256	products/2355.jpg		233
257	products/2091b.jpg		234
258	products/2091w.jpg		234
259	products/2351.jpg		235
260	products/invicta_pro_diver_g.jpg		236
261	products/timex_exp.jpg		237
262	products/casio_1500.jpg		238
263	products/prodiver37.jpg		239
264	products/gamesir_1.jpg		240
265	products/gamesir_2.jpg		241
266	products/Accesorios.jpg		242
267	products/21.jpg		243
268	products/head_blanco.jpg		244
269	products/22.jpg		245
270	products/10_BXxGRFG.jpg		246
271	products/11.jpg		247
272	products/12.jpg		248
273	products/passau_fB43w1E.jpg		249
274	products/26.jpg		250
276	products/par30.jpg		251
277	products/par31.jpg		252
278	products/29.jpg		253
279	products/teck.jpg		254
280	products/Varios_EjZ1oAU.jpg		255
281	products/apuntador.jpg		256
283	products/7_SaX9z45.jpg		258
284	products/cargen.jpg		259
285	products/imouac1200f.jpg		260
286	products/tendaf3.jpg		263
287	products/27_Zk7Jiwi.jpg		264
288	products/micro_usb.jpg		269
289	products/realme.jpg		271
290	products/NVR_8.jpeg		278
291	products/bullet_2e.jpeg		277
292	products/cruiser_sc.jpeg		165
293	products/ranger_2.jpeg		207
294	products/dual_light.jpeg		281
295	products/monitor.jpeg		282
296	products/ventilador_socket.jpeg		283
297	products/mouse_teck.jpeg		285
298	products/1568.jpg		286
282	products/6_fszzrM8.jpg		257
299	products/Screenshot_from_2026-05-13_09-59-19.png		289
300	products/go_64.webp		288
301	products/sel_256.webp		292
302	products/sel_64.webp		291
303	products/select_128.webp		290
304	products/go_128.webp		287
305	products/casio_1500_negro.jpeg		294
306	products/Relojes_B-10.jpeg		295
307	products/NF8051_B.jpeg		296
308	products/NF8051.jpeg		296
309	products/Reloj_Naviforce_NF6101_b.jpeg		297
310	products/Reloj_Naviforce_NF6101_a.jpeg		297
311	products/Reloj_Naviforce_NF6101_c.jpeg		297
312	products/gt6_pro.jpeg		298
313	products/Relojes_B-2.jpeg		299
314	products/Relojes_B-1.jpeg		300
315	products/Relojes_B-13.jpeg		301
316	products/25w_samsung.jpg		302
317	products/NF8049.jpeg		303
318	products/NF8038.jpeg		304
319	products/Relojes_B-6.jpeg		305
320	products/Relojes_B-11.jpeg		306
321	products/Relojes_B-12.jpeg		306
322	products/poco.jpeg		307
323	products/2126_a.jpeg		293
324	products/2126_b.jpeg		293
325	products/x20_pro.jpeg		308
326	products/javis.jpeg		230
327	products/hr340.jpeg		309
328	products/ssd_king.jpeg		310
329	products/USB64.jpeg		311
330	products/xiaomi_n300.jpeg		312
331	products/monitor_b.jpeg		313
332	products/GOODEE_GRANDE.jpeg		314
333	products/tamroad.jpeg		315
334	products/Varios_-2.jpeg		316
335	products/accesorios_6_DdX8CLm.jpg		326
336	products/jeecoo.jpeg		340
337	products/NF7104.jpeg		341
338	products/NF7104_b.jpeg		341
339	products/NF6104_B.jpeg		342
340	products/NF7133.jpeg		343
341	products/NF7127.jpeg		344
342	products/redmibuds.jpg		317
343	products/cargador.jpg		222
344	products/fuente.webp		320
345	products/Screenshot_from_2026-06-17_10-49-29_P7RvhfQ.png		339
346	products/Rollo-etiqueta-12-x-40-mm-Niimbot-D11-oferta-Tienda-Stampaideas-768x768.jpg		336
348	products/d3_rollo_HB1amjM.webp		335
347	products/Screenshot_from_2026-06-17_10-59-10.png		337
349	products/sticker.jpg		338
350	products/Screenshot_from_2026-06-17_11-03-45.png		321
351	products/Screenshot_from_2026-06-17_11-04-55.png		136
353	products/Screenshot_from_2026-06-17_11-07-29_VM1s6T7.png		266
354	products/Screenshot_from_2026-06-17_11-13-53.png		330
355	products/dvi_vga.png		331
356	products/Screenshot_from_2026-06-17_11-20-58.png		325
357	products/Screenshot_from_2026-06-17_11-23-05.png		324
358	products/Screenshot_from_2026-06-17_11-22-18.png		329
359	products/Screenshot_from_2026-06-17_11-24-46.png		323
360	products/bornera.webp		322
361	products/gabi2.webp		275
362	products/gabi1.webp		275
363	products/Screenshot_from_2026-06-17_11-43-57.png		345
364	products/Screenshot_from_2026-06-17_11-43-38.png		345
365	products/convertidor-adaptador-conector-hembra-usb-macho-tipo-c-datos.webp		334
366	products/otg.webp		333
367	products/MINIHDMI-HDMI.png		332
368	products/Screenshot_from_2026-06-17_12-36-13.png		328
370	products/utp_int.jpg		133
371	products/utp_ext.webp		134
372	products/paso.jpg		132
369	products/hublector.png		327
373	products/Screenshot_from_2026-06-17_15-12-33.png		350
374	products/Screenshot_from_2026-06-17_15-11-57.png		351
375	products/Audio-6.jpeg		349
376	products/Audio-4.jpeg		348
377	products/Audio-1.jpeg		347
378	products/Audio-5.jpeg		346
379	products/Audio-2.jpeg		352
380	products/Varios_-1.jpeg		358
381	products/s1.jpg		358
382	products/s2.jpg		358
383	products/s3.jpg		358
384	products/s4.jpg		358
385	products/s5.jpg		358
386	products/s6.jpg		358
387	products/s7.jpg		358
388	products/s8.jpg		358
\.


--
-- Data for Name: products_subcategory; Type: TABLE DATA; Schema: public; Owner: solid
--

COPY public.products_subcategory (id, name, category_id, description, image, is_active) FROM stdin;
17	ANALÓGICOS - DIGITALES	11			t
16	SMARTWATCH	11			t
19	MANTENIMIENTO - INSTALACION	13			t
11	CONSOLAS	9			t
4	CONTROLES	9			t
20	CAMARAS WIFI - IP	7			t
3	CÁMARAS DE CCTV	7			t
8	ANDROID	8			t
12	NO-SMART	6			t
21	SMART-ANDROID	6			t
2	AUDIFONOS	1			t
1	PARLANTES	1			t
6	DOMOTICA OTROS	3			t
5	ILUMINACION	3			t
15	ACCESORIOS COMPUTACIÓN	10			t
14	IMPRESORAS	10			t
23	MONITORES	10			t
24	MOUSE	10			t
25	TECLADOS	10			t
22	ACCESORIOS CELULARES	12			t
26	CARGADORES	12			t
10	MICRO SD	5			t
9	SSD - DISCO DURO	5			t
7	DIVERSION	2			t
28	MEMORIA USB	5			t
29	REDES	10			t
27	TELÉFONOS - TABLETS	12			t
18	ACCESORIOS-REPUESTOS CAMARAS	7			t
31	PARLANTES INTELIGENTES	1			t
\.


--
-- Data for Name: products_supplier; Type: TABLE DATA; Schema: public; Owner: solid
--

COPY public.products_supplier (id, name) FROM stdin;
1	XIAOMI
2	AMAZON
3	TEMU
4	ALIEXPRESS
5	HOLAU
6	MERCADOLIBRE
7	GVS
8	ALKOSTO
10	HUAWEI
11	HIKVISION
12	LOTES ONN
13	FALABELLA
14	SAMSUNG
\.


--
-- Data for Name: products_tag; Type: TABLE DATA; Schema: public; Owner: solid
--

COPY public.products_tag (id, name) FROM stdin;
1	Audifonos
2	Bluetooth
3	parlante
4	interior
5	wifi
6	1080p
7	2K
8	4K
9	audio
10	Exterior
11	Batería
12	Domotica
13	Resistente al agua
14	Drones
15	720p
16	SSD
17	Almacenamiento
18	Micro SD
19	Retro
20	Consola
21	Android
22	Proyector
23	Alexa
24	Iphone
25	Acero Inoxidable
26	Automatico
27	Analógica
28	DVR
29	Kit
30	Gamer
31	Certificado Xbox
\.


--
-- Data for Name: sales_discount; Type: TABLE DATA; Schema: public; Owner: solid
--

COPY public.sales_discount (id, percentage, start_date, end_date, category_id, product_id, subcategory_id) FROM stdin;
2	5.00	2025-11-30 16:22:07+00	2025-12-04 16:22:08+00	7	\N	3
3	4.00	2025-12-01 16:27:19+00	2025-12-31 16:27:21+00	6	\N	\N
\.


--
-- Data for Name: token_blacklist_blacklistedtoken; Type: TABLE DATA; Schema: public; Owner: solid
--

COPY public.token_blacklist_blacklistedtoken (id, blacklisted_at, token_id) FROM stdin;
1	2025-06-30 01:48:14.400357+00	7
2	2025-06-30 01:48:39.54641+00	8
3	2025-06-30 02:43:32.969477+00	11
4	2025-07-02 15:51:35.532654+00	16
5	2025-07-02 21:23:53.537997+00	17
6	2025-07-19 00:00:43.651092+00	19
7	2025-07-22 22:40:08.090939+00	22
8	2025-09-20 03:48:18.333685+00	39
9	2025-10-01 03:23:20.618552+00	44
10	2026-06-11 18:43:11.249882+00	109
\.


--
-- Data for Name: token_blacklist_outstandingtoken; Type: TABLE DATA; Schema: public; Owner: solid
--

COPY public.token_blacklist_outstandingtoken (id, token, created_at, expires_at, user_id, jti) FROM stdin;
1	eyJhbGciOiJIUzI1NiIsInR5cCI6IkpXVCJ9.eyJ0b2tlbl90eXBlIjoicmVmcmVzaCIsImV4cCI6MTc1MDYzMDQ3MywiaWF0IjoxNzUwNTQ0MDczLCJqdGkiOiI3NmQ1ZGEyMmJiNzc0ODUyYTc0MWNiOTkyZmJhOWQxMiIsInVzZXJfaWQiOjJ9.X415ePNr0Yqksi-KYxJoJs7_WB8gR3YWXzBWWUU87Rw	2025-06-21 22:14:33.805149+00	2025-06-22 22:14:33+00	2	76d5da22bb774852a741cb992fba9d12
2	eyJhbGciOiJIUzI1NiIsInR5cCI6IkpXVCJ9.eyJ0b2tlbl90eXBlIjoicmVmcmVzaCIsImV4cCI6MTc1MDYzMTA2NCwiaWF0IjoxNzUwNTQ0NjY0LCJqdGkiOiJmNTgxMTMxNmE1MTc0ZWQ1OTdiMmU0MmQzYzIxZjBiZiIsInVzZXJfaWQiOjJ9.D6jn6R-8BpKGoIbUcycqT88YHl6AVdl7vdX1U1IeJs4	2025-06-21 22:24:24.19635+00	2025-06-22 22:24:24+00	2	f5811316a5174ed597b2e42d3c21f0bf
3	eyJhbGciOiJIUzI1NiIsInR5cCI6IkpXVCJ9.eyJ0b2tlbl90eXBlIjoicmVmcmVzaCIsImV4cCI6MTc1MDg2OTY3MCwiaWF0IjoxNzUwNzgzMjcwLCJqdGkiOiIxNmE3ZmMyZWRhMTg0NmIzOWQ4OGE3YjI0MTFhOWE4NyIsInVzZXJfaWQiOjN9.xpghlhJMDbRwavajsRi59_JuFtYRay8xJF8eOHB5JLQ	2025-06-24 16:41:10.039272+00	2025-06-25 16:41:10+00	3	16a7fc2eda1846b39d88a7b2411a9a87
4	eyJhbGciOiJIUzI1NiIsInR5cCI6IkpXVCJ9.eyJ0b2tlbl90eXBlIjoicmVmcmVzaCIsImV4cCI6MTc1MDg3MDAyMCwiaWF0IjoxNzUwNzgzNjIwLCJqdGkiOiIzNmM5ZDI1ZTEwY2I0ZjRhYTliMThjODdkNDYwMzVlNiIsInVzZXJfaWQiOjF9.1-ZrXioMwo7Q8k5KOme0lYeM5cn24DAiIJ6aWahG0Ts	2025-06-24 16:47:00.330288+00	2025-06-25 16:47:00+00	1	36c9d25e10cb4f4aa9b18c87d46035e6
5	eyJhbGciOiJIUzI1NiIsInR5cCI6IkpXVCJ9.eyJ0b2tlbl90eXBlIjoicmVmcmVzaCIsImV4cCI6MTc1MDg3MDA0MSwiaWF0IjoxNzUwNzgzNjQxLCJqdGkiOiJjYWFiMzI4NzcwZGQ0MDQyOWZkNjdhNjc0MDRmYjc5NCIsInVzZXJfaWQiOjJ9.qQJAgKV8jmXroDOzPp4mSmpZc9wiIJxvP4uJn-dSfHA	2025-06-24 16:47:21.558428+00	2025-06-25 16:47:21+00	2	caab328770dd40429fd67a67404fb794
6	eyJhbGciOiJIUzI1NiIsInR5cCI6IkpXVCJ9.eyJ0b2tlbl90eXBlIjoicmVmcmVzaCIsImV4cCI6MTc1MDg4NDUxNiwiaWF0IjoxNzUwNzk4MTE2LCJqdGkiOiJiMjYwYTZkZTZhNTU0ZWZjYTA5ZDRmMjJjYjc4NTkxOCIsInVzZXJfaWQiOjJ9.Wqn59Q2vm8inxLMHVaYNt0G5DLDxeGBWILmNUUdmayk	2025-06-24 20:48:36.863744+00	2025-06-25 20:48:36+00	2	b260a6de6a554efca09d4f22cb785918
7	eyJhbGciOiJIUzI1NiIsInR5cCI6IkpXVCJ9.eyJ0b2tlbl90eXBlIjoicmVmcmVzaCIsImV4cCI6MTc1MTMyMzc5NywiaWF0IjoxNzUxMjM3Mzk3LCJqdGkiOiI4MjNmNmJhY2RlZDE0NjM2ODMwYWI3ZmQ1MThlODY0YSIsInVzZXJfaWQiOjJ9.87ZxTm9VXbpgYjPt6pnEI9XgA1xN-yJGyTAw6eDYTcU	2025-06-29 22:49:57.702917+00	2025-06-30 22:49:57+00	2	823f6bacded14636830ab7fd518e864a
8	eyJhbGciOiJIUzI1NiIsInR5cCI6IkpXVCJ9.eyJ0b2tlbl90eXBlIjoicmVmcmVzaCIsImV4cCI6MTc1MTMzNDQ5OSwiaWF0IjoxNzUxMjQ4MDk5LCJqdGkiOiI1ZWNkZjQ4OWFjNDU0NDk2YjAzN2ExNmQyMTg5OTlhNyIsInVzZXJfaWQiOjJ9.5ZOeRnQ8fp7kk4uwkj8wARmRWqiW43fOf8Sx9mTdw_w	2025-06-30 01:48:19.619854+00	2025-07-01 01:48:19+00	2	5ecdf489ac454496b037a16d218999a7
9	eyJhbGciOiJIUzI1NiIsInR5cCI6IkpXVCJ9.eyJ0b2tlbl90eXBlIjoicmVmcmVzaCIsImV4cCI6MTc1MTMzNDUzMiwiaWF0IjoxNzUxMjQ4MTMyLCJqdGkiOiJiYjA2NzA0NjYyN2M0ZmFlOTJiNDA2M2Q4YmQyZjU4ZiIsInVzZXJfaWQiOjF9.NWNdK9-sbYk-ljgXkPysmtUGlhT0uYv17AFOTPztR4E	2025-06-30 01:48:52.845187+00	2025-07-01 01:48:52+00	1	bb067046627c4fae92b4063d8bd2f58f
10	eyJhbGciOiJIUzI1NiIsInR5cCI6IkpXVCJ9.eyJ0b2tlbl90eXBlIjoicmVmcmVzaCIsImV4cCI6MTc1MTMzNDUzNywiaWF0IjoxNzUxMjQ4MTM3LCJqdGkiOiI5MTYzZGYyNmNkYTc0YThlYWJkODA3NWZhNmNhNzRhOSIsInVzZXJfaWQiOjJ9.i4YUcrVqeGzQnYYD2wF-yxTDjRPFUmMQ2d5Cr5237jY	2025-06-30 01:48:57.215866+00	2025-07-01 01:48:57+00	2	9163df26cda74a8eabd8075fa6ca74a9
11	eyJhbGciOiJIUzI1NiIsInR5cCI6IkpXVCJ9.eyJ0b2tlbl90eXBlIjoicmVmcmVzaCIsImV4cCI6MTc1MTMzNzc5OCwiaWF0IjoxNzUxMjUxMzk4LCJqdGkiOiJhODRjMDFmZjEyZGY0ZGYxODU4YzZhMDk0MzAwM2YzNSIsInVzZXJfaWQiOjJ9.ihhkMb6CfHvEdgujn-WWNxQQDnlqmdFQ6JqAxAo60Bk	2025-06-30 02:43:18.912767+00	2025-07-01 02:43:18+00	2	a84c01ff12df4df1858c6a0943003f35
12	eyJhbGciOiJIUzI1NiIsInR5cCI6IkpXVCJ9.eyJ0b2tlbl90eXBlIjoicmVmcmVzaCIsImV4cCI6MTc1MTMzNzg2MSwiaWF0IjoxNzUxMjUxNDYxLCJqdGkiOiI2MmZjOTUwY2RkOWE0YjE2OTQwMzAzYWRiMmM4ZDJiMyIsInVzZXJfaWQiOjR9.mQiez9dtqZYLL558FouTlQkDG3vXS229ro2iE44LDD8	2025-06-30 02:44:21.442046+00	2025-07-01 02:44:21+00	4	62fc950cdd9a4b16940303adb2c8d2b3
13	eyJhbGciOiJIUzI1NiIsInR5cCI6IkpXVCJ9.eyJ0b2tlbl90eXBlIjoicmVmcmVzaCIsImV4cCI6MTc1MTQ4NzI1NCwiaWF0IjoxNzUxNDAwODU0LCJqdGkiOiIwODdiYTNkZmM4ODA0ZTdhYTU3MmM1MDhiNDhlMDBhNyIsInVzZXJfaWQiOjF9.E1xgBH1EDbYwzE25zPaXrO1QwZG2oFpT7mj1qhkp27I	2025-07-01 20:14:14.209916+00	2025-07-02 20:14:14+00	1	087ba3dfc8804e7aa572c508b48e00a7
14	eyJhbGciOiJIUzI1NiIsInR5cCI6IkpXVCJ9.eyJ0b2tlbl90eXBlIjoicmVmcmVzaCIsImV4cCI6MTc1MTQ4NzI4MiwiaWF0IjoxNzUxNDAwODgyLCJqdGkiOiIxODQ0NmQxNDQyZmU0YTMxYjVkZmM4ZWVhMjM3ZDlmMSIsInVzZXJfaWQiOjJ9.DSyoEgOzw4zXyX2onHgLeH7fgO4H7rghsd15gPAqVus	2025-07-01 20:14:42.007539+00	2025-07-02 20:14:42+00	2	18446d1442fe4a31b5dfc8eea237d9f1
15	eyJhbGciOiJIUzI1NiIsInR5cCI6IkpXVCJ9.eyJ0b2tlbl90eXBlIjoicmVmcmVzaCIsImV4cCI6MTc1MTQ5NDg2MSwiaWF0IjoxNzUxNDA4NDYxLCJqdGkiOiIxY2VjNjVkZTVjNjM0ZWRkYTJkMDg5NWM0Nzc3MDgwMSIsInVzZXJfaWQiOjV9.wGwmiIcVVNjDV_ybq4uDWvwPA2z8G3hMHW6auZC_L1Y	2025-07-01 22:21:01.827303+00	2025-07-02 22:21:01+00	5	1cec65de5c634edda2d0895c47770801
16	eyJhbGciOiJIUzI1NiIsInR5cCI6IkpXVCJ9.eyJ0b2tlbl90eXBlIjoicmVmcmVzaCIsImV4cCI6MTc1MTUwNTEzNywiaWF0IjoxNzUxNDE4NzM3LCJqdGkiOiJhMTA0ZDYyMDRjZjc0N2YzYTRlYjQxZjliYWQ5MmQ0NyIsInVzZXJfaWQiOjJ9.kvLTnHHZN8I6WQzXMeetJ5IeZ2Jze6PIJBDvzzLC_Sk	2025-07-02 01:12:17.657417+00	2025-07-03 01:12:17+00	2	a104d6204cf747f3a4eb41f9bad92d47
17	eyJhbGciOiJIUzI1NiIsInR5cCI6IkpXVCJ9.eyJ0b2tlbl90eXBlIjoicmVmcmVzaCIsImV4cCI6MTc1MTU1NzkxMywiaWF0IjoxNzUxNDcxNTEzLCJqdGkiOiIwZjkxZDYyZThlMzY0ZGFjOWRjOWI5NzA1YmM2ZGIwMCIsInVzZXJfaWQiOjR9.S7NtK6DXrJG6Ur5-jPR1xcV4tzGJZo8-dw7Ogm_Rsto	2025-07-02 15:51:53.698468+00	2025-07-03 15:51:53+00	4	0f91d62e8e364dac9dc9b9705bc6db00
18	eyJhbGciOiJIUzI1NiIsInR5cCI6IkpXVCJ9.eyJ0b2tlbl90eXBlIjoicmVmcmVzaCIsImV4cCI6MTc1MTU3NzgzOSwiaWF0IjoxNzUxNDkxNDM5LCJqdGkiOiJhOGQ3MWE4OGY5N2M0ZTY2OGE5MjJkMjNiMTRiZjliOCIsInVzZXJfaWQiOjJ9.luyVyVvI1x4gYx4_k6MOfJDkwjUCjVl53iEzkvou2Ps	2025-07-02 21:23:59.429004+00	2025-07-03 21:23:59+00	2	a8d71a88f97c4e668a922d23b14bf9b8
19	eyJhbGciOiJIUzI1NiIsInR5cCI6IkpXVCJ9.eyJ0b2tlbl90eXBlIjoicmVmcmVzaCIsImV4cCI6MTc1Mjk2OTYzNiwiaWF0IjoxNzUyODgzMjM2LCJqdGkiOiJlOGViNTBmOWVkNzQ0N2U5ODdmZGQ5NTIzOTEwNjhkNyIsInVzZXJfaWQiOjR9.5rSOTQnAHai-8YVdfr2NNGWPgWQNPXzY7ia6yMbw9BA	2025-07-19 00:00:36.981655+00	2025-07-20 00:00:36+00	4	e8eb50f9ed7447e987fdd952391068d7
20	eyJhbGciOiJIUzI1NiIsInR5cCI6IkpXVCJ9.eyJ0b2tlbl90eXBlIjoicmVmcmVzaCIsImV4cCI6MTc1Mjk2OTY0OSwiaWF0IjoxNzUyODgzMjQ5LCJqdGkiOiI2ZGY5MmE5MTI5MTk0YjU3YjE0ZmQ0ZTk5NzY5NzE1ZiIsInVzZXJfaWQiOjF9.LpiAK2036pNV8HK2-Pwr9s-bW80KDPxYE6kEiWH0O2Y	2025-07-19 00:00:49.272557+00	2025-07-20 00:00:49+00	1	6df92a9129194b57b14fd4e99769715f
21	eyJhbGciOiJIUzI1NiIsInR5cCI6IkpXVCJ9.eyJ0b2tlbl90eXBlIjoicmVmcmVzaCIsImV4cCI6MTc1Mjk2OTY1NywiaWF0IjoxNzUyODgzMjU3LCJqdGkiOiI4NmRjNzQ1YTBjOWM0NDA3OWJlYjRkNzFkZTU0NDg0MCIsInVzZXJfaWQiOjJ9.JhuevUoGiBjEXQzpvgNv_c-qj6_MOXskDZ7gTE53UbQ	2025-07-19 00:00:57.635138+00	2025-07-20 00:00:57+00	2	86dc745a0c9c44079beb4d71de544840
22	eyJhbGciOiJIUzI1NiIsInR5cCI6IkpXVCJ9.eyJ0b2tlbl90eXBlIjoicmVmcmVzaCIsImV4cCI6MTc1MzMxMDQwMSwiaWF0IjoxNzUzMjI0MDAxLCJqdGkiOiI3MzQzNzIyOTVkMDE0ZmZmOGYxYTM3NWY1OGRiOTc2MiIsInVzZXJfaWQiOjR9.ZIcoew_EPjYvO6OvAvwcHGJ0AAwk7HOh4oo8LCtSNwM	2025-07-22 22:40:01.391041+00	2025-07-23 22:40:01+00	4	734372295d014fff8f1a375f58db9762
23	eyJhbGciOiJIUzI1NiIsInR5cCI6IkpXVCJ9.eyJ0b2tlbl90eXBlIjoicmVmcmVzaCIsImV4cCI6MTc1MzMxMDQyNCwiaWF0IjoxNzUzMjI0MDI0LCJqdGkiOiIyODhjMWUyZjk0ZjA0OGFlOTdiZjU4ZjQxODZhYzhkYSIsInVzZXJfaWQiOjJ9.O8zHNCeSz21olOC8sTdOhS7E0YCHntsSELR1wq9lkeI	2025-07-22 22:40:24.619686+00	2025-07-23 22:40:24+00	2	288c1e2f94f048ae97bf58f4186ac8da
24	eyJhbGciOiJIUzI1NiIsInR5cCI6IkpXVCJ9.eyJ0b2tlbl90eXBlIjoicmVmcmVzaCIsImV4cCI6MTc1MzgwMTc0MCwiaWF0IjoxNzUzNzE1MzQwLCJqdGkiOiIxMGFiOGVjNjFmOWU0NTUyYWY4MTkyYzAwMjU2OGRjYiIsInVzZXJfaWQiOjF9.95vd7qBYY4rVwaNx9OIfmB-sSQZycHqMoF6dgA-z1AA	2025-07-28 15:09:00.159775+00	2025-07-29 15:09:00+00	1	10ab8ec61f9e4552af8192c002568dcb
25	eyJhbGciOiJIUzI1NiIsInR5cCI6IkpXVCJ9.eyJ0b2tlbl90eXBlIjoicmVmcmVzaCIsImV4cCI6MTc1MzgwMTc1MSwiaWF0IjoxNzUzNzE1MzUxLCJqdGkiOiIwNTU2ZGUzYmJmMmI0Zjk5YmUzYjkxNDA0Mjc4NDUyNSIsInVzZXJfaWQiOjF9.7BMmjExyFuOLY7jHMPFYDQy_I5Byybsk_PU6haR-MGE	2025-07-28 15:09:11.121879+00	2025-07-29 15:09:11+00	1	0556de3bbf2b4f99be3b914042784525
26	eyJhbGciOiJIUzI1NiIsInR5cCI6IkpXVCJ9.eyJ0b2tlbl90eXBlIjoicmVmcmVzaCIsImV4cCI6MTc1MzgwMTc2MywiaWF0IjoxNzUzNzE1MzYzLCJqdGkiOiIyYjQ1NGU1YWNmNTk0Mjg1OTIzYmRkODA4ZWY5OWYyYiIsInVzZXJfaWQiOjJ9.C_-iejiiY73wJYV24CMiYHlPCMVoX0Vdk3BwoyUvjho	2025-07-28 15:09:23.222088+00	2025-07-29 15:09:23+00	2	2b454e5acf594285923bdd808ef99f2b
27	eyJhbGciOiJIUzI1NiIsInR5cCI6IkpXVCJ9.eyJ0b2tlbl90eXBlIjoicmVmcmVzaCIsImV4cCI6MTc1MzgwODU3MywiaWF0IjoxNzUzNzIyMTczLCJqdGkiOiI0NzE4MGJkZjA4ZmE0NGMzODQyNTljYjQ1Njg4MTcxMyIsInVzZXJfaWQiOjR9.OTSmDOMweFomSFUUvi7YBczXMM-E0myY75q0e7LaCnI	2025-07-28 17:02:53.946625+00	2025-07-29 17:02:53+00	4	47180bdf08fa44c384259cb456881713
28	eyJhbGciOiJIUzI1NiIsInR5cCI6IkpXVCJ9.eyJ0b2tlbl90eXBlIjoicmVmcmVzaCIsImV4cCI6MTc1NDU5MDYzNywiaWF0IjoxNzU0NTA0MjM3LCJqdGkiOiI1NDAxOGExYjFjYmU0ZWVjODg1YWM3OWExYTNlZTZhOCIsInVzZXJfaWQiOjF9.VkPOsdazpN3EnvLGaoLVZo5G0m6rC4RodbdAi5iIkqg	2025-08-06 18:17:17.379985+00	2025-08-07 18:17:17+00	1	54018a1b1cbe4eec885ac79a1a3ee6a8
29	eyJhbGciOiJIUzI1NiIsInR5cCI6IkpXVCJ9.eyJ0b2tlbl90eXBlIjoicmVmcmVzaCIsImV4cCI6MTc1NDU5MDY0MSwiaWF0IjoxNzU0NTA0MjQxLCJqdGkiOiIzODY3NDI5NDBhZWE0OGJjYWNkYTYxNTNmZDQxMDE0MSIsInVzZXJfaWQiOjJ9.7BoTVVcFl7h9wCbYIfs7OPuO3ip4GU7kgfWnOsFDxrE	2025-08-06 18:17:21.972216+00	2025-08-07 18:17:21+00	2	386742940aea48bcacda6153fd410141
30	eyJhbGciOiJIUzI1NiIsInR5cCI6IkpXVCJ9.eyJ0b2tlbl90eXBlIjoicmVmcmVzaCIsImV4cCI6MTc1NTM1ODY3NCwiaWF0IjoxNzU1MjcyMjc0LCJqdGkiOiIxMGI3MGRiODI2MzI0ZTg5ODAzY2Y5NmU4NGE4NDRmYyIsInVzZXJfaWQiOjF9.RF9sGkHXQT6AW9DltP_aLXzvpyUHSizYDKzTY4-lAiM	2025-08-15 15:37:54.880292+00	2025-08-16 15:37:54+00	1	10b70db826324e89803cf96e84a844fc
31	eyJhbGciOiJIUzI1NiIsInR5cCI6IkpXVCJ9.eyJ0b2tlbl90eXBlIjoicmVmcmVzaCIsImV4cCI6MTc1NTM1ODY3OCwiaWF0IjoxNzU1MjcyMjc4LCJqdGkiOiJmMWUxZWY2Y2UwMDc0NGFmOTM3OWY3YTNmZDAwNzgzNyIsInVzZXJfaWQiOjF9.Qzv1O_l7MOpmCfs3OnxFxUPdx-WjVEesx1Kq2wcURRI	2025-08-15 15:37:58.748177+00	2025-08-16 15:37:58+00	1	f1e1ef6ce00744af9379f7a3fd007837
32	eyJhbGciOiJIUzI1NiIsInR5cCI6IkpXVCJ9.eyJ0b2tlbl90eXBlIjoicmVmcmVzaCIsImV4cCI6MTc1NTM1ODY4MiwiaWF0IjoxNzU1MjcyMjgyLCJqdGkiOiI3MjcyYmJjN2RlYjA0NGIzODUxZDRjN2VmZGI2YTUwNCIsInVzZXJfaWQiOjJ9.EiM_w_KPRfxpUU1WJZQXECJPvjEehON6n_k3CHjQNK4	2025-08-15 15:38:02.435314+00	2025-08-16 15:38:02+00	2	7272bbc7deb044b3851d4c7efdb6a504
33	eyJhbGciOiJIUzI1NiIsInR5cCI6IkpXVCJ9.eyJ0b2tlbl90eXBlIjoicmVmcmVzaCIsImV4cCI6MTc1NTQ0NTIzOSwiaWF0IjoxNzU1MzU4ODM5LCJqdGkiOiIxMDY4MGU2NTQxYTQ0MTIyOTBmMTQ3MTFjNzEwYTNiNiIsInVzZXJfaWQiOjJ9.Wn4uwMCraS3HnWovQ0XAA6W9SDuV5bUNjpsmnU2CooY	2025-08-16 15:40:39.479882+00	2025-08-17 15:40:39+00	2	10680e6541a4412290f14711c710a3b6
34	eyJhbGciOiJIUzI1NiIsInR5cCI6IkpXVCJ9.eyJ0b2tlbl90eXBlIjoicmVmcmVzaCIsImV4cCI6MTc1NjA1MTMyMywiaWF0IjoxNzU1OTY0OTIzLCJqdGkiOiIzNGU3MTQwNzE2NjI0MzdhYWEzNDdlMWFkY2M3ZTI5MSIsInVzZXJfaWQiOjJ9.OCbUJyaytEzELMV0GhU5ifO--CPvBctCA29S43ca7_o	2025-08-23 16:02:03.714816+00	2025-08-24 16:02:03+00	2	34e714071662437aaa347e1adcc7e291
35	eyJhbGciOiJIUzI1NiIsInR5cCI6IkpXVCJ9.eyJ0b2tlbl90eXBlIjoicmVmcmVzaCIsImV4cCI6MTc1NzM3MDc4MSwiaWF0IjoxNzU3Mjg0MzgxLCJqdGkiOiIyOWQxNmNjYjRjOTU0NjNjOTY1YjMyMTczOWNlMmFlOSIsInVzZXJfaWQiOjJ9.hatwNYvpxy_OW2hk2BNyse6lzjQp3M0IeJkGiO6RYMw	2025-09-07 22:33:01.995276+00	2025-09-08 22:33:01+00	2	29d16ccb4c95463c965b321739ce2ae9
36	eyJhbGciOiJIUzI1NiIsInR5cCI6IkpXVCJ9.eyJ0b2tlbl90eXBlIjoicmVmcmVzaCIsImV4cCI6MTc1NzQ3OTY2NCwiaWF0IjoxNzU3MzkzMjY0LCJqdGkiOiJkZDA2M2Y0MjJhY2M0MDQ4OWI5OTg4Y2Y0OTYyZjcwMCIsInVzZXJfaWQiOjZ9.KsT-99zJQSEnvCEUfhgSErmrRXv3rbkLxrfnQvadepQ	2025-09-09 04:47:44.432759+00	2025-09-10 04:47:44+00	6	dd063f422acc40489b9988cf4962f700
37	eyJhbGciOiJIUzI1NiIsInR5cCI6IkpXVCJ9.eyJ0b2tlbl90eXBlIjoicmVmcmVzaCIsImV4cCI6MTc1ODA3MDE0MywiaWF0IjoxNzU3OTgzNzQzLCJqdGkiOiJkODQwMGYwYTc5NWQ0ZmYwYTI3OGU1YTcyMDNlOGNmZCIsInVzZXJfaWQiOjF9.Y7s1KziLpSXiC8VP9C8G7d_-n6y0L17nNFcY6pRbtEI	2025-09-16 00:49:03.817821+00	2025-09-17 00:49:03+00	1	d8400f0a795d4ff0a278e5a7203e8cfd
38	eyJhbGciOiJIUzI1NiIsInR5cCI6IkpXVCJ9.eyJ0b2tlbl90eXBlIjoicmVmcmVzaCIsImV4cCI6MTc1ODA3MDE0OCwiaWF0IjoxNzU3OTgzNzQ4LCJqdGkiOiIyODY5MmYxNzU2NzA0MThjYTA5MjRkNGJkYjFlYmI2ZSIsInVzZXJfaWQiOjJ9.058-7G25tg7hfiq2yUV_TKaI4s4XLE7LEw4hO4i1c80	2025-09-16 00:49:08.938553+00	2025-09-17 00:49:08+00	2	28692f175670418ca0924d4bdb1ebb6e
39	eyJhbGciOiJIUzI1NiIsInR5cCI6IkpXVCJ9.eyJ0b2tlbl90eXBlIjoicmVmcmVzaCIsImV4cCI6MTc1ODQyNjQ1NCwiaWF0IjoxNzU4MzQwMDU0LCJqdGkiOiI0YTcxYmE3MDUyZjI0ZjcyYmI0MjVlOTFiZGFjMTU4ZCIsInVzZXJfaWQiOjJ9.g3gTwC5oM_0lCJDH4LuuU2E_UgE0fxFhk_SEpwbhCrE	2025-09-20 03:47:34.943096+00	2025-09-21 03:47:34+00	2	4a71ba7052f24f72bb425e91bdac158d
40	eyJhbGciOiJIUzI1NiIsInR5cCI6IkpXVCJ9.eyJ0b2tlbl90eXBlIjoicmVmcmVzaCIsImV4cCI6MTc1ODQyNjUzMiwiaWF0IjoxNzU4MzQwMTMyLCJqdGkiOiJmMjBlZmExZTVmMzk0NWJiYjIzOWQyNmE1YTkwNjk4MiIsInVzZXJfaWQiOjR9.5YhcI3LDYak1DBDUbMTzf-eaJ42MYetX5YWoAqanHgo	2025-09-20 03:48:52.572614+00	2025-09-21 03:48:52+00	4	f20efa1e5f3945bbb239d26a5a906982
41	eyJhbGciOiJIUzI1NiIsInR5cCI6IkpXVCJ9.eyJ0b2tlbl90eXBlIjoicmVmcmVzaCIsImV4cCI6MTc1ODQ4NjY0MywiaWF0IjoxNzU4NDAwMjQzLCJqdGkiOiJjMjQ3Y2VkMDYyZGE0Y2FkODQyMTk0ZDI0MzY3MmZiMSIsInVzZXJfaWQiOjd9.fGdiBZ3T7o1m6r8PE-yVQnt5omiHNaUphOSfPtl26ic	2025-09-20 20:30:43.555647+00	2025-09-21 20:30:43+00	7	c247ced062da4cad842194d243672fb1
42	eyJhbGciOiJIUzI1NiIsInR5cCI6IkpXVCJ9.eyJ0b2tlbl90eXBlIjoicmVmcmVzaCIsImV4cCI6MTc1ODc1Mzg2NywiaWF0IjoxNzU4NjY3NDY3LCJqdGkiOiI0YThmNjFkNTQ2ZWQ0NDU5YTgyMDIxNjdjZTc1M2Q4MyIsInVzZXJfaWQiOjF9.pMFBkXe8rvgX5QWPFBkHMOU_XdHh7fu4bjbckCyCC6A	2025-09-23 22:44:27.665842+00	2025-09-24 22:44:27+00	1	4a8f61d546ed4459a8202167ce753d83
43	eyJhbGciOiJIUzI1NiIsInR5cCI6IkpXVCJ9.eyJ0b2tlbl90eXBlIjoicmVmcmVzaCIsImV4cCI6MTc1ODc1Mzg3MSwiaWF0IjoxNzU4NjY3NDcxLCJqdGkiOiI3NzI2ZmZjNmM1NWQ0NjA5YTczMTUzMGVmMDAzYTk2MCIsInVzZXJfaWQiOjJ9.rCb5JDDr9zTfbBcwUuzdc_FPXvqnERGQp-4Y98eM2zw	2025-09-23 22:44:31.553225+00	2025-09-24 22:44:31+00	2	7726ffc6c55d4609a731530ef003a960
44	eyJhbGciOiJIUzI1NiIsInR5cCI6IkpXVCJ9.eyJ0b2tlbl90eXBlIjoicmVmcmVzaCIsImV4cCI6MTc1OTM3NTM5NiwiaWF0IjoxNzU5Mjg4OTk2LCJqdGkiOiJlMWZmMzM0ODA3Nzg0Y2IwOTlmMDk2NTdkZmY5N2E4MyIsInVzZXJfaWQiOjJ9.hGqNeoE8Ouu6BEEGuZJZSoC8BoG2puM92wsiDuw8piU	2025-10-01 03:23:16.73405+00	2025-10-02 03:23:16+00	2	e1ff334807784cb099f09657dff97a83
45	eyJhbGciOiJIUzI1NiIsInR5cCI6IkpXVCJ9.eyJ0b2tlbl90eXBlIjoicmVmcmVzaCIsImV4cCI6MTc1OTM3NTQwNywiaWF0IjoxNzU5Mjg5MDA3LCJqdGkiOiJlMzhjY2IxYWJlZmI0MTk4OTY4NzkxMzM0ZTExYWYyMyIsInVzZXJfaWQiOjF9.BO5lx-yK5eJmr9Ut8bH-MgvQCTNe6WyjlRWqrSkFWy0	2025-10-01 03:23:27.769739+00	2025-10-02 03:23:27+00	1	e38ccb1abefb4198968791334e11af23
46	eyJhbGciOiJIUzI1NiIsInR5cCI6IkpXVCJ9.eyJ0b2tlbl90eXBlIjoicmVmcmVzaCIsImV4cCI6MTc1OTM3NTQzOCwiaWF0IjoxNzU5Mjg5MDM4LCJqdGkiOiIzYWU5Nzg3Yzk5MWQ0MDU0OTc3ODAyMTViODI5YjYyOSIsInVzZXJfaWQiOjR9.Ofn7m7OYOxpoWggF1LJM_W3sKSNw8ts-ML-ru2xeEp8	2025-10-01 03:23:58.206457+00	2025-10-02 03:23:58+00	4	3ae9787c991d405497780215b829b629
47	eyJhbGciOiJIUzI1NiIsInR5cCI6IkpXVCJ9.eyJ0b2tlbl90eXBlIjoicmVmcmVzaCIsImV4cCI6MTc1OTUwMjI1MCwiaWF0IjoxNzU5NDE1ODUwLCJqdGkiOiJlMjgzYWU1YTQ1ZWY0ZGZkOWUzNzkyZTc3MGE1ZTBmMiIsInVzZXJfaWQiOjF9.g7L5u0ncOJ9qoDyBnhEccmugRCpwCwrvFmSu8nQrkXk	2025-10-02 14:37:30.324939+00	2025-10-03 14:37:30+00	1	e283ae5a45ef4dfd9e3792e770a5e0f2
48	eyJhbGciOiJIUzI1NiIsInR5cCI6IkpXVCJ9.eyJ0b2tlbl90eXBlIjoicmVmcmVzaCIsImV4cCI6MTc1OTUwMjI1NCwiaWF0IjoxNzU5NDE1ODU0LCJqdGkiOiIzMDM0NmRlMjlkMzg0ZjMyYWUxNGRkNTZlMTE2ZGJiMCIsInVzZXJfaWQiOjJ9.lumY9xBnNoeOkNcwWmVQ91x_VTJGkaqLhHG8h7BcBJU	2025-10-02 14:37:34.768917+00	2025-10-03 14:37:34+00	2	30346de29d384f32ae14dd56e116dbb0
49	eyJhbGciOiJIUzI1NiIsInR5cCI6IkpXVCJ9.eyJ0b2tlbl90eXBlIjoicmVmcmVzaCIsImV4cCI6MTc2MDA0OTczOCwiaWF0IjoxNzU5OTYzMzM4LCJqdGkiOiIwM2Y4YzUzMGZjNjk0YWY3OWFiYTQyMTQxNDkyNzU1ZCIsInVzZXJfaWQiOjJ9.alSK6lRhERkkOvOxHiHXhHsIT-UgGR8BCR88shrnzwQ	2025-10-08 22:42:18.056544+00	2025-10-09 22:42:18+00	2	03f8c530fc694af79aba42141492755d
50	eyJhbGciOiJIUzI1NiIsInR5cCI6IkpXVCJ9.eyJ0b2tlbl90eXBlIjoicmVmcmVzaCIsImV4cCI6MTc2MDIyMDgwOSwiaWF0IjoxNzYwMTM0NDA5LCJqdGkiOiI4OWYxNGViNDY3Nzc0ZDg2YTg4Yjc5NmViYmNjMGNmMCIsInVzZXJfaWQiOjJ9.8KfYSp3-oWPaPtn-6MGhG0fbbxeMo2Gwe5EsCdvcQh8	2025-10-10 22:13:29.626836+00	2025-10-11 22:13:29+00	2	89f14eb467774d86a88b796ebbcc0cf0
51	eyJhbGciOiJIUzI1NiIsInR5cCI6IkpXVCJ9.eyJ0b2tlbl90eXBlIjoicmVmcmVzaCIsImV4cCI6MTc2MDYyODg2NCwiaWF0IjoxNzYwNTQyNDY0LCJqdGkiOiI1NDVhYWNiMjE1NWY0Y2I0OGQ1NmM1NzE3Y2FkZjI1NiIsInVzZXJfaWQiOjJ9.2N7WslsEzSiGiG6tOU1aASsgfot3NrTWIgwmwLahHq8	2025-10-15 15:34:24.758742+00	2025-10-16 15:34:24+00	2	545aacb2155f4cb48d56c5717cadf256
52	eyJhbGciOiJIUzI1NiIsInR5cCI6IkpXVCJ9.eyJ0b2tlbl90eXBlIjoicmVmcmVzaCIsImV4cCI6MTc2MTA1NzQzNCwiaWF0IjoxNzYwOTcxMDM0LCJqdGkiOiI3MGRlNTcyNjRiYzA0OWZjOTczZDNjOWFiNDYwMDRhZSIsInVzZXJfaWQiOjJ9.82OQyZBFuWw4M2HVh3WgauSnbJgdlw6_rXrFaBqAack	2025-10-20 14:37:14.712775+00	2025-10-21 14:37:14+00	2	70de57264bc049fc973d3c9ab46004ae
53	eyJhbGciOiJIUzI1NiIsInR5cCI6IkpXVCJ9.eyJ0b2tlbl90eXBlIjoicmVmcmVzaCIsImV4cCI6MTc2MTc0Nzc0OSwiaWF0IjoxNzYxNjYxMzQ5LCJqdGkiOiIzZDE5M2QxMjE5MTQ0NjBkYmQ4MGU2OTM1NTFkYmQ0NiIsInVzZXJfaWQiOjJ9.dS0dtxHltkHuKcerugbL2OvGg-IRkz7iEXBpbHeLLTc	2025-10-28 14:22:29.524587+00	2025-10-29 14:22:29+00	2	3d193d121914460dbd80e693551dbd46
54	eyJhbGciOiJIUzI1NiIsInR5cCI6IkpXVCJ9.eyJ0b2tlbl90eXBlIjoicmVmcmVzaCIsImV4cCI6MTc2MTg1MTAxOSwiaWF0IjoxNzYxNzY0NjE5LCJqdGkiOiJhMDQwY2IyZWUzODk0MDc4OWYxZjYzNWQ2ZjMwOTgzNSIsInVzZXJfaWQiOjF9.SWb-MC8SvKeN_GQzl_I5-jJRYfdnEZu1c6qI8Iegt08	2025-10-29 19:03:39.352198+00	2025-10-30 19:03:39+00	1	a040cb2ee38940789f1f635d6f309835
55	eyJhbGciOiJIUzI1NiIsInR5cCI6IkpXVCJ9.eyJ0b2tlbl90eXBlIjoicmVmcmVzaCIsImV4cCI6MTc2MTg1MTAzMywiaWF0IjoxNzYxNzY0NjMzLCJqdGkiOiJhMDE1YTc2MWFlN2E0NTk3YjIwOTNiN2ViNmVjZjUwOCIsInVzZXJfaWQiOjJ9.NMuLpJgZ4ULsSXo_eSOCK85I4ZqVevKRDSQWmfRZLPk	2025-10-29 19:03:53.592436+00	2025-10-30 19:03:53+00	2	a015a761ae7a4597b2093b7eb6ecf508
56	eyJhbGciOiJIUzI1NiIsInR5cCI6IkpXVCJ9.eyJ0b2tlbl90eXBlIjoicmVmcmVzaCIsImV4cCI6MTc2MjE5NDY4NCwiaWF0IjoxNzYyMTA4Mjg0LCJqdGkiOiI5OTE5ZDM4OTgxZDU0MTA5YjljYzM3MjkwNzM4MTE4ZCIsInVzZXJfaWQiOjJ9.cp0XZvY8Bf4xJEkLHgX2UTCljd97x_ia2KjjKlAdFV4	2025-11-02 18:31:24.228011+00	2025-11-03 18:31:24+00	2	9919d38981d54109b9cc37290738118d
57	eyJhbGciOiJIUzI1NiIsInR5cCI6IkpXVCJ9.eyJ0b2tlbl90eXBlIjoicmVmcmVzaCIsImV4cCI6MTc2MjQ4Njc5NCwiaWF0IjoxNzYyNDAwMzk0LCJqdGkiOiIyYjdkMjhlZDc5NWY0MzZjYTFkMWFjYzMxZWI0M2NlZiIsInVzZXJfaWQiOjJ9.zo3oIdxckQ9JYN_ggKfJ-OZ7T-k3o6HPyCmXzhB-1dA	2025-11-06 03:39:54.184634+00	2025-11-07 03:39:54+00	2	2b7d28ed795f436ca1d1acc31eb43cef
58	eyJhbGciOiJIUzI1NiIsInR5cCI6IkpXVCJ9.eyJ0b2tlbl90eXBlIjoicmVmcmVzaCIsImV4cCI6MTc2MzE0Mzk4OCwiaWF0IjoxNzYzMDU3NTg4LCJqdGkiOiI4ZDgxNmNmYTc2MDQ0OWU4OTRhYjk4ODU2NmJkODgwMSIsInVzZXJfaWQiOjJ9.1HVqVlRmmt6gKpkF7BZP65ns3pWQNPIONnYkXZDycq0	2025-11-13 18:13:08.12792+00	2025-11-14 18:13:08+00	2	8d816cfa760449e894ab988566bd8801
59	eyJhbGciOiJIUzI1NiIsInR5cCI6IkpXVCJ9.eyJ0b2tlbl90eXBlIjoicmVmcmVzaCIsImV4cCI6MTc2MzMwODQwMSwiaWF0IjoxNzYzMjIyMDAxLCJqdGkiOiJlNmJmZjU2M2I2ZTA0NzljYTRiZTc1YTAzNjBlOTcwMSIsInVzZXJfaWQiOjJ9.bKMzNf3dYeWVLGddTeXQYbj8EX2JJz88b52YiTTyzVQ	2025-11-15 15:53:21.757423+00	2025-11-16 15:53:21+00	2	e6bff563b6e0479ca4be75a0360e9701
60	eyJhbGciOiJIUzI1NiIsInR5cCI6IkpXVCJ9.eyJ0b2tlbl90eXBlIjoicmVmcmVzaCIsImV4cCI6MTc2Mzk0OTM3MiwiaWF0IjoxNzYzODYyOTcyLCJqdGkiOiIwNjU4YWI0MmE3M2I0NTQwYjhhMzI4YzBkODE5YWE4OCIsInVzZXJfaWQiOjJ9.L1QCgBMCoZkubGIDMdlMhUtJ7i4ZG0QlfF8-FT0NKpI	2025-11-23 01:56:12.226104+00	2025-11-24 01:56:12+00	2	0658ab42a73b4540b8a328c0d819aa88
61	eyJhbGciOiJIUzI1NiIsInR5cCI6IkpXVCJ9.eyJ0b2tlbl90eXBlIjoicmVmcmVzaCIsImV4cCI6MTc2NDE4MzAxOCwiaWF0IjoxNzY0MDk2NjE4LCJqdGkiOiI4OWQ0YzFhYTEwMWM0MmYzYmQ4NWI2MjIyODQ0MmE3ZiIsInVzZXJfaWQiOjJ9.d5XQEehFRWi6qN_f60ngxPuW3RZN6v94Hp-cE6nB6ow	2025-11-25 18:50:18.882818+00	2025-11-26 18:50:18+00	2	89d4c1aa101c42f3bd85b62228442a7f
62	eyJhbGciOiJIUzI1NiIsInR5cCI6IkpXVCJ9.eyJ0b2tlbl90eXBlIjoicmVmcmVzaCIsImV4cCI6MTc2NDI4MDE4MywiaWF0IjoxNzY0MTkzNzgzLCJqdGkiOiJmOTZjNjgwMGYxMDU0Y2JjYmY0Njg1MTFiYWI2MDhiZCIsInVzZXJfaWQiOjh9.dA0X2s0KfSWGoCQv0ohg80Lcr_XcARevtrFMv1wjInw	2025-11-26 21:49:43.712126+00	2025-11-27 21:49:43+00	8	f96c6800f1054cbcbf468511bab608bd
63	eyJhbGciOiJIUzI1NiIsInR5cCI6IkpXVCJ9.eyJ0b2tlbl90eXBlIjoicmVmcmVzaCIsImV4cCI6MTc2NDM4NDMxOCwiaWF0IjoxNzY0Mjk3OTE4LCJqdGkiOiI0ODczMDQ0MWQwOGE0M2FkYWY1NWVkZmFhY2JiZjdmZCIsInVzZXJfaWQiOjV9.4Ak2DF3whUPs2cDAp07Y_yEbhLwUWRLWx_bSUuF15Vs	2025-11-28 02:45:18.843707+00	2025-11-29 02:45:18+00	5	48730441d08a43adaf55edfaacbbf7fd
64	eyJhbGciOiJIUzI1NiIsInR5cCI6IkpXVCJ9.eyJ0b2tlbl90eXBlIjoicmVmcmVzaCIsImV4cCI6MTc2NDk0NDI1OCwiaWF0IjoxNzY0ODU3ODU4LCJqdGkiOiJhZDNlNGU1Zjc2MDU0ZjRkYWQ3MDE5OGI0NDhhNWM4NyIsInVzZXJfaWQiOjJ9.VF0Uf56aXicagUeUaypvO__TODepxMFF6LXB8sUguPQ	2025-12-04 14:17:38.414517+00	2025-12-05 14:17:38+00	2	ad3e4e5f76054f4dad70198b448a5c87
65	eyJhbGciOiJIUzI1NiIsInR5cCI6IkpXVCJ9.eyJ0b2tlbl90eXBlIjoicmVmcmVzaCIsImV4cCI6MTc2NTAzNDk3NywiaWF0IjoxNzY0OTQ4NTc3LCJqdGkiOiJhYjZkYTFmYzg2Nzk0NjI4YjAyMzY1ZDZiZTQyMjc0NiIsInVzZXJfaWQiOjJ9.QR0Q17xpY6fzFljBmd5Epk1PcwWGq4MM0gmOf4ousM8	2025-12-05 15:29:37.484983+00	2025-12-06 15:29:37+00	2	ab6da1fc86794628b02365d6be422746
66	eyJhbGciOiJIUzI1NiIsInR5cCI6IkpXVCJ9.eyJ0b2tlbl90eXBlIjoicmVmcmVzaCIsImV4cCI6MTc2NTMwNzc3NCwiaWF0IjoxNzY1MjIxMzc0LCJqdGkiOiI5MGNlMjRjZjk2NTA0ODM1YWQ2ZGMwNjBjZDE3NDZmNyIsInVzZXJfaWQiOjJ9.QL-8S1y1qDiB9_1CF5urGkSg3D-bdmrawx7DNeqDfZs	2025-12-08 19:16:14.643683+00	2025-12-09 19:16:14+00	2	90ce24cf96504835ad6dc060cd1746f7
67	eyJhbGciOiJIUzI1NiIsInR5cCI6IkpXVCJ9.eyJ0b2tlbl90eXBlIjoicmVmcmVzaCIsImV4cCI6MTc2NTU4MTk1OCwiaWF0IjoxNzY1NDk1NTU4LCJqdGkiOiIyYzNlOGU4ZTNiY2Y0OTgzODYxOGFiNzU0ZDIzZmFmMCIsInVzZXJfaWQiOjJ9.QfQAxJ4Jf-qDh_dAjXi7mQl57yzIMOQY3vKZcTWE6HI	2025-12-11 23:25:58.46991+00	2025-12-12 23:25:58+00	2	2c3e8e8e3bcf49838618ab754d23faf0
68	eyJhbGciOiJIUzI1NiIsInR5cCI6IkpXVCJ9.eyJ0b2tlbl90eXBlIjoicmVmcmVzaCIsImV4cCI6MTc2NTY0NTUwNSwiaWF0IjoxNzY1NTU5MTA1LCJqdGkiOiJkN2E2YTRjMmY5NTU0MTYyOGEzZDAzMjdlNGEzZmVjNSIsInVzZXJfaWQiOjJ9.wZ8N2A0ScvXN-23Ryg9Zd49lQEKec99q7U2vDqr3G1k	2025-12-12 17:05:05.013964+00	2025-12-13 17:05:05+00	2	d7a6a4c2f95541628a3d0327e4a3fec5
69	eyJhbGciOiJIUzI1NiIsInR5cCI6IkpXVCJ9.eyJ0b2tlbl90eXBlIjoicmVmcmVzaCIsImV4cCI6MTc2NjMyNjczMywiaWF0IjoxNzY2MjQwMzMzLCJqdGkiOiJkODdkYTUzOWMzMzk0MDhiOTU0ZGUxMDU1YTI5MWJhYSIsInVzZXJfaWQiOjJ9.dz7tETL4zW9J9T-BLGeaBOn3EJqig5sJaw9ZO0nArmo	2025-12-20 14:18:53.404476+00	2025-12-21 14:18:53+00	2	d87da539c339408b954de1055a291baa
70	eyJhbGciOiJIUzI1NiIsInR5cCI6IkpXVCJ9.eyJ0b2tlbl90eXBlIjoicmVmcmVzaCIsImV4cCI6MTc2NjUzNjY1MywiaWF0IjoxNzY2NDUwMjUzLCJqdGkiOiI5Y2ZjZjBjOWQ4MTk0YzkwOTNmMDQxNGMwZjg5ZGExNyIsInVzZXJfaWQiOjV9.47MOBCGptefzvSvR3Ma6chhrACwo4fUf6jrSfOStf7o	2025-12-23 00:37:33.23857+00	2025-12-24 00:37:33+00	5	9cfcf0c9d8194c9093f0414c0f89da17
71	eyJhbGciOiJIUzI1NiIsInR5cCI6IkpXVCJ9.eyJ0b2tlbl90eXBlIjoicmVmcmVzaCIsImV4cCI6MTc2NjU0MDM0MiwiaWF0IjoxNzY2NDUzOTQyLCJqdGkiOiI2ZjgwYjdjODQ4OWE0YjAzYmE2NTM3NmIzYzQyNjQyYiIsInVzZXJfaWQiOjJ9.9LrSbiFcFDDq5Q2RqJ0XyZRkkJeo_l6MrtFISPx5__Y	2025-12-23 01:39:02.749596+00	2025-12-24 01:39:02+00	2	6f80b7c8489a4b03ba65376b3c42642b
72	eyJhbGciOiJIUzI1NiIsInR5cCI6IkpXVCJ9.eyJ0b2tlbl90eXBlIjoicmVmcmVzaCIsImV4cCI6MTc2NzIxNDg4MiwiaWF0IjoxNzY3MTI4NDgyLCJqdGkiOiI0OGE1YWRlNDk4ZTE0NDk0OGEyYTdlMWRiZmE1ZmQ3YSIsInVzZXJfaWQiOjJ9.CrIjw1Ecq4CdqQ1C1vQDlkLaU2LFciZZEJGlRAIclCk	2025-12-30 21:01:22.288234+00	2025-12-31 21:01:22+00	2	48a5ade498e144948a2a7e1dbfa5fd7a
73	eyJhbGciOiJIUzI1NiIsInR5cCI6IkpXVCJ9.eyJ0b2tlbl90eXBlIjoicmVmcmVzaCIsImV4cCI6MTc2Nzk5Njc5MiwiaWF0IjoxNzY3OTEwMzkyLCJqdGkiOiJiNTAyODYyNzViZjE0YzRiYTdhMjU1MGE3YWIzZTBmYSIsInVzZXJfaWQiOjJ9.92Lvz_uLNE6slkoQ98226oQQ-7504qasiZxM9P_015A	2026-01-08 22:13:12.031065+00	2026-01-09 22:13:12+00	2	b50286275bf14c4ba7a2550a7ab3e0fa
74	eyJhbGciOiJIUzI1NiIsInR5cCI6IkpXVCJ9.eyJ0b2tlbl90eXBlIjoicmVmcmVzaCIsImV4cCI6MTc2ODgzNDQ5NSwiaWF0IjoxNzY4NzQ4MDk1LCJqdGkiOiJjYWMxMzEzYWM2MmU0NjE5YmFiN2RkZjc3ZWVlMzIwMSIsInVzZXJfaWQiOjJ9.Hl2y5Zl8x7e4C7fnnv55lg8IpwhNk7wVrxlIBNEK8_Y	2026-01-18 14:54:55.336532+00	2026-01-19 14:54:55+00	2	cac1313ac62e4619bab7ddf77eee3201
75	eyJhbGciOiJIUzI1NiIsInR5cCI6IkpXVCJ9.eyJ0b2tlbl90eXBlIjoicmVmcmVzaCIsImV4cCI6MTc2OTYxNzE2NywiaWF0IjoxNzY5NTMwNzY3LCJqdGkiOiIyMzUwN2RlZGJlNzU0ZTgzYTkzMjExZjVmYzkzNTBkNyIsInVzZXJfaWQiOjJ9.09M16QS-mJc29DGdXMfH3YRJL9yTsHP8BC0jhULx7kI	2026-01-27 16:19:27.720335+00	2026-01-28 16:19:27+00	2	23507dedbe754e83a93211f5fc9350d7
76	eyJhbGciOiJIUzI1NiIsInR5cCI6IkpXVCJ9.eyJ0b2tlbl90eXBlIjoicmVmcmVzaCIsImV4cCI6MTc3MDMwNzQzNywiaWF0IjoxNzcwMjIxMDM3LCJqdGkiOiIxMjU3ODQxOGYxMTI0MTQ3OWY3MWE4NjgwZTNkZjg2MCIsInVzZXJfaWQiOjJ9.XlPynSdnb2OQzAP_6SpzKt8U8VKl6zbrMssZ04j1WKk	2026-02-04 16:03:57.373895+00	2026-02-05 16:03:57+00	2	12578418f11241479f71a8680e3df860
77	eyJhbGciOiJIUzI1NiIsInR5cCI6IkpXVCJ9.eyJ0b2tlbl90eXBlIjoicmVmcmVzaCIsImV4cCI6MTc3MTAyMTk2MywiaWF0IjoxNzcwOTM1NTYzLCJqdGkiOiIzNTA1OWYxNzM5YzI0NmI1YTJhMWRlMTEwNjkyZWM1NyIsInVzZXJfaWQiOjJ9.bYHSy7UMu5KDzW7qP8pDP1LxCadp5a6TYIFYglD5nXw	2026-02-12 22:32:43.010603+00	2026-02-13 22:32:43+00	2	35059f1739c246b5a2a1de110692ec57
78	eyJhbGciOiJIUzI1NiIsInR5cCI6IkpXVCJ9.eyJ0b2tlbl90eXBlIjoicmVmcmVzaCIsImV4cCI6MTc3MTc3OTYzMCwiaWF0IjoxNzcxNjkzMjMwLCJqdGkiOiJjODRhNjkyNWQ5YzI0MjExOWYwYmMyNDhiMjgyOWUyNCIsInVzZXJfaWQiOjJ9.hj6iQQ9iEnJnl3kCecMSKq5ahWrw4E-aclfDtYwa5Wo	2026-02-21 17:00:30.476397+00	2026-02-22 17:00:30+00	2	c84a6925d9c242119f0bc248b2829e24
79	eyJhbGciOiJIUzI1NiIsInR5cCI6IkpXVCJ9.eyJ0b2tlbl90eXBlIjoicmVmcmVzaCIsImV4cCI6MTc3MjU1MDA4MiwiaWF0IjoxNzcyNDYzNjgyLCJqdGkiOiIxZTc3NDVhNzA3NmQ0NGQ2ODYxZTQ5OThjOWQxNjFiOSIsInVzZXJfaWQiOjJ9.rcbwdpUuTWoJqcKkc3-2K-UsHi7Q0pCbsgu-QRe7o-s	2026-03-02 15:01:22.630563+00	2026-03-03 15:01:22+00	2	1e7745a7076d44d6861e4998c9d161b9
80	eyJhbGciOiJIUzI1NiIsInR5cCI6IkpXVCJ9.eyJ0b2tlbl90eXBlIjoicmVmcmVzaCIsImV4cCI6MTc3MzI0MTM3OCwiaWF0IjoxNzczMTU0OTc4LCJqdGkiOiJhYWEwMWJmMmQ1OTE0NTE4OWYxMTJlZTFhZWQ1NjE3NiIsInVzZXJfaWQiOjJ9.kc7TTF2xK_m1lDpsQKjC2u6jVxPAFgwEzg_55vMJjhs	2026-03-10 15:02:58.443439+00	2026-03-11 15:02:58+00	2	aaa01bf2d59145189f112ee1aed56176
81	eyJhbGciOiJIUzI1NiIsInR5cCI6IkpXVCJ9.eyJ0b2tlbl90eXBlIjoicmVmcmVzaCIsImV4cCI6MTc3Mzg4NjEwMywiaWF0IjoxNzczNzk5NzAzLCJqdGkiOiIyMTlkM2RiYjcxYTI0NWE2YWRjMzQzNjdlOGM1ZmE2OSIsInVzZXJfaWQiOjJ9.13h4js4MEDMla1zBKwnVUaxKsSrp37PIKtkUfGVj6Xc	2026-03-18 02:08:23.758401+00	2026-03-19 02:08:23+00	2	219d3dbb71a245a6adc34367e8c5fa69
82	eyJhbGciOiJIUzI1NiIsInR5cCI6IkpXVCJ9.eyJ0b2tlbl90eXBlIjoicmVmcmVzaCIsImV4cCI6MTc3NDA0NDQzMCwiaWF0IjoxNzczOTU4MDMwLCJqdGkiOiJmNWU3YzYyZGI1NmE0OTQ0OGQyNTlhNTkxNTE5ZTM5NCIsInVzZXJfaWQiOjJ9.--keFEvjaVIfj4f50MPVJo8KoexhXkFb4oDwiSPNuEQ	2026-03-19 22:07:10.682659+00	2026-03-20 22:07:10+00	2	f5e7c62db56a49448d259a591519e394
83	eyJhbGciOiJIUzI1NiIsInR5cCI6IkpXVCJ9.eyJ0b2tlbl90eXBlIjoicmVmcmVzaCIsImV4cCI6MTc3NDY0Njg0NywiaWF0IjoxNzc0NTYwNDQ3LCJqdGkiOiJkMTE3OWVhOGQ1N2Y0OTRkYmNmOGU0NWU5YmJiOGQ2ZiIsInVzZXJfaWQiOjF9.652J333nonY_QiXSWHnA-sqB1pYyHuP-JjdKGeFIaSc	2026-03-26 21:27:27.058414+00	2026-03-27 21:27:27+00	1	d1179ea8d57f494dbcf8e45e9bbb8d6f
84	eyJhbGciOiJIUzI1NiIsInR5cCI6IkpXVCJ9.eyJ0b2tlbl90eXBlIjoicmVmcmVzaCIsImV4cCI6MTc3NDY0Njg1NSwiaWF0IjoxNzc0NTYwNDU1LCJqdGkiOiI1ZjJiYzkzYzk3NTQ0YWY3YWVkZDdlMTgzYTI3OGZkYyIsInVzZXJfaWQiOjJ9.wbXpxRO0CltP-vsgTn4Xfh7nC12ATwvUVB7iqZk-dYg	2026-03-26 21:27:35.989331+00	2026-03-27 21:27:35+00	2	5f2bc93c97544af7aedd7e183a278fdc
85	eyJhbGciOiJIUzI1NiIsInR5cCI6IkpXVCJ9.eyJ0b2tlbl90eXBlIjoicmVmcmVzaCIsImV4cCI6MTc3NDcxNDAwMCwiaWF0IjoxNzc0NjI3NjAwLCJqdGkiOiI2Y2UxNWY3MzhjODU0M2ZkODliOWI1M2QwNmU1OGI4OCIsInVzZXJfaWQiOjl9.iOrrG7JCGXPKaPBec0Iz_S95MdHGMx_rPG8RPgTNouk	2026-03-27 16:06:40.021028+00	2026-03-28 16:06:40+00	9	6ce15f738c8543fd89b9b53d06e58b88
86	eyJhbGciOiJIUzI1NiIsInR5cCI6IkpXVCJ9.eyJ0b2tlbl90eXBlIjoicmVmcmVzaCIsImV4cCI6MTc3NDczMTM3OSwiaWF0IjoxNzc0NjQ0OTc5LCJqdGkiOiJmMmY5NTIwOGI5OTc0NjYwODExMDVmYTA1NTE4MGVmNCIsInVzZXJfaWQiOjJ9.ifS7OdczNL7oQW3Taj9dGbtqLJYokwLxDeiUOeze468	2026-03-27 20:56:19.244794+00	2026-03-28 20:56:19+00	2	f2f95208b997466081105fa055180ef4
87	eyJhbGciOiJIUzI1NiIsInR5cCI6IkpXVCJ9.eyJ0b2tlbl90eXBlIjoicmVmcmVzaCIsImV4cCI6MTc3NTM5OTA4NiwiaWF0IjoxNzc1MzEyNjg2LCJqdGkiOiIxOTdkODRhNjUwOTU0ZmMzYmFjNzNlNThhZTcwODMwZCIsInVzZXJfaWQiOjJ9.ujDL958XLYcw9EowRVxZV2PEZoKBevluJq7iEiAkVEc	2026-04-04 14:24:46.582039+00	2026-04-05 14:24:46+00	2	197d84a650954fc3bac73e58ae70830d
88	eyJhbGciOiJIUzI1NiIsInR5cCI6IkpXVCJ9.eyJ0b2tlbl90eXBlIjoicmVmcmVzaCIsImV4cCI6MTc3NjA0MTQwMywiaWF0IjoxNzc1OTU1MDAzLCJqdGkiOiIzYTUwZjk3ZDVkZWM0ZDEzYTUyNjU2YTgyN2ViMjIzMSIsInVzZXJfaWQiOjJ9.I6dWWyA9AGFkmDdNxxFIkUSIrfSUCeWb7Cwa1_ZA558	2026-04-12 00:50:03.167603+00	2026-04-13 00:50:03+00	2	3a50f97d5dec4d13a52656a827eb2231
89	eyJhbGciOiJIUzI1NiIsInR5cCI6IkpXVCJ9.eyJ0b2tlbl90eXBlIjoicmVmcmVzaCIsImV4cCI6MTc3NjA5MDM4OCwiaWF0IjoxNzc2MDAzOTg4LCJqdGkiOiJlN2RmNzJkZTIxMzQ0MDM3OTZmNzRmOTAzOTRhMDYyOCIsInVzZXJfaWQiOjJ9.6ALABIVNB42VfovMVapPMNsfiBmNDXxi0m7rxDlNKDo	2026-04-12 14:26:28.493991+00	2026-04-13 14:26:28+00	2	e7df72de2134403796f74f90394a0628
90	eyJhbGciOiJIUzI1NiIsInR5cCI6IkpXVCJ9.eyJ0b2tlbl90eXBlIjoicmVmcmVzaCIsImV4cCI6MTc3NjcyODU4NywiaWF0IjoxNzc2NjQyMTg3LCJqdGkiOiI3N2VjMGY0OTNlMjA0NzU5YWRiOWIxYWEzNmU2NTliNSIsInVzZXJfaWQiOjJ9.E_WwMePgw6XT73jZ3jxlnK4NIgMHyspTMdugQEJRCi8	2026-04-19 23:43:07.37654+00	2026-04-20 23:43:07+00	2	77ec0f493e204759adb9b1aa36e659b5
91	eyJhbGciOiJIUzI1NiIsInR5cCI6IkpXVCJ9.eyJ0b2tlbl90eXBlIjoicmVmcmVzaCIsImV4cCI6MTc3Njk1NjI4NSwiaWF0IjoxNzc2ODY5ODg1LCJqdGkiOiJkYjMxYjY0MDQ0ZDY0ZDVmYTJkZmMyMTBiZGU5NzcwNyIsInVzZXJfaWQiOjJ9.iF2p0rIvawxpAv5VcsTQGIQq7PaAZOOtoFQTDhHa7wA	2026-04-22 14:58:05.027269+00	2026-04-23 14:58:05+00	2	db31b64044d64d5fa2dfc210bde97707
92	eyJhbGciOiJIUzI1NiIsInR5cCI6IkpXVCJ9.eyJ0b2tlbl90eXBlIjoicmVmcmVzaCIsImV4cCI6MTc3NzU4MDY3NCwiaWF0IjoxNzc3NDk0Mjc0LCJqdGkiOiJkNjg0YjJkNzQ1NDg0OTM3ODUxZTlkYTkzNGE2MzNhZiIsInVzZXJfaWQiOjJ9.j_t1vQUIydClvQNIxITzslDoNbgKEITJMfWPO_dfL34	2026-04-29 20:24:34.880516+00	2026-04-30 20:24:34+00	2	d684b2d745484937851e9da934a633af
93	eyJhbGciOiJIUzI1NiIsInR5cCI6IkpXVCJ9.eyJ0b2tlbl90eXBlIjoicmVmcmVzaCIsImV4cCI6MTc3NzY1MzkyMSwiaWF0IjoxNzc3NTY3NTIxLCJqdGkiOiIzZGNiODkzNTcxYTk0ZTE5YjBiZDM1OTJkYjhjMTI2ZCIsInVzZXJfaWQiOjJ9.iQjwpIgPLLEY1mmIgOfJwPQRXI6d_4LJJXksKVBjEWM	2026-04-30 16:45:21.292247+00	2026-05-01 16:45:21+00	2	3dcb893571a94e19b0bd3592db8c126d
94	eyJhbGciOiJIUzI1NiIsInR5cCI6IkpXVCJ9.eyJ0b2tlbl90eXBlIjoicmVmcmVzaCIsImV4cCI6MTc3ODM0MTg1OCwiaWF0IjoxNzc4MjU1NDU4LCJqdGkiOiJkMWJhODhjZDk5NDA0MDU0OTg4MThhYWEwNTI2MDBjYyIsInVzZXJfaWQiOjJ9.8AS47VeoqnGolgk3C7CKTaHcF_HSEZ7Jz4baDk3HnM0	2026-05-08 15:50:58.320064+00	2026-05-09 15:50:58+00	2	d1ba88cd9940405498818aaa052600cc
95	eyJhbGciOiJIUzI1NiIsInR5cCI6IkpXVCJ9.eyJ0b2tlbl90eXBlIjoicmVmcmVzaCIsImV4cCI6MTc3ODM0MTkzMiwiaWF0IjoxNzc4MjU1NTMyLCJqdGkiOiIxMzk1NGM3MWJjYTY0NTczOTc1MzU4M2Q3YzEzYjAwZiIsInVzZXJfaWQiOjJ9.2yWIrdhhRJ2RgmRyYrVF4fICz_GrDZHcaM7ALO1S4TY	2026-05-08 15:52:12.665488+00	2026-05-09 15:52:12+00	2	13954c71bca645739753583d7c13b00f
96	eyJhbGciOiJIUzI1NiIsInR5cCI6IkpXVCJ9.eyJ0b2tlbl90eXBlIjoicmVmcmVzaCIsImV4cCI6MTc3ODcwMjM0MywiaWF0IjoxNzc4NjE1OTQzLCJqdGkiOiJhMjEwNjI3ZDc5YTA0YTY4ODdjMmFkMDEzZDIyYjJjZSIsInVzZXJfaWQiOjJ9.IKSSsZiy2FaRie_Mprri7GTq8LGb6drG-XRJGKEjB8s	2026-05-12 19:59:03.712495+00	2026-05-13 19:59:03+00	2	a210627d79a04a6887c2ad013d22b2ce
97	eyJhbGciOiJIUzI1NiIsInR5cCI6IkpXVCJ9.eyJ0b2tlbl90eXBlIjoicmVmcmVzaCIsImV4cCI6MTc3ODc3NTc0NCwiaWF0IjoxNzc4Njg5MzQ0LCJqdGkiOiJmYmRlZmE0YmYxMDc0ODFlOTY0ZjU1NTU5MWI4MDZlZCIsInVzZXJfaWQiOjJ9.B1Z9U7t02KlyXodVcovG9y-fB2Rw4_LnV7EC_Yw4EQE	2026-05-13 16:22:24.831773+00	2026-05-14 16:22:24+00	2	fbdefa4bf107481e964f555591b806ed
98	eyJhbGciOiJIUzI1NiIsInR5cCI6IkpXVCJ9.eyJ0b2tlbl90eXBlIjoicmVmcmVzaCIsImV4cCI6MTc3ODg2NTM5NSwiaWF0IjoxNzc4Nzc4OTk1LCJqdGkiOiI2ODc1NjQzZGJmNWI0YTI3ODA5NGQ2ZTQ2MzJhNzdhYSIsInVzZXJfaWQiOjJ9.34b356f-XoeSHfOPyhXhTXY8OUXzZ4M4HpzXjW-7r1Q	2026-05-14 17:16:35.798913+00	2026-05-15 17:16:35+00	2	6875643dbf5b4a278094d6e4632a77aa
99	eyJhbGciOiJIUzI1NiIsInR5cCI6IkpXVCJ9.eyJ0b2tlbl90eXBlIjoicmVmcmVzaCIsImV4cCI6MTc3ODk0NDE4MywiaWF0IjoxNzc4ODU3NzgzLCJqdGkiOiJiZjkyMGRlNmE4Mjc0MzAyYTVkZjc4ZWVmY2JiMmVkMyIsInVzZXJfaWQiOjJ9.mwu9pCdZx9bPUlddL9XVp2djCWxdZFrwAcLOqcLxfFA	2026-05-15 15:09:43.329109+00	2026-05-16 15:09:43+00	2	bf920de6a8274302a5df78eefcbb2ed3
100	eyJhbGciOiJIUzI1NiIsInR5cCI6IkpXVCJ9.eyJ0b2tlbl90eXBlIjoicmVmcmVzaCIsImV4cCI6MTc3OTU3MTg1MCwiaWF0IjoxNzc5NDg1NDUwLCJqdGkiOiIwNWRiMjVlZGM2NTE0Zjk5OGMyM2JlZGE5MGY5NWExOCIsInVzZXJfaWQiOjJ9.1hTZHhCBBY9qM4etqwa9Q-tUDBzmpnrCuvjZ38N_qEc	2026-05-22 21:30:50.168251+00	2026-05-23 21:30:50+00	2	05db25edc6514f998c23beda90f95a18
101	eyJhbGciOiJIUzI1NiIsInR5cCI6IkpXVCJ9.eyJ0b2tlbl90eXBlIjoicmVmcmVzaCIsImV4cCI6MTc3OTY2NjIxMiwiaWF0IjoxNzc5NTc5ODEyLCJqdGkiOiIwODFhYWY5MjZjZGM0NWUyOGIyOTA0YzYwMzI4OWFlMCIsInVzZXJfaWQiOjJ9.O1dRJvalJrncDrxJ0jeqWWgkxx7UBjwL2C72SkqNLJs	2026-05-23 23:43:32.307809+00	2026-05-24 23:43:32+00	2	081aaf926cdc45e28b2904c603289ae0
102	eyJhbGciOiJIUzI1NiIsInR5cCI6IkpXVCJ9.eyJ0b2tlbl90eXBlIjoicmVmcmVzaCIsImV4cCI6MTc3OTcyMjU2OCwiaWF0IjoxNzc5NjM2MTY4LCJqdGkiOiIzN2IyYjYxZTc1ODU0YTA0YjI1ZWU4ZDkxOGJkY2UyNCIsInVzZXJfaWQiOjJ9.iTIQ3yJwtUS_y3WbSw8jHheQ3-BKZzjAsqM7_L4-GHo	2026-05-24 15:22:48.11434+00	2026-05-25 15:22:48+00	2	37b2b61e75854a04b25ee8d918bdce24
103	eyJhbGciOiJIUzI1NiIsInR5cCI6IkpXVCJ9.eyJ0b2tlbl90eXBlIjoicmVmcmVzaCIsImV4cCI6MTc3OTk4MzI1MiwiaWF0IjoxNzc5ODk2ODUyLCJqdGkiOiJjYzc4Mjc2YzY2NDc0ZWU2YTNmMWI4NjUzMTMwMjdiMiIsInVzZXJfaWQiOjJ9.6OFPEvM-LeGugPANJdz5LI5G03PAgnuI4yR8STfVpP8	2026-05-27 15:47:32.790324+00	2026-05-28 15:47:32+00	2	cc78276c66474ee6a3f1b865313027b2
104	eyJhbGciOiJIUzI1NiIsInR5cCI6IkpXVCJ9.eyJ0b2tlbl90eXBlIjoicmVmcmVzaCIsImV4cCI6MTc4MDQzMjk1NCwiaWF0IjoxNzgwMzQ2NTU0LCJqdGkiOiJmYWM5Y2YyZjFjMTA0YjU0YWI4ZTEyZjc1OTJiMDZiMSIsInVzZXJfaWQiOjJ9.g9tISQhfR0A8NGnzIRlwhtWcAgmkkhBp_U3ttLCvfpY	2026-06-01 20:42:34.58025+00	2026-06-02 20:42:34+00	2	fac9cf2f1c104b54ab8e12f7592b06b1
105	eyJhbGciOiJIUzI1NiIsInR5cCI6IkpXVCJ9.eyJ0b2tlbl90eXBlIjoicmVmcmVzaCIsImV4cCI6MTc4MDQ0MjA0MiwiaWF0IjoxNzgwMzU1NjQyLCJqdGkiOiIwZjZiZTQ4MTNmZWY0MjlhYWNhZmYyZWRhZjNhZGRhOSIsInVzZXJfaWQiOjJ9.HbbucTs7Pi9UB0KNFmxhfJVwlnImSV_DfA9oovzmCdk	2026-06-01 23:14:02.032537+00	2026-06-02 23:14:02+00	2	0f6be4813fef429aacaff2edaf3adda9
106	eyJhbGciOiJIUzI1NiIsInR5cCI6IkpXVCJ9.eyJ0b2tlbl90eXBlIjoicmVmcmVzaCIsImV4cCI6MTc4MDc2MTgzOCwiaWF0IjoxNzgwNjc1NDM4LCJqdGkiOiI2ZTU3YTczYjdjZTU0Zjc5YjIxMWU5ZjVlNzg0NDdjNyIsInVzZXJfaWQiOjJ9.TZjOSRITBm3-BGHm4bf0M1539pjVKVZZIkaMRWXpXfg	2026-06-05 16:03:58.315455+00	2026-06-06 16:03:58+00	2	6e57a73b7ce54f79b211e9f5e78447c7
107	eyJhbGciOiJIUzI1NiIsInR5cCI6IkpXVCJ9.eyJ0b2tlbl90eXBlIjoicmVmcmVzaCIsImV4cCI6MTc4MDc5OTMzNiwiaWF0IjoxNzgwNzEyOTM2LCJqdGkiOiI3NmYzMDYwYjEwNDU0MGYzOTNiZjE5ZTMwNWRmNWQwNiIsInVzZXJfaWQiOjEwfQ.X5keeXQwXmcvocVkQWV-jw6yPw0qudcVlMhygrwVdaQ	2026-06-06 02:28:56.998255+00	2026-06-07 02:28:56+00	10	76f3060b104540f393bf19e305df5d06
108	eyJhbGciOiJIUzI1NiIsInR5cCI6IkpXVCJ9.eyJ0b2tlbl90eXBlIjoicmVmcmVzaCIsImV4cCI6MTc4MTEwOTE0OCwiaWF0IjoxNzgxMDIyNzQ4LCJqdGkiOiJhYzA2YzI2OTc4NDg0NzkzYjFhMjlhZDViNTk0OTdlMCIsInVzZXJfaWQiOjJ9.4B8IAvEEOtr_a0sAF3N9wT7Hdc3RSbfdetActjPMF04	2026-06-09 16:32:28.845841+00	2026-06-10 16:32:28+00	2	ac06c26978484793b1a29ad5b59497e0
109	eyJhbGciOiJIUzI1NiIsInR5cCI6IkpXVCJ9.eyJ0b2tlbl90eXBlIjoicmVmcmVzaCIsImV4cCI6MTc4MTIyODQ5NiwiaWF0IjoxNzgxMTQyMDk2LCJqdGkiOiI5NzA3NjY2Y2I0Njk0NTJlYmIwYjE0OTY4NWYzNmQ1MCIsInVzZXJfaWQiOjJ9.HQglpVeb_J0CFBBxGEHvG1J-8y4vp0WbGFJI5pdjeyM	2026-06-11 01:41:36.427521+00	2026-06-12 01:41:36+00	2	9707666cb469452ebb0b149685f36d50
110	eyJhbGciOiJIUzI1NiIsInR5cCI6IkpXVCJ9.eyJ0b2tlbl90eXBlIjoicmVmcmVzaCIsImV4cCI6MTc4MTI5MjE1OCwiaWF0IjoxNzgxMjA1NzU4LCJqdGkiOiI2MjRjODlhMWI4MTM0ODU1YTlmMmY1MDI1ODQ3MDM3ZiIsInVzZXJfaWQiOjJ9.DYIQfVRuJ0nd59b4u6B2GtvQduGic6E-KDx7__BanME	2026-06-11 19:22:38.94172+00	2026-06-12 19:22:38+00	2	624c89a1b8134855a9f2f5025847037f
111	eyJhbGciOiJIUzI1NiIsInR5cCI6IkpXVCJ9.eyJ0b2tlbl90eXBlIjoicmVmcmVzaCIsImV4cCI6MTc4MTM2MjE1NSwiaWF0IjoxNzgxMjc1NzU1LCJqdGkiOiI3ZjVlMDdkOTM4YmE0ZThlYjc5MzYwYmE1NmM0MjY3ZSIsInVzZXJfaWQiOjJ9.vlcNGrO_T68lG0HCYqr6KYFaWBjT6OWhnJnswoZn4es	2026-06-12 14:49:15.539073+00	2026-06-13 14:49:15+00	2	7f5e07d938ba4e8eb79360ba56c4267e
112	eyJhbGciOiJIUzI1NiIsInR5cCI6IkpXVCJ9.eyJ0b2tlbl90eXBlIjoicmVmcmVzaCIsImV4cCI6MTc4MTgxMTk1MywiaWF0IjoxNzgxNzI1NTUzLCJqdGkiOiI0ZWZmZjRlYzZkNDg0NWFiOWRhNWU3Nzg3MThkZWY0YyIsInVzZXJfaWQiOjJ9.5U83kBoQTyjnkzLAMwNWSA9912TjuuXqx4udrxCTkv8	2026-06-17 19:45:53.112342+00	2026-06-18 19:45:53+00	2	4efff4ec6d4845ab9da5e778718def4c
113	eyJhbGciOiJIUzI1NiIsInR5cCI6IkpXVCJ9.eyJ0b2tlbl90eXBlIjoicmVmcmVzaCIsImV4cCI6MTc4MTgyMzczNCwiaWF0IjoxNzgxNzM3MzM0LCJqdGkiOiJmNmY1N2YxMDIyZTU0MDAwYjg2OWI3MjZmZTE5ZWMyNCIsInVzZXJfaWQiOjJ9.NPZl-TmCtT0U3fFb-8oLAdA8PCM0s9xTWPwWoVngUus	2026-06-17 23:02:14.111436+00	2026-06-18 23:02:14+00	2	f6f57f1022e54000b869b726fe19ec24
114	eyJhbGciOiJIUzI1NiIsInR5cCI6IkpXVCJ9.eyJ0b2tlbl90eXBlIjoicmVmcmVzaCIsImV4cCI6MTc4MjA2OTc5MywiaWF0IjoxNzgxOTgzMzkzLCJqdGkiOiJkNDk1NDFkOWI3YWQ0YjNkOWQ5ZGE0NTlkMzI0ZThjMiIsInVzZXJfaWQiOjJ9.tIjPn5cD8X1he2DAWohXI9kOc7tf1tMWJPOCXL3cB3w	2026-06-20 19:23:13.961583+00	2026-06-21 19:23:13+00	2	d49541d9b7ad4b3d9d9da459d324e8c2
115	eyJhbGciOiJIUzI1NiIsInR5cCI6IkpXVCJ9.eyJ0b2tlbl90eXBlIjoicmVmcmVzaCIsImV4cCI6MTc4MjA4MzA0MSwiaWF0IjoxNzgxOTk2NjQxLCJqdGkiOiJiY2JhMmYwNWQxNzM0NmJlODE3Nzc4N2I2ZjNlYjg3MCIsInVzZXJfaWQiOjJ9.gFlQIFG8TzYhsD1neaRlitEjxM3aowO7RjEJnGL5HAM	2026-06-20 23:04:01.689121+00	2026-06-21 23:04:01+00	2	bcba2f05d17346be8177787b6f3eb870
116	eyJhbGciOiJIUzI1NiIsInR5cCI6IkpXVCJ9.eyJ0b2tlbl90eXBlIjoicmVmcmVzaCIsImV4cCI6MTc4MjUxNzM1MSwiaWF0IjoxNzgyNDMwOTUxLCJqdGkiOiI5ZTVhYjliNWI3MTk0NGJiODk0ZjgyMzlmMDVkZWQxMiIsInVzZXJfaWQiOjJ9.BELNUJoLg_T24RJBFcB9lC-pupmdXxaC3YRHOmRBaCk	2026-06-25 23:42:31.546886+00	2026-06-26 23:42:31+00	2	9e5ab9b5b71944bb894f8239f05ded12
\.


--
-- Name: accounts_customuser_groups_id_seq; Type: SEQUENCE SET; Schema: public; Owner: solid
--

SELECT pg_catalog.setval('public.accounts_customuser_groups_id_seq', 1, false);


--
-- Name: accounts_customuser_id_seq; Type: SEQUENCE SET; Schema: public; Owner: solid
--

SELECT pg_catalog.setval('public.accounts_customuser_id_seq', 10, true);


--
-- Name: accounts_customuser_user_permissions_id_seq; Type: SEQUENCE SET; Schema: public; Owner: solid
--

SELECT pg_catalog.setval('public.accounts_customuser_user_permissions_id_seq', 1, false);


--
-- Name: auth_group_id_seq; Type: SEQUENCE SET; Schema: public; Owner: solid
--

SELECT pg_catalog.setval('public.auth_group_id_seq', 1, false);


--
-- Name: auth_group_permissions_id_seq; Type: SEQUENCE SET; Schema: public; Owner: solid
--

SELECT pg_catalog.setval('public.auth_group_permissions_id_seq', 1, false);


--
-- Name: auth_permission_id_seq; Type: SEQUENCE SET; Schema: public; Owner: solid
--

SELECT pg_catalog.setval('public.auth_permission_id_seq', 120, true);


--
-- Name: carts_cart_id_seq; Type: SEQUENCE SET; Schema: public; Owner: solid
--

SELECT pg_catalog.setval('public.carts_cart_id_seq', 10, true);


--
-- Name: carts_cartitem_id_seq; Type: SEQUENCE SET; Schema: public; Owner: solid
--

SELECT pg_catalog.setval('public.carts_cartitem_id_seq', 676, true);


--
-- Name: carts_coupon_id_seq; Type: SEQUENCE SET; Schema: public; Owner: solid
--

SELECT pg_catalog.setval('public.carts_coupon_id_seq', 12, true);


--
-- Name: carts_quote_id_seq; Type: SEQUENCE SET; Schema: public; Owner: solid
--

SELECT pg_catalog.setval('public.carts_quote_id_seq', 439, true);


--
-- Name: carts_quoteitem_id_seq; Type: SEQUENCE SET; Schema: public; Owner: solid
--

SELECT pg_catalog.setval('public.carts_quoteitem_id_seq', 628, true);


--
-- Name: django_admin_log_id_seq; Type: SEQUENCE SET; Schema: public; Owner: solid
--

SELECT pg_catalog.setval('public.django_admin_log_id_seq', 2435, true);


--
-- Name: django_celery_results_chordcounter_id_seq; Type: SEQUENCE SET; Schema: public; Owner: solid
--

SELECT pg_catalog.setval('public.django_celery_results_chordcounter_id_seq', 1, false);


--
-- Name: django_celery_results_groupresult_id_seq; Type: SEQUENCE SET; Schema: public; Owner: solid
--

SELECT pg_catalog.setval('public.django_celery_results_groupresult_id_seq', 1, false);


--
-- Name: django_celery_results_taskresult_id_seq; Type: SEQUENCE SET; Schema: public; Owner: solid
--

SELECT pg_catalog.setval('public.django_celery_results_taskresult_id_seq', 1, false);


--
-- Name: django_content_type_id_seq; Type: SEQUENCE SET; Schema: public; Owner: solid
--

SELECT pg_catalog.setval('public.django_content_type_id_seq', 30, true);


--
-- Name: django_migrations_id_seq; Type: SEQUENCE SET; Schema: public; Owner: solid
--

SELECT pg_catalog.setval('public.django_migrations_id_seq', 71, true);


--
-- Name: inventory_stockentry_id_seq; Type: SEQUENCE SET; Schema: public; Owner: solid
--

SELECT pg_catalog.setval('public.inventory_stockentry_id_seq', 122, true);


--
-- Name: marketing_banner_id_seq; Type: SEQUENCE SET; Schema: public; Owner: solid
--

SELECT pg_catalog.setval('public.marketing_banner_id_seq', 4, true);


--
-- Name: products_brand_id_seq; Type: SEQUENCE SET; Schema: public; Owner: solid
--

SELECT pg_catalog.setval('public.products_brand_id_seq', 75, true);


--
-- Name: products_category_id_seq; Type: SEQUENCE SET; Schema: public; Owner: solid
--

SELECT pg_catalog.setval('public.products_category_id_seq', 13, true);


--
-- Name: products_product_id_seq; Type: SEQUENCE SET; Schema: public; Owner: solid
--

SELECT pg_catalog.setval('public.products_product_id_seq', 358, true);


--
-- Name: products_product_tags_id_seq; Type: SEQUENCE SET; Schema: public; Owner: solid
--

SELECT pg_catalog.setval('public.products_product_tags_id_seq', 548, true);


--
-- Name: products_productimage_id_seq; Type: SEQUENCE SET; Schema: public; Owner: solid
--

SELECT pg_catalog.setval('public.products_productimage_id_seq', 388, true);


--
-- Name: products_subcategory_id_seq; Type: SEQUENCE SET; Schema: public; Owner: solid
--

SELECT pg_catalog.setval('public.products_subcategory_id_seq', 31, true);


--
-- Name: products_supplier_id_seq; Type: SEQUENCE SET; Schema: public; Owner: solid
--

SELECT pg_catalog.setval('public.products_supplier_id_seq', 14, true);


--
-- Name: products_tag_id_seq; Type: SEQUENCE SET; Schema: public; Owner: solid
--

SELECT pg_catalog.setval('public.products_tag_id_seq', 31, true);


--
-- Name: sales_discount_id_seq; Type: SEQUENCE SET; Schema: public; Owner: solid
--

SELECT pg_catalog.setval('public.sales_discount_id_seq', 3, true);


--
-- Name: token_blacklist_blacklistedtoken_id_seq; Type: SEQUENCE SET; Schema: public; Owner: solid
--

SELECT pg_catalog.setval('public.token_blacklist_blacklistedtoken_id_seq', 10, true);


--
-- Name: token_blacklist_outstandingtoken_id_seq; Type: SEQUENCE SET; Schema: public; Owner: solid
--

SELECT pg_catalog.setval('public.token_blacklist_outstandingtoken_id_seq', 116, true);


--
-- Name: accounts_customuser accounts_customuser_email_key; Type: CONSTRAINT; Schema: public; Owner: solid
--

ALTER TABLE ONLY public.accounts_customuser
    ADD CONSTRAINT accounts_customuser_email_key UNIQUE (email);


--
-- Name: accounts_customuser_groups accounts_customuser_groups_customuser_id_group_id_c074bdcb_uniq; Type: CONSTRAINT; Schema: public; Owner: solid
--

ALTER TABLE ONLY public.accounts_customuser_groups
    ADD CONSTRAINT accounts_customuser_groups_customuser_id_group_id_c074bdcb_uniq UNIQUE (customuser_id, group_id);


--
-- Name: accounts_customuser_groups accounts_customuser_groups_pkey; Type: CONSTRAINT; Schema: public; Owner: solid
--

ALTER TABLE ONLY public.accounts_customuser_groups
    ADD CONSTRAINT accounts_customuser_groups_pkey PRIMARY KEY (id);


--
-- Name: accounts_customuser accounts_customuser_pkey; Type: CONSTRAINT; Schema: public; Owner: solid
--

ALTER TABLE ONLY public.accounts_customuser
    ADD CONSTRAINT accounts_customuser_pkey PRIMARY KEY (id);


--
-- Name: accounts_customuser_user_permissions accounts_customuser_user_customuser_id_permission_9632a709_uniq; Type: CONSTRAINT; Schema: public; Owner: solid
--

ALTER TABLE ONLY public.accounts_customuser_user_permissions
    ADD CONSTRAINT accounts_customuser_user_customuser_id_permission_9632a709_uniq UNIQUE (customuser_id, permission_id);


--
-- Name: accounts_customuser_user_permissions accounts_customuser_user_permissions_pkey; Type: CONSTRAINT; Schema: public; Owner: solid
--

ALTER TABLE ONLY public.accounts_customuser_user_permissions
    ADD CONSTRAINT accounts_customuser_user_permissions_pkey PRIMARY KEY (id);


--
-- Name: accounts_customuser accounts_customuser_username_key; Type: CONSTRAINT; Schema: public; Owner: solid
--

ALTER TABLE ONLY public.accounts_customuser
    ADD CONSTRAINT accounts_customuser_username_key UNIQUE (username);


--
-- Name: accounts_userprofile accounts_userprofile_user_id_92240672_pk; Type: CONSTRAINT; Schema: public; Owner: solid
--

ALTER TABLE ONLY public.accounts_userprofile
    ADD CONSTRAINT accounts_userprofile_user_id_92240672_pk PRIMARY KEY (user_id);


--
-- Name: auth_group auth_group_name_key; Type: CONSTRAINT; Schema: public; Owner: solid
--

ALTER TABLE ONLY public.auth_group
    ADD CONSTRAINT auth_group_name_key UNIQUE (name);


--
-- Name: auth_group_permissions auth_group_permissions_group_id_permission_id_0cd325b0_uniq; Type: CONSTRAINT; Schema: public; Owner: solid
--

ALTER TABLE ONLY public.auth_group_permissions
    ADD CONSTRAINT auth_group_permissions_group_id_permission_id_0cd325b0_uniq UNIQUE (group_id, permission_id);


--
-- Name: auth_group_permissions auth_group_permissions_pkey; Type: CONSTRAINT; Schema: public; Owner: solid
--

ALTER TABLE ONLY public.auth_group_permissions
    ADD CONSTRAINT auth_group_permissions_pkey PRIMARY KEY (id);


--
-- Name: auth_group auth_group_pkey; Type: CONSTRAINT; Schema: public; Owner: solid
--

ALTER TABLE ONLY public.auth_group
    ADD CONSTRAINT auth_group_pkey PRIMARY KEY (id);


--
-- Name: auth_permission auth_permission_content_type_id_codename_01ab375a_uniq; Type: CONSTRAINT; Schema: public; Owner: solid
--

ALTER TABLE ONLY public.auth_permission
    ADD CONSTRAINT auth_permission_content_type_id_codename_01ab375a_uniq UNIQUE (content_type_id, codename);


--
-- Name: auth_permission auth_permission_pkey; Type: CONSTRAINT; Schema: public; Owner: solid
--

ALTER TABLE ONLY public.auth_permission
    ADD CONSTRAINT auth_permission_pkey PRIMARY KEY (id);


--
-- Name: authtoken_token authtoken_token_pkey; Type: CONSTRAINT; Schema: public; Owner: solid
--

ALTER TABLE ONLY public.authtoken_token
    ADD CONSTRAINT authtoken_token_pkey PRIMARY KEY (key);


--
-- Name: authtoken_token authtoken_token_user_id_key; Type: CONSTRAINT; Schema: public; Owner: solid
--

ALTER TABLE ONLY public.authtoken_token
    ADD CONSTRAINT authtoken_token_user_id_key UNIQUE (user_id);


--
-- Name: carts_cart carts_cart_pkey; Type: CONSTRAINT; Schema: public; Owner: solid
--

ALTER TABLE ONLY public.carts_cart
    ADD CONSTRAINT carts_cart_pkey PRIMARY KEY (id);


--
-- Name: carts_cart carts_cart_user_id_key; Type: CONSTRAINT; Schema: public; Owner: solid
--

ALTER TABLE ONLY public.carts_cart
    ADD CONSTRAINT carts_cart_user_id_key UNIQUE (user_id);


--
-- Name: carts_cartitem carts_cartitem_pkey; Type: CONSTRAINT; Schema: public; Owner: solid
--

ALTER TABLE ONLY public.carts_cartitem
    ADD CONSTRAINT carts_cartitem_pkey PRIMARY KEY (id);


--
-- Name: carts_coupon carts_coupon_code_key; Type: CONSTRAINT; Schema: public; Owner: solid
--

ALTER TABLE ONLY public.carts_coupon
    ADD CONSTRAINT carts_coupon_code_key UNIQUE (code);


--
-- Name: carts_coupon carts_coupon_pkey; Type: CONSTRAINT; Schema: public; Owner: solid
--

ALTER TABLE ONLY public.carts_coupon
    ADD CONSTRAINT carts_coupon_pkey PRIMARY KEY (id);


--
-- Name: carts_quote carts_quote_pkey; Type: CONSTRAINT; Schema: public; Owner: solid
--

ALTER TABLE ONLY public.carts_quote
    ADD CONSTRAINT carts_quote_pkey PRIMARY KEY (id);


--
-- Name: carts_quoteitem carts_quoteitem_pkey; Type: CONSTRAINT; Schema: public; Owner: solid
--

ALTER TABLE ONLY public.carts_quoteitem
    ADD CONSTRAINT carts_quoteitem_pkey PRIMARY KEY (id);


--
-- Name: django_admin_log django_admin_log_pkey; Type: CONSTRAINT; Schema: public; Owner: solid
--

ALTER TABLE ONLY public.django_admin_log
    ADD CONSTRAINT django_admin_log_pkey PRIMARY KEY (id);


--
-- Name: django_celery_results_chordcounter django_celery_results_chordcounter_group_id_key; Type: CONSTRAINT; Schema: public; Owner: solid
--

ALTER TABLE ONLY public.django_celery_results_chordcounter
    ADD CONSTRAINT django_celery_results_chordcounter_group_id_key UNIQUE (group_id);


--
-- Name: django_celery_results_chordcounter django_celery_results_chordcounter_pkey; Type: CONSTRAINT; Schema: public; Owner: solid
--

ALTER TABLE ONLY public.django_celery_results_chordcounter
    ADD CONSTRAINT django_celery_results_chordcounter_pkey PRIMARY KEY (id);


--
-- Name: django_celery_results_groupresult django_celery_results_groupresult_group_id_key; Type: CONSTRAINT; Schema: public; Owner: solid
--

ALTER TABLE ONLY public.django_celery_results_groupresult
    ADD CONSTRAINT django_celery_results_groupresult_group_id_key UNIQUE (group_id);


--
-- Name: django_celery_results_groupresult django_celery_results_groupresult_pkey; Type: CONSTRAINT; Schema: public; Owner: solid
--

ALTER TABLE ONLY public.django_celery_results_groupresult
    ADD CONSTRAINT django_celery_results_groupresult_pkey PRIMARY KEY (id);


--
-- Name: django_celery_results_taskresult django_celery_results_taskresult_pkey; Type: CONSTRAINT; Schema: public; Owner: solid
--

ALTER TABLE ONLY public.django_celery_results_taskresult
    ADD CONSTRAINT django_celery_results_taskresult_pkey PRIMARY KEY (id);


--
-- Name: django_celery_results_taskresult django_celery_results_taskresult_task_id_key; Type: CONSTRAINT; Schema: public; Owner: solid
--

ALTER TABLE ONLY public.django_celery_results_taskresult
    ADD CONSTRAINT django_celery_results_taskresult_task_id_key UNIQUE (task_id);


--
-- Name: django_content_type django_content_type_app_label_model_76bd3d3b_uniq; Type: CONSTRAINT; Schema: public; Owner: solid
--

ALTER TABLE ONLY public.django_content_type
    ADD CONSTRAINT django_content_type_app_label_model_76bd3d3b_uniq UNIQUE (app_label, model);


--
-- Name: django_content_type django_content_type_pkey; Type: CONSTRAINT; Schema: public; Owner: solid
--

ALTER TABLE ONLY public.django_content_type
    ADD CONSTRAINT django_content_type_pkey PRIMARY KEY (id);


--
-- Name: django_migrations django_migrations_pkey; Type: CONSTRAINT; Schema: public; Owner: solid
--

ALTER TABLE ONLY public.django_migrations
    ADD CONSTRAINT django_migrations_pkey PRIMARY KEY (id);


--
-- Name: django_session django_session_pkey; Type: CONSTRAINT; Schema: public; Owner: solid
--

ALTER TABLE ONLY public.django_session
    ADD CONSTRAINT django_session_pkey PRIMARY KEY (session_key);


--
-- Name: inventory_stockentry inventory_stockentry_pkey; Type: CONSTRAINT; Schema: public; Owner: solid
--

ALTER TABLE ONLY public.inventory_stockentry
    ADD CONSTRAINT inventory_stockentry_pkey PRIMARY KEY (id);


--
-- Name: marketing_banner marketing_banner_pkey; Type: CONSTRAINT; Schema: public; Owner: solid
--

ALTER TABLE ONLY public.marketing_banner
    ADD CONSTRAINT marketing_banner_pkey PRIMARY KEY (id);


--
-- Name: products_brand products_brand_name_key; Type: CONSTRAINT; Schema: public; Owner: solid
--

ALTER TABLE ONLY public.products_brand
    ADD CONSTRAINT products_brand_name_key UNIQUE (name);


--
-- Name: products_brand products_brand_pkey; Type: CONSTRAINT; Schema: public; Owner: solid
--

ALTER TABLE ONLY public.products_brand
    ADD CONSTRAINT products_brand_pkey PRIMARY KEY (id);


--
-- Name: products_category products_category_pkey; Type: CONSTRAINT; Schema: public; Owner: solid
--

ALTER TABLE ONLY public.products_category
    ADD CONSTRAINT products_category_pkey PRIMARY KEY (id);


--
-- Name: products_product products_product_pkey; Type: CONSTRAINT; Schema: public; Owner: solid
--

ALTER TABLE ONLY public.products_product
    ADD CONSTRAINT products_product_pkey PRIMARY KEY (id);


--
-- Name: products_product_tags products_product_tags_pkey; Type: CONSTRAINT; Schema: public; Owner: solid
--

ALTER TABLE ONLY public.products_product_tags
    ADD CONSTRAINT products_product_tags_pkey PRIMARY KEY (id);


--
-- Name: products_product_tags products_product_tags_product_id_tag_id_a36d84e8_uniq; Type: CONSTRAINT; Schema: public; Owner: solid
--

ALTER TABLE ONLY public.products_product_tags
    ADD CONSTRAINT products_product_tags_product_id_tag_id_a36d84e8_uniq UNIQUE (product_id, tag_id);


--
-- Name: products_productimage products_productimage_pkey; Type: CONSTRAINT; Schema: public; Owner: solid
--

ALTER TABLE ONLY public.products_productimage
    ADD CONSTRAINT products_productimage_pkey PRIMARY KEY (id);


--
-- Name: products_subcategory products_subcategory_category_id_name_3054145c_uniq; Type: CONSTRAINT; Schema: public; Owner: solid
--

ALTER TABLE ONLY public.products_subcategory
    ADD CONSTRAINT products_subcategory_category_id_name_3054145c_uniq UNIQUE (category_id, name);


--
-- Name: products_subcategory products_subcategory_pkey; Type: CONSTRAINT; Schema: public; Owner: solid
--

ALTER TABLE ONLY public.products_subcategory
    ADD CONSTRAINT products_subcategory_pkey PRIMARY KEY (id);


--
-- Name: products_supplier products_supplier_name_key; Type: CONSTRAINT; Schema: public; Owner: solid
--

ALTER TABLE ONLY public.products_supplier
    ADD CONSTRAINT products_supplier_name_key UNIQUE (name);


--
-- Name: products_supplier products_supplier_pkey; Type: CONSTRAINT; Schema: public; Owner: solid
--

ALTER TABLE ONLY public.products_supplier
    ADD CONSTRAINT products_supplier_pkey PRIMARY KEY (id);


--
-- Name: products_tag products_tag_pkey; Type: CONSTRAINT; Schema: public; Owner: solid
--

ALTER TABLE ONLY public.products_tag
    ADD CONSTRAINT products_tag_pkey PRIMARY KEY (id);


--
-- Name: sales_discount sales_discount_pkey; Type: CONSTRAINT; Schema: public; Owner: solid
--

ALTER TABLE ONLY public.sales_discount
    ADD CONSTRAINT sales_discount_pkey PRIMARY KEY (id);


--
-- Name: token_blacklist_blacklistedtoken token_blacklist_blacklistedtoken_pkey; Type: CONSTRAINT; Schema: public; Owner: solid
--

ALTER TABLE ONLY public.token_blacklist_blacklistedtoken
    ADD CONSTRAINT token_blacklist_blacklistedtoken_pkey PRIMARY KEY (id);


--
-- Name: token_blacklist_blacklistedtoken token_blacklist_blacklistedtoken_token_id_key; Type: CONSTRAINT; Schema: public; Owner: solid
--

ALTER TABLE ONLY public.token_blacklist_blacklistedtoken
    ADD CONSTRAINT token_blacklist_blacklistedtoken_token_id_key UNIQUE (token_id);


--
-- Name: token_blacklist_outstandingtoken token_blacklist_outstandingtoken_jti_hex_d9bdf6f7_uniq; Type: CONSTRAINT; Schema: public; Owner: solid
--

ALTER TABLE ONLY public.token_blacklist_outstandingtoken
    ADD CONSTRAINT token_blacklist_outstandingtoken_jti_hex_d9bdf6f7_uniq UNIQUE (jti);


--
-- Name: token_blacklist_outstandingtoken token_blacklist_outstandingtoken_pkey; Type: CONSTRAINT; Schema: public; Owner: solid
--

ALTER TABLE ONLY public.token_blacklist_outstandingtoken
    ADD CONSTRAINT token_blacklist_outstandingtoken_pkey PRIMARY KEY (id);


--
-- Name: accounts_customuser_email_4fd8e7ce_like; Type: INDEX; Schema: public; Owner: solid
--

CREATE INDEX accounts_customuser_email_4fd8e7ce_like ON public.accounts_customuser USING btree (email varchar_pattern_ops);


--
-- Name: accounts_customuser_groups_customuser_id_bc55088e; Type: INDEX; Schema: public; Owner: solid
--

CREATE INDEX accounts_customuser_groups_customuser_id_bc55088e ON public.accounts_customuser_groups USING btree (customuser_id);


--
-- Name: accounts_customuser_groups_group_id_86ba5f9e; Type: INDEX; Schema: public; Owner: solid
--

CREATE INDEX accounts_customuser_groups_group_id_86ba5f9e ON public.accounts_customuser_groups USING btree (group_id);


--
-- Name: accounts_customuser_user_permissions_customuser_id_0deaefae; Type: INDEX; Schema: public; Owner: solid
--

CREATE INDEX accounts_customuser_user_permissions_customuser_id_0deaefae ON public.accounts_customuser_user_permissions USING btree (customuser_id);


--
-- Name: accounts_customuser_user_permissions_permission_id_aea3d0e5; Type: INDEX; Schema: public; Owner: solid
--

CREATE INDEX accounts_customuser_user_permissions_permission_id_aea3d0e5 ON public.accounts_customuser_user_permissions USING btree (permission_id);


--
-- Name: accounts_customuser_username_722f3555_like; Type: INDEX; Schema: public; Owner: solid
--

CREATE INDEX accounts_customuser_username_722f3555_like ON public.accounts_customuser USING btree (username varchar_pattern_ops);


--
-- Name: auth_group_name_a6ea08ec_like; Type: INDEX; Schema: public; Owner: solid
--

CREATE INDEX auth_group_name_a6ea08ec_like ON public.auth_group USING btree (name varchar_pattern_ops);


--
-- Name: auth_group_permissions_group_id_b120cbf9; Type: INDEX; Schema: public; Owner: solid
--

CREATE INDEX auth_group_permissions_group_id_b120cbf9 ON public.auth_group_permissions USING btree (group_id);


--
-- Name: auth_group_permissions_permission_id_84c5c92e; Type: INDEX; Schema: public; Owner: solid
--

CREATE INDEX auth_group_permissions_permission_id_84c5c92e ON public.auth_group_permissions USING btree (permission_id);


--
-- Name: auth_permission_content_type_id_2f476e4b; Type: INDEX; Schema: public; Owner: solid
--

CREATE INDEX auth_permission_content_type_id_2f476e4b ON public.auth_permission USING btree (content_type_id);


--
-- Name: authtoken_token_key_10f0b77e_like; Type: INDEX; Schema: public; Owner: solid
--

CREATE INDEX authtoken_token_key_10f0b77e_like ON public.authtoken_token USING btree (key varchar_pattern_ops);


--
-- Name: carts_cart_coupon_id_e78e80cf; Type: INDEX; Schema: public; Owner: solid
--

CREATE INDEX carts_cart_coupon_id_e78e80cf ON public.carts_cart USING btree (coupon_id);


--
-- Name: carts_cartitem_cart_id_9cb0a756; Type: INDEX; Schema: public; Owner: solid
--

CREATE INDEX carts_cartitem_cart_id_9cb0a756 ON public.carts_cartitem USING btree (cart_id);


--
-- Name: carts_cartitem_product_id_acd010e4; Type: INDEX; Schema: public; Owner: solid
--

CREATE INDEX carts_cartitem_product_id_acd010e4 ON public.carts_cartitem USING btree (product_id);


--
-- Name: carts_coupon_code_c6aee427_like; Type: INDEX; Schema: public; Owner: solid
--

CREATE INDEX carts_coupon_code_c6aee427_like ON public.carts_coupon USING btree (code varchar_pattern_ops);


--
-- Name: carts_quote_cart_id_0b76c5f3; Type: INDEX; Schema: public; Owner: solid
--

CREATE INDEX carts_quote_cart_id_0b76c5f3 ON public.carts_quote USING btree (cart_id);


--
-- Name: carts_quote_coupon_id_5bd5c67c; Type: INDEX; Schema: public; Owner: solid
--

CREATE INDEX carts_quote_coupon_id_5bd5c67c ON public.carts_quote USING btree (coupon_id);


--
-- Name: carts_quote_user_id_31462105; Type: INDEX; Schema: public; Owner: solid
--

CREATE INDEX carts_quote_user_id_31462105 ON public.carts_quote USING btree (user_id);


--
-- Name: carts_quoteitem_product_id_ed2cb0ed; Type: INDEX; Schema: public; Owner: solid
--

CREATE INDEX carts_quoteitem_product_id_ed2cb0ed ON public.carts_quoteitem USING btree (product_id);


--
-- Name: carts_quoteitem_quote_id_ac4d9642; Type: INDEX; Schema: public; Owner: solid
--

CREATE INDEX carts_quoteitem_quote_id_ac4d9642 ON public.carts_quoteitem USING btree (quote_id);


--
-- Name: django_admin_log_content_type_id_c4bce8eb; Type: INDEX; Schema: public; Owner: solid
--

CREATE INDEX django_admin_log_content_type_id_c4bce8eb ON public.django_admin_log USING btree (content_type_id);


--
-- Name: django_admin_log_user_id_c564eba6; Type: INDEX; Schema: public; Owner: solid
--

CREATE INDEX django_admin_log_user_id_c564eba6 ON public.django_admin_log USING btree (user_id);


--
-- Name: django_cele_date_cr_bd6c1d_idx; Type: INDEX; Schema: public; Owner: solid
--

CREATE INDEX django_cele_date_cr_bd6c1d_idx ON public.django_celery_results_groupresult USING btree (date_created);


--
-- Name: django_cele_date_cr_f04a50_idx; Type: INDEX; Schema: public; Owner: solid
--

CREATE INDEX django_cele_date_cr_f04a50_idx ON public.django_celery_results_taskresult USING btree (date_created);


--
-- Name: django_cele_date_do_caae0e_idx; Type: INDEX; Schema: public; Owner: solid
--

CREATE INDEX django_cele_date_do_caae0e_idx ON public.django_celery_results_groupresult USING btree (date_done);


--
-- Name: django_cele_date_do_f59aad_idx; Type: INDEX; Schema: public; Owner: solid
--

CREATE INDEX django_cele_date_do_f59aad_idx ON public.django_celery_results_taskresult USING btree (date_done);


--
-- Name: django_cele_periodi_1993cf_idx; Type: INDEX; Schema: public; Owner: solid
--

CREATE INDEX django_cele_periodi_1993cf_idx ON public.django_celery_results_taskresult USING btree (periodic_task_name);


--
-- Name: django_cele_status_9b6201_idx; Type: INDEX; Schema: public; Owner: solid
--

CREATE INDEX django_cele_status_9b6201_idx ON public.django_celery_results_taskresult USING btree (status);


--
-- Name: django_cele_task_na_08aec9_idx; Type: INDEX; Schema: public; Owner: solid
--

CREATE INDEX django_cele_task_na_08aec9_idx ON public.django_celery_results_taskresult USING btree (task_name);


--
-- Name: django_cele_worker_d54dd8_idx; Type: INDEX; Schema: public; Owner: solid
--

CREATE INDEX django_cele_worker_d54dd8_idx ON public.django_celery_results_taskresult USING btree (worker);


--
-- Name: django_celery_results_chordcounter_group_id_1f70858c_like; Type: INDEX; Schema: public; Owner: solid
--

CREATE INDEX django_celery_results_chordcounter_group_id_1f70858c_like ON public.django_celery_results_chordcounter USING btree (group_id varchar_pattern_ops);


--
-- Name: django_celery_results_groupresult_group_id_a085f1a9_like; Type: INDEX; Schema: public; Owner: solid
--

CREATE INDEX django_celery_results_groupresult_group_id_a085f1a9_like ON public.django_celery_results_groupresult USING btree (group_id varchar_pattern_ops);


--
-- Name: django_celery_results_taskresult_task_id_de0d95bf_like; Type: INDEX; Schema: public; Owner: solid
--

CREATE INDEX django_celery_results_taskresult_task_id_de0d95bf_like ON public.django_celery_results_taskresult USING btree (task_id varchar_pattern_ops);


--
-- Name: django_session_expire_date_a5c62663; Type: INDEX; Schema: public; Owner: solid
--

CREATE INDEX django_session_expire_date_a5c62663 ON public.django_session USING btree (expire_date);


--
-- Name: django_session_session_key_c0390e0f_like; Type: INDEX; Schema: public; Owner: solid
--

CREATE INDEX django_session_session_key_c0390e0f_like ON public.django_session USING btree (session_key varchar_pattern_ops);


--
-- Name: inventory_stockentry_product_id_a4fcbe92; Type: INDEX; Schema: public; Owner: solid
--

CREATE INDEX inventory_stockentry_product_id_a4fcbe92 ON public.inventory_stockentry USING btree (product_id);


--
-- Name: marketing_banner_is_active_1ebd3a76; Type: INDEX; Schema: public; Owner: solid
--

CREATE INDEX marketing_banner_is_active_1ebd3a76 ON public.marketing_banner USING btree (is_active);


--
-- Name: marketing_banner_placement_921e093d; Type: INDEX; Schema: public; Owner: solid
--

CREATE INDEX marketing_banner_placement_921e093d ON public.marketing_banner USING btree (placement);


--
-- Name: marketing_banner_placement_921e093d_like; Type: INDEX; Schema: public; Owner: solid
--

CREATE INDEX marketing_banner_placement_921e093d_like ON public.marketing_banner USING btree (placement varchar_pattern_ops);


--
-- Name: products_brand_name_8e67b7a6_like; Type: INDEX; Schema: public; Owner: solid
--

CREATE INDEX products_brand_name_8e67b7a6_like ON public.products_brand USING btree (name varchar_pattern_ops);


--
-- Name: products_category_is_active_adb3f10a; Type: INDEX; Schema: public; Owner: solid
--

CREATE INDEX products_category_is_active_adb3f10a ON public.products_category USING btree (is_active);


--
-- Name: products_product_brand_id_3e2e8fd1; Type: INDEX; Schema: public; Owner: solid
--

CREATE INDEX products_product_brand_id_3e2e8fd1 ON public.products_product USING btree (brand_id);


--
-- Name: products_product_category_id_9b594869; Type: INDEX; Schema: public; Owner: solid
--

CREATE INDEX products_product_category_id_9b594869 ON public.products_product USING btree (category_id);


--
-- Name: products_product_is_active_2e95eb0a; Type: INDEX; Schema: public; Owner: solid
--

CREATE INDEX products_product_is_active_2e95eb0a ON public.products_product USING btree (is_active);


--
-- Name: products_product_is_featured_feb91670; Type: INDEX; Schema: public; Owner: solid
--

CREATE INDEX products_product_is_featured_feb91670 ON public.products_product USING btree (is_featured);


--
-- Name: products_product_subcategory_id_b28a1e3b; Type: INDEX; Schema: public; Owner: solid
--

CREATE INDEX products_product_subcategory_id_b28a1e3b ON public.products_product USING btree (subcategory_id);


--
-- Name: products_product_supplier_id_b9ff64a9; Type: INDEX; Schema: public; Owner: solid
--

CREATE INDEX products_product_supplier_id_b9ff64a9 ON public.products_product USING btree (supplier_id);


--
-- Name: products_product_tags_product_id_f82cb4be; Type: INDEX; Schema: public; Owner: solid
--

CREATE INDEX products_product_tags_product_id_f82cb4be ON public.products_product_tags USING btree (product_id);


--
-- Name: products_product_tags_tag_id_f2d7d0b4; Type: INDEX; Schema: public; Owner: solid
--

CREATE INDEX products_product_tags_tag_id_f2d7d0b4 ON public.products_product_tags USING btree (tag_id);


--
-- Name: products_productimage_product_id_e747596a; Type: INDEX; Schema: public; Owner: solid
--

CREATE INDEX products_productimage_product_id_e747596a ON public.products_productimage USING btree (product_id);


--
-- Name: products_subcategory_category_id_44d297b7; Type: INDEX; Schema: public; Owner: solid
--

CREATE INDEX products_subcategory_category_id_44d297b7 ON public.products_subcategory USING btree (category_id);


--
-- Name: products_subcategory_is_active_b2fcf626; Type: INDEX; Schema: public; Owner: solid
--

CREATE INDEX products_subcategory_is_active_b2fcf626 ON public.products_subcategory USING btree (is_active);


--
-- Name: products_supplier_name_a101277b_like; Type: INDEX; Schema: public; Owner: solid
--

CREATE INDEX products_supplier_name_a101277b_like ON public.products_supplier USING btree (name varchar_pattern_ops);


--
-- Name: sales_discount_category_id_35748d7f; Type: INDEX; Schema: public; Owner: solid
--

CREATE INDEX sales_discount_category_id_35748d7f ON public.sales_discount USING btree (category_id);


--
-- Name: sales_discount_product_id_22674d69; Type: INDEX; Schema: public; Owner: solid
--

CREATE INDEX sales_discount_product_id_22674d69 ON public.sales_discount USING btree (product_id);


--
-- Name: sales_discount_subcategory_id_09b0613b; Type: INDEX; Schema: public; Owner: solid
--

CREATE INDEX sales_discount_subcategory_id_09b0613b ON public.sales_discount USING btree (subcategory_id);


--
-- Name: token_blacklist_outstandingtoken_jti_hex_d9bdf6f7_like; Type: INDEX; Schema: public; Owner: solid
--

CREATE INDEX token_blacklist_outstandingtoken_jti_hex_d9bdf6f7_like ON public.token_blacklist_outstandingtoken USING btree (jti varchar_pattern_ops);


--
-- Name: token_blacklist_outstandingtoken_user_id_83bc629a; Type: INDEX; Schema: public; Owner: solid
--

CREATE INDEX token_blacklist_outstandingtoken_user_id_83bc629a ON public.token_blacklist_outstandingtoken USING btree (user_id);


--
-- Name: accounts_customuser_user_permissions accounts_customuser__customuser_id_0deaefae_fk_accounts_; Type: FK CONSTRAINT; Schema: public; Owner: solid
--

ALTER TABLE ONLY public.accounts_customuser_user_permissions
    ADD CONSTRAINT accounts_customuser__customuser_id_0deaefae_fk_accounts_ FOREIGN KEY (customuser_id) REFERENCES public.accounts_customuser(id) DEFERRABLE INITIALLY DEFERRED;


--
-- Name: accounts_customuser_groups accounts_customuser__customuser_id_bc55088e_fk_accounts_; Type: FK CONSTRAINT; Schema: public; Owner: solid
--

ALTER TABLE ONLY public.accounts_customuser_groups
    ADD CONSTRAINT accounts_customuser__customuser_id_bc55088e_fk_accounts_ FOREIGN KEY (customuser_id) REFERENCES public.accounts_customuser(id) DEFERRABLE INITIALLY DEFERRED;


--
-- Name: accounts_customuser_user_permissions accounts_customuser__permission_id_aea3d0e5_fk_auth_perm; Type: FK CONSTRAINT; Schema: public; Owner: solid
--

ALTER TABLE ONLY public.accounts_customuser_user_permissions
    ADD CONSTRAINT accounts_customuser__permission_id_aea3d0e5_fk_auth_perm FOREIGN KEY (permission_id) REFERENCES public.auth_permission(id) DEFERRABLE INITIALLY DEFERRED;


--
-- Name: accounts_customuser_groups accounts_customuser_groups_group_id_86ba5f9e_fk_auth_group_id; Type: FK CONSTRAINT; Schema: public; Owner: solid
--

ALTER TABLE ONLY public.accounts_customuser_groups
    ADD CONSTRAINT accounts_customuser_groups_group_id_86ba5f9e_fk_auth_group_id FOREIGN KEY (group_id) REFERENCES public.auth_group(id) DEFERRABLE INITIALLY DEFERRED;


--
-- Name: accounts_userprofile accounts_userprofile_user_id_92240672_fk_accounts_customuser_id; Type: FK CONSTRAINT; Schema: public; Owner: solid
--

ALTER TABLE ONLY public.accounts_userprofile
    ADD CONSTRAINT accounts_userprofile_user_id_92240672_fk_accounts_customuser_id FOREIGN KEY (user_id) REFERENCES public.accounts_customuser(id) DEFERRABLE INITIALLY DEFERRED;


--
-- Name: auth_group_permissions auth_group_permissio_permission_id_84c5c92e_fk_auth_perm; Type: FK CONSTRAINT; Schema: public; Owner: solid
--

ALTER TABLE ONLY public.auth_group_permissions
    ADD CONSTRAINT auth_group_permissio_permission_id_84c5c92e_fk_auth_perm FOREIGN KEY (permission_id) REFERENCES public.auth_permission(id) DEFERRABLE INITIALLY DEFERRED;


--
-- Name: auth_group_permissions auth_group_permissions_group_id_b120cbf9_fk_auth_group_id; Type: FK CONSTRAINT; Schema: public; Owner: solid
--

ALTER TABLE ONLY public.auth_group_permissions
    ADD CONSTRAINT auth_group_permissions_group_id_b120cbf9_fk_auth_group_id FOREIGN KEY (group_id) REFERENCES public.auth_group(id) DEFERRABLE INITIALLY DEFERRED;


--
-- Name: auth_permission auth_permission_content_type_id_2f476e4b_fk_django_co; Type: FK CONSTRAINT; Schema: public; Owner: solid
--

ALTER TABLE ONLY public.auth_permission
    ADD CONSTRAINT auth_permission_content_type_id_2f476e4b_fk_django_co FOREIGN KEY (content_type_id) REFERENCES public.django_content_type(id) DEFERRABLE INITIALLY DEFERRED;


--
-- Name: authtoken_token authtoken_token_user_id_35299eff_fk_accounts_customuser_id; Type: FK CONSTRAINT; Schema: public; Owner: solid
--

ALTER TABLE ONLY public.authtoken_token
    ADD CONSTRAINT authtoken_token_user_id_35299eff_fk_accounts_customuser_id FOREIGN KEY (user_id) REFERENCES public.accounts_customuser(id) DEFERRABLE INITIALLY DEFERRED;


--
-- Name: carts_cart carts_cart_coupon_id_e78e80cf_fk_carts_coupon_id; Type: FK CONSTRAINT; Schema: public; Owner: solid
--

ALTER TABLE ONLY public.carts_cart
    ADD CONSTRAINT carts_cart_coupon_id_e78e80cf_fk_carts_coupon_id FOREIGN KEY (coupon_id) REFERENCES public.carts_coupon(id) DEFERRABLE INITIALLY DEFERRED;


--
-- Name: carts_cart carts_cart_user_id_bd0756c7_fk_accounts_customuser_id; Type: FK CONSTRAINT; Schema: public; Owner: solid
--

ALTER TABLE ONLY public.carts_cart
    ADD CONSTRAINT carts_cart_user_id_bd0756c7_fk_accounts_customuser_id FOREIGN KEY (user_id) REFERENCES public.accounts_customuser(id) DEFERRABLE INITIALLY DEFERRED;


--
-- Name: carts_cartitem carts_cartitem_cart_id_9cb0a756_fk_carts_cart_id; Type: FK CONSTRAINT; Schema: public; Owner: solid
--

ALTER TABLE ONLY public.carts_cartitem
    ADD CONSTRAINT carts_cartitem_cart_id_9cb0a756_fk_carts_cart_id FOREIGN KEY (cart_id) REFERENCES public.carts_cart(id) DEFERRABLE INITIALLY DEFERRED;


--
-- Name: carts_cartitem carts_cartitem_product_id_acd010e4_fk_products_product_id; Type: FK CONSTRAINT; Schema: public; Owner: solid
--

ALTER TABLE ONLY public.carts_cartitem
    ADD CONSTRAINT carts_cartitem_product_id_acd010e4_fk_products_product_id FOREIGN KEY (product_id) REFERENCES public.products_product(id) DEFERRABLE INITIALLY DEFERRED;


--
-- Name: carts_quote carts_quote_cart_id_0b76c5f3_fk_carts_cart_id; Type: FK CONSTRAINT; Schema: public; Owner: solid
--

ALTER TABLE ONLY public.carts_quote
    ADD CONSTRAINT carts_quote_cart_id_0b76c5f3_fk_carts_cart_id FOREIGN KEY (cart_id) REFERENCES public.carts_cart(id) DEFERRABLE INITIALLY DEFERRED;


--
-- Name: carts_quote carts_quote_coupon_id_5bd5c67c_fk_carts_coupon_id; Type: FK CONSTRAINT; Schema: public; Owner: solid
--

ALTER TABLE ONLY public.carts_quote
    ADD CONSTRAINT carts_quote_coupon_id_5bd5c67c_fk_carts_coupon_id FOREIGN KEY (coupon_id) REFERENCES public.carts_coupon(id) DEFERRABLE INITIALLY DEFERRED;


--
-- Name: carts_quote carts_quote_user_id_31462105_fk_accounts_customuser_id; Type: FK CONSTRAINT; Schema: public; Owner: solid
--

ALTER TABLE ONLY public.carts_quote
    ADD CONSTRAINT carts_quote_user_id_31462105_fk_accounts_customuser_id FOREIGN KEY (user_id) REFERENCES public.accounts_customuser(id) DEFERRABLE INITIALLY DEFERRED;


--
-- Name: carts_quoteitem carts_quoteitem_product_id_ed2cb0ed_fk_products_product_id; Type: FK CONSTRAINT; Schema: public; Owner: solid
--

ALTER TABLE ONLY public.carts_quoteitem
    ADD CONSTRAINT carts_quoteitem_product_id_ed2cb0ed_fk_products_product_id FOREIGN KEY (product_id) REFERENCES public.products_product(id) DEFERRABLE INITIALLY DEFERRED;


--
-- Name: carts_quoteitem carts_quoteitem_quote_id_ac4d9642_fk_carts_quote_id; Type: FK CONSTRAINT; Schema: public; Owner: solid
--

ALTER TABLE ONLY public.carts_quoteitem
    ADD CONSTRAINT carts_quoteitem_quote_id_ac4d9642_fk_carts_quote_id FOREIGN KEY (quote_id) REFERENCES public.carts_quote(id) DEFERRABLE INITIALLY DEFERRED;


--
-- Name: django_admin_log django_admin_log_content_type_id_c4bce8eb_fk_django_co; Type: FK CONSTRAINT; Schema: public; Owner: solid
--

ALTER TABLE ONLY public.django_admin_log
    ADD CONSTRAINT django_admin_log_content_type_id_c4bce8eb_fk_django_co FOREIGN KEY (content_type_id) REFERENCES public.django_content_type(id) DEFERRABLE INITIALLY DEFERRED;


--
-- Name: django_admin_log django_admin_log_user_id_c564eba6_fk_accounts_customuser_id; Type: FK CONSTRAINT; Schema: public; Owner: solid
--

ALTER TABLE ONLY public.django_admin_log
    ADD CONSTRAINT django_admin_log_user_id_c564eba6_fk_accounts_customuser_id FOREIGN KEY (user_id) REFERENCES public.accounts_customuser(id) DEFERRABLE INITIALLY DEFERRED;


--
-- Name: inventory_stockentry inventory_stockentry_product_id_a4fcbe92_fk_products_product_id; Type: FK CONSTRAINT; Schema: public; Owner: solid
--

ALTER TABLE ONLY public.inventory_stockentry
    ADD CONSTRAINT inventory_stockentry_product_id_a4fcbe92_fk_products_product_id FOREIGN KEY (product_id) REFERENCES public.products_product(id) DEFERRABLE INITIALLY DEFERRED;


--
-- Name: products_product products_product_brand_id_3e2e8fd1_fk_products_brand_id; Type: FK CONSTRAINT; Schema: public; Owner: solid
--

ALTER TABLE ONLY public.products_product
    ADD CONSTRAINT products_product_brand_id_3e2e8fd1_fk_products_brand_id FOREIGN KEY (brand_id) REFERENCES public.products_brand(id) DEFERRABLE INITIALLY DEFERRED;


--
-- Name: products_product products_product_category_id_9b594869_fk_products_category_id; Type: FK CONSTRAINT; Schema: public; Owner: solid
--

ALTER TABLE ONLY public.products_product
    ADD CONSTRAINT products_product_category_id_9b594869_fk_products_category_id FOREIGN KEY (category_id) REFERENCES public.products_category(id) DEFERRABLE INITIALLY DEFERRED;


--
-- Name: products_product products_product_subcategory_id_b28a1e3b_fk_products_; Type: FK CONSTRAINT; Schema: public; Owner: solid
--

ALTER TABLE ONLY public.products_product
    ADD CONSTRAINT products_product_subcategory_id_b28a1e3b_fk_products_ FOREIGN KEY (subcategory_id) REFERENCES public.products_subcategory(id) DEFERRABLE INITIALLY DEFERRED;


--
-- Name: products_product products_product_supplier_id_b9ff64a9_fk_products_supplier_id; Type: FK CONSTRAINT; Schema: public; Owner: solid
--

ALTER TABLE ONLY public.products_product
    ADD CONSTRAINT products_product_supplier_id_b9ff64a9_fk_products_supplier_id FOREIGN KEY (supplier_id) REFERENCES public.products_supplier(id) DEFERRABLE INITIALLY DEFERRED;


--
-- Name: products_product_tags products_product_tag_product_id_f82cb4be_fk_products_; Type: FK CONSTRAINT; Schema: public; Owner: solid
--

ALTER TABLE ONLY public.products_product_tags
    ADD CONSTRAINT products_product_tag_product_id_f82cb4be_fk_products_ FOREIGN KEY (product_id) REFERENCES public.products_product(id) DEFERRABLE INITIALLY DEFERRED;


--
-- Name: products_product_tags products_product_tags_tag_id_f2d7d0b4_fk_products_tag_id; Type: FK CONSTRAINT; Schema: public; Owner: solid
--

ALTER TABLE ONLY public.products_product_tags
    ADD CONSTRAINT products_product_tags_tag_id_f2d7d0b4_fk_products_tag_id FOREIGN KEY (tag_id) REFERENCES public.products_tag(id) DEFERRABLE INITIALLY DEFERRED;


--
-- Name: products_productimage products_productimag_product_id_e747596a_fk_products_; Type: FK CONSTRAINT; Schema: public; Owner: solid
--

ALTER TABLE ONLY public.products_productimage
    ADD CONSTRAINT products_productimag_product_id_e747596a_fk_products_ FOREIGN KEY (product_id) REFERENCES public.products_product(id) DEFERRABLE INITIALLY DEFERRED;


--
-- Name: products_subcategory products_subcategory_category_id_44d297b7_fk_products_; Type: FK CONSTRAINT; Schema: public; Owner: solid
--

ALTER TABLE ONLY public.products_subcategory
    ADD CONSTRAINT products_subcategory_category_id_44d297b7_fk_products_ FOREIGN KEY (category_id) REFERENCES public.products_category(id) DEFERRABLE INITIALLY DEFERRED;


--
-- Name: sales_discount sales_discount_category_id_35748d7f_fk_products_category_id; Type: FK CONSTRAINT; Schema: public; Owner: solid
--

ALTER TABLE ONLY public.sales_discount
    ADD CONSTRAINT sales_discount_category_id_35748d7f_fk_products_category_id FOREIGN KEY (category_id) REFERENCES public.products_category(id) DEFERRABLE INITIALLY DEFERRED;


--
-- Name: sales_discount sales_discount_product_id_22674d69_fk_products_product_id; Type: FK CONSTRAINT; Schema: public; Owner: solid
--

ALTER TABLE ONLY public.sales_discount
    ADD CONSTRAINT sales_discount_product_id_22674d69_fk_products_product_id FOREIGN KEY (product_id) REFERENCES public.products_product(id) DEFERRABLE INITIALLY DEFERRED;


--
-- Name: sales_discount sales_discount_subcategory_id_09b0613b_fk_products_; Type: FK CONSTRAINT; Schema: public; Owner: solid
--

ALTER TABLE ONLY public.sales_discount
    ADD CONSTRAINT sales_discount_subcategory_id_09b0613b_fk_products_ FOREIGN KEY (subcategory_id) REFERENCES public.products_subcategory(id) DEFERRABLE INITIALLY DEFERRED;


--
-- Name: token_blacklist_blacklistedtoken token_blacklist_blacklistedtoken_token_id_3cc7fe56_fk; Type: FK CONSTRAINT; Schema: public; Owner: solid
--

ALTER TABLE ONLY public.token_blacklist_blacklistedtoken
    ADD CONSTRAINT token_blacklist_blacklistedtoken_token_id_3cc7fe56_fk FOREIGN KEY (token_id) REFERENCES public.token_blacklist_outstandingtoken(id) DEFERRABLE INITIALLY DEFERRED;


--
-- Name: token_blacklist_outstandingtoken token_blacklist_outs_user_id_83bc629a_fk_accounts_; Type: FK CONSTRAINT; Schema: public; Owner: solid
--

ALTER TABLE ONLY public.token_blacklist_outstandingtoken
    ADD CONSTRAINT token_blacklist_outs_user_id_83bc629a_fk_accounts_ FOREIGN KEY (user_id) REFERENCES public.accounts_customuser(id) DEFERRABLE INITIALLY DEFERRED;


--
-- PostgreSQL database dump complete
--

